date,USD,GBP,JPY,CHF,AUD,CAD,SEK,NOK,NZD
1999-01-04,1.1789,0.7111,133.73,1.6168,1.91,1.8004,9.4696,8.855,2.2229
1999-01-05,1.179,0.7122,130.96,1.6123,1.8944,1.7965,9.4025,8.7745,2.2011
1999-01-06,1.1743,0.7076,131.42,1.6116,1.882,1.7711,9.305,8.7335,2.189
1999-01-07,1.1632,0.70585,129.43,1.6165,1.8474,1.7602,9.18,8.6295,2.1531
1999-01-08,1.1659,0.7094,130.09,1.6138,1.8406,1.7643,9.165,8.59,2.1557
1999-01-11,1.1569,0.7044,126.33,1.6104,1.8134,1.7463,9.0985,8.5585,2.1257
1999-01-12,1.152,0.7066,129.63,1.6072,1.809,1.7392,9.0955,8.61,2.121
1999-01-13,1.1744,0.7084,131.89,1.5931,1.862,1.8123,9.14,8.747,2.1744
1999-01-14,1.1653,0.7062,132.74,1.5934,1.8353,1.7707,9.135,8.7245,2.157
1999-01-15,1.1626,0.7039,131.74,1.5984,1.8388,1.7797,9.157,8.715,2.1582
1999-01-18,1.1612,0.7013,132.9,1.6004,1.8292,1.7717,9.093,8.6575,2.1671
1999-01-19,1.1616,0.7,132.14,1.6001,1.8295,1.7739,9.0045,8.63,2.1614
1999-01-20,1.1575,0.7014,131.59,1.6024,1.8064,1.7626,8.9645,8.6,2.1499
1999-01-21,1.1572,0.7023,130.34,1.603,1.8171,1.7529,8.943,8.605,2.1489
1999-01-22,1.1567,0.7005,131.88,1.5983,1.8225,1.7515,9.011,8.6225,2.1519
1999-01-25,1.1584,0.6989,132.09,1.5966,1.8317,1.762,8.94,8.6125,2.1659
1999-01-26,1.1582,0.6976,131.81,1.6022,1.8391,1.7609,8.921,8.6125,2.1669
1999-01-27,1.1529,0.6968,131.91,1.6082,1.8313,1.7526,8.882,8.5985,2.1594
1999-01-28,1.141,0.6928,132.25,1.6129,1.8262,1.7374,8.865,8.57,2.1365
1999-01-29,1.1384,0.691,132.1,1.6123,1.8087,1.726,8.88,8.5785,2.1107
1999-02-01,1.1338,0.6904,130.88,1.6089,1.7882,1.7123,8.86,8.5395,2.0861
1999-02-02,1.1337,0.6888,127.7,1.6002,1.7741,1.7079,8.8775,8.5845,2.076
1999-02-03,1.1337,0.6925,126.86,1.5975,1.7609,1.7151,8.915,8.625,2.0566
1999-02-04,1.1263,0.6894,127.65,1.6017,1.7541,1.6951,8.899,8.6425,2.0461
1999-02-05,1.1292,0.6885,127.95,1.6012,1.7294,1.6765,8.872,8.6725,2.0431
1999-02-08,1.1246,0.6888,127.82,1.6018,1.723,1.6725,8.857,8.62,2.0149
1999-02-09,1.1333,0.6911,129.91,1.5999,1.7548,1.6944,8.907,8.6505,2.0411
1999-02-10,1.1342,0.6954,130.73,1.5963,1.7569,1.6945,8.933,8.6425,2.0549
1999-02-11,1.1312,0.6975,129.35,1.5966,1.7427,1.685,8.919,8.6435,2.0481
1999-02-12,1.1244,0.6917,128.92,1.5992,1.7459,1.6752,8.9305,8.6075,2.055
1999-02-15,1.1238,0.6895,129.31,1.595,1.7353,1.6781,8.8815,8.593,2.0531
1999-02-16,1.1176,0.6854,131.82,1.5975,1.7467,1.6807,8.853,8.6205,2.0854
1999-02-17,1.1253,0.6873,133.48,1.5973,1.7751,1.688,8.907,8.6955,2.092
1999-02-18,1.1232,0.6871,134.4,1.5982,1.7687,1.676,8.9275,8.7385,2.0842
1999-02-19,1.1163,0.6838,133.97,1.5982,1.7502,1.6616,8.911,8.7075,2.0562
1999-02-22,1.0992,0.6789,133.61,1.5986,1.7237,1.6351,8.9075,8.6885,2.0397
1999-02-23,1.0969,0.6796,133.14,1.5954,1.7145,1.6423,8.9085,8.6745,2.039
1999-02-24,1.1037,0.6883,133.86,1.594,1.7465,1.6582,8.9115,8.654,2.0768
1999-02-25,1.1031,0.6888,132.87,1.5905,1.7566,1.6543,8.974,8.6965,2.0902
1999-02-26,1.1018,0.6873,131.33,1.589,1.7819,1.6684,9.0025,8.6965,2.1071
1999-03-01,1.0986,0.6829,131.13,1.593,1.7766,1.6579,9.0005,8.6475,2.0936
1999-03-02,1.0887,0.6764,131.37,1.5912,1.7492,1.6605,8.985,8.652,2.06
1999-03-03,1.0899,0.6723,132.18,1.5926,1.7454,1.6615,8.99,8.6475,2.0567
1999-03-04,1.0866,0.6759,133.92,1.5883,1.7494,1.6609,8.96,8.6155,2.067
1999-03-05,1.0834,0.6737,133.19,1.5912,1.7329,1.6489,8.9355,8.58,2.0498
1999-03-08,1.0908,0.6776,132.77,1.5933,1.7348,1.6527,8.948,8.5785,2.0413
1999-03-09,1.0863,0.6754,132.45,1.5931,1.7125,1.6447,8.938,8.5605,2.0354
1999-03-10,1.0953,0.6746,131.74,1.6014,1.7237,1.6607,8.8925,8.5435,2.0461
1999-03-11,1.0891,0.6694,131.0,1.5972,1.7144,1.6586,8.831,8.501,2.0368
1999-03-12,1.0932,0.6686,130.8,1.5975,1.7247,1.6658,8.8615,8.5285,2.0522
1999-03-15,1.0949,0.6739,128.85,1.601,1.7325,1.6712,8.8785,8.5275,2.0483
1999-03-16,1.0901,0.6703,128.65,1.5995,1.7365,1.6658,8.969,8.5515,2.0613
1999-03-17,1.0966,0.6744,130.18,1.5987,1.7502,1.6685,8.978,8.54,2.0842
1999-03-18,1.1012,0.676,129.78,1.5975,1.7458,1.6728,8.938,8.479,2.0721
1999-03-19,1.0915,0.6708,127.99,1.5986,1.7316,1.6543,8.937,8.4515,2.0521
1999-03-22,1.0864,0.6677,128.0,1.5966,1.7174,1.6426,8.9325,8.4445,2.0381
1999-03-23,1.0896,0.6706,128.94,1.5945,1.7044,1.6415,8.932,8.4435,2.0221
1999-03-24,1.0928,0.6653,128.6,1.5908,1.7094,1.647,8.9695,8.448,2.0301
1999-03-25,1.0898,0.6668,128.65,1.5944,1.7102,1.6471,9.007,8.4635,2.0329
1999-03-26,1.0815,0.665,128.93,1.5965,1.6998,1.6281,8.95,8.376,2.0138
1999-03-29,1.0692,0.6615,128.78,1.5943,1.6904,1.6185,8.955,8.3635,2.0073
1999-03-30,1.0711,0.6638,128.86,1.5956,1.7003,1.6223,8.9525,8.3585,2.0107
1999-03-31,1.0742,0.6663,127.81,1.5981,1.706,1.6211,8.887,8.3475,2.0243
1999-04-01,1.0772,0.669,128.72,1.5957,1.6928,1.6205,8.889,8.3425,2.0108
1999-04-02,1.0772,0.672,129.85,1.5973,1.6992,1.6162,8.8811,8.346,2.0204
1999-04-05,1.0752,0.6702,130.55,1.5968,1.6956,1.6096,8.8846,8.3505,2.0148
1999-04-06,1.0726,0.6759,129.99,1.595,1.7063,1.614,8.8705,8.3345,2.0263
1999-04-07,1.0812,0.6772,131.27,1.5952,1.7213,1.6246,8.929,8.3685,2.0341
1999-04-08,1.0818,0.6731,130.45,1.5958,1.7324,1.6215,8.964,8.4105,2.0382
1999-04-09,1.0778,0.6724,130.75,1.5968,1.7162,1.6202,8.944,8.412,2.0212
1999-04-12,1.0867,0.6723,130.27,1.603,1.7106,1.6281,9.02,8.4048,2.0041
1999-04-13,1.0765,0.6671,129.66,1.6032,1.692,1.6049,8.9575,8.3645,1.9875
1999-04-14,1.0787,0.6667,128.55,1.6052,1.6886,1.6103,8.938,8.341,1.9836
1999-04-15,1.0786,0.6682,128.01,1.6035,1.6981,1.6114,8.929,8.345,1.9963
1999-04-16,1.0668,0.6633,126.16,1.6027,1.6535,1.5851,8.8825,8.2875,1.9638
1999-04-19,1.0636,0.6586,125.67,1.6015,1.6325,1.5759,8.883,8.2685,1.9338
1999-04-20,1.0646,0.6589,125.48,1.604,1.6374,1.5825,8.899,8.2755,1.9332
1999-04-21,1.0586,0.6593,126.26,1.6,1.6349,1.5775,8.905,8.256,1.9358
1999-04-22,1.0581,0.6585,126.95,1.601,1.6366,1.573,8.909,8.2645,1.9392
1999-04-23,1.0634,0.6583,127.25,1.6023,1.6257,1.5725,8.8945,8.2765,1.9305
1999-04-26,1.0614,0.6569,126.22,1.6027,1.6349,1.5692,8.8945,8.2668,1.9358
1999-04-27,1.063,0.6587,127.34,1.6047,1.6429,1.5744,8.903,8.2765,1.9423
1999-04-28,1.0666,0.6583,127.05,1.6088,1.6324,1.5725,8.913,8.296,1.9368
1999-04-29,1.0604,0.6584,126.16,1.6072,1.6123,1.5607,8.911,8.2695,1.9063
1999-04-30,1.0597,0.6571,126.9,1.6113,1.6078,1.5519,8.9075,8.2515,1.8962
1999-05-03,1.0589,0.6571,126.93,1.6111,1.5987,1.5415,8.9185,8.2445,1.8916
1999-05-04,1.0564,0.6553,128.04,1.6098,1.5996,1.5343,8.9485,8.2385,1.8933
1999-05-05,1.0667,0.6552,128.78,1.6041,1.6194,1.5535,8.9845,8.2565,1.9171
1999-05-06,1.0799,0.6601,130.6,1.608,1.6107,1.563,9.005,8.2685,1.9144
1999-05-07,1.0786,0.661,130.13,1.6078,1.6122,1.5725,8.9575,8.2585,1.9233
1999-05-10,1.0735,0.6604,129.82,1.6075,1.6012,1.5662,8.9445,8.211,1.9183
1999-05-11,1.0732,0.6619,129.97,1.6082,1.597,1.5618,8.942,8.2215,1.9125
1999-05-12,1.0645,0.6577,128.88,1.6052,1.5961,1.5495,8.944,8.1982,1.9004
1999-05-13,1.0622,0.656,129.2,1.6013,1.5891,1.554,8.9634,8.219,1.8992
1999-05-14,1.0676,0.6601,130.78,1.602,1.6051,1.5561,8.949,8.1825,1.9103
1999-05-17,1.0685,0.6598,131.47,1.6023,1.6117,1.5683,8.9775,8.2007,1.9175
1999-05-18,1.069,0.6592,131.62,1.6023,1.5896,1.5585,9.003,8.2115,1.9032
1999-05-19,1.0634,0.6569,132.4,1.6017,1.6051,1.5598,9.028,8.2643,1.9268
1999-05-20,1.0639,0.6591,132.16,1.602,1.6083,1.5593,8.9965,8.26,1.9372
1999-05-21,1.0572,0.6583,131.25,1.6034,1.5906,1.5442,8.962,8.2255,1.9285
1999-05-24,1.0585,0.6617,130.86,1.6023,1.6103,1.5458,8.9754,8.2435,1.9454
1999-05-25,1.0627,0.6634,130.41,1.5964,1.6134,1.5481,8.9895,8.2565,1.9494
1999-05-26,1.0535,0.658,128.77,1.5949,1.6205,1.5446,8.987,8.238,1.9717
1999-05-27,1.0473,0.6551,128.05,1.5939,1.6057,1.5374,8.978,8.2505,1.9543
1999-05-28,1.0479,0.6546,126.7,1.5941,1.6046,1.5463,8.995,8.2445,1.9557
1999-05-31,1.0456,0.6524,127.18,1.5943,1.6074,1.5411,8.968,8.2375,1.9531
1999-06-01,1.0434,0.6505,126.35,1.5928,1.6187,1.5405,8.9675,8.2355,1.9661
1999-06-02,1.0382,0.6443,125.71,1.5912,1.6075,1.54,8.983,8.2415,1.9689
1999-06-03,1.0382,0.6458,125.8,1.5928,1.6082,1.5344,8.934,8.241,1.98
1999-06-04,1.0315,0.6412,125.45,1.5877,1.5837,1.5233,8.9115,8.2275,1.9444
1999-06-07,1.0316,0.6414,124.7,1.5858,1.5621,1.5148,8.8965,8.195,1.9209
1999-06-08,1.0385,0.6489,125.99,1.5909,1.5732,1.5242,8.9035,8.1925,1.9549
1999-06-09,1.0466,0.6523,124.48,1.5914,1.5777,1.5413,8.9285,8.212,1.9568
1999-06-10,1.0474,0.6538,124.5,1.5947,1.5834,1.5395,8.902,8.2,1.9572
1999-06-11,1.0474,0.6506,124.09,1.597,1.5796,1.5273,8.8785,8.1965,1.9419
1999-06-14,1.0437,0.6473,125.42,1.5952,1.5765,1.5234,8.853,8.1805,1.9457
1999-06-15,1.0392,0.6501,125.27,1.5941,1.5735,1.5207,8.863,8.189,1.9427
1999-06-16,1.0345,0.651,124.4,1.5944,1.5754,1.5138,8.81,8.1685,1.9501
1999-06-17,1.034,0.6481,123.97,1.5976,1.569,1.5046,8.7945,8.151,1.9309
1999-06-18,1.0388,0.6506,124.52,1.5969,1.5907,1.5215,8.7485,8.137,1.9515
1999-06-21,1.0339,0.6506,126.3,1.5967,1.5804,1.5119,8.7295,8.104,1.9515
1999-06-22,1.0313,0.6498,125.6,1.5952,1.5847,1.5176,8.6655,8.0895,1.9519
1999-06-23,1.028,0.6511,125.55,1.597,1.5689,1.5104,8.7165,8.106,1.9328
1999-06-24,1.0321,0.6533,126.05,1.5977,1.5672,1.5165,8.7315,8.11,1.9246
1999-06-25,1.0443,0.6578,126.8,1.5995,1.5746,1.5353,8.7572,8.153,1.9471
1999-06-28,1.0388,0.6564,125.96,1.5995,1.5781,1.5242,8.7545,8.1315,1.9428
1999-06-29,1.0364,0.6544,125.3,1.6012,1.5775,1.5258,8.7485,8.121,1.9503
1999-06-30,1.0328,0.6563,124.82,1.6034,1.5598,1.5262,8.747,8.1045,1.9404
1999-07-01,1.0264,0.6502,124.12,1.6043,1.5336,1.5035,8.7215,8.0855,1.9164
1999-07-02,1.0241,0.6498,123.93,1.606,1.5347,1.5066,8.7005,8.081,1.9242
1999-07-05,1.0232,0.6491,125.18,1.6055,1.537,1.4985,8.7015,8.07,1.9327
1999-07-06,1.0221,0.6514,124.87,1.604,1.5274,1.4984,8.7015,8.0645,1.9244
1999-07-07,1.0222,0.6563,124.77,1.6034,1.5417,1.5018,8.695,8.0865,1.9496
1999-07-08,1.0182,0.6544,124.72,1.6029,1.5342,1.4967,8.6905,8.095,1.9465
1999-07-09,1.0204,0.6577,124.66,1.6065,1.5289,1.5003,8.7075,8.1145,1.9327
1999-07-12,1.0124,0.6527,123.82,1.6072,1.5296,1.4967,8.717,8.1075,1.9306
1999-07-13,1.0183,0.6538,123.83,1.6031,1.5391,1.5097,8.7315,8.1155,1.946
1999-07-14,1.0168,0.6523,122.97,1.6043,1.541,1.5116,8.75,8.142,1.946
1999-07-15,1.0201,0.6513,123.04,1.6055,1.5435,1.5109,8.7775,8.1685,1.9514
1999-07-16,1.0202,0.6509,123.15,1.6059,1.5459,1.5136,8.737,8.127,1.947
1999-07-19,1.0146,0.6511,121.6,1.6067,1.5438,1.5123,8.7135,8.0985,1.94
1999-07-20,1.041,0.6618,123.09,1.6038,1.5963,1.5507,8.7175,8.15,1.9891
1999-07-21,1.0462,0.6653,124.2,1.6059,1.6235,1.5656,8.764,8.263,2.0023
1999-07-22,1.0499,0.6642,124.06,1.6068,1.6199,1.5776,8.7795,8.271,1.9818
1999-07-23,1.0496,0.6634,121.96,1.6053,1.6175,1.582,8.775,8.239,1.978
1999-07-26,1.0698,0.6731,123.8,1.6066,1.6483,1.6203,8.82,8.341,2.0244
1999-07-27,1.0627,0.668,124.27,1.6,1.648,1.6038,8.8055,8.3275,2.0292
1999-07-28,1.0603,0.6683,123.15,1.5986,1.6465,1.6042,8.814,8.3475,2.0279
1999-07-29,1.068,0.6665,123.18,1.5979,1.6455,1.6114,8.788,8.3537,2.0242
1999-07-30,1.0694,0.6598,123.19,1.5976,1.6405,1.6099,8.7735,8.3345,2.0168
1999-08-02,1.0665,0.6591,121.88,1.5963,1.6441,1.6093,8.7575,8.278,2.0252
1999-08-03,1.0645,0.6588,122.69,1.5994,1.6293,1.5944,8.749,8.25,2.0145
1999-08-04,1.0761,0.6627,123.39,1.6002,1.633,1.6114,8.7555,8.303,2.005
1999-08-05,1.0791,0.667,123.37,1.5986,1.6449,1.6102,8.777,8.3095,2.025
1999-08-06,1.074,0.665,123.13,1.6019,1.6459,1.6108,8.796,8.3125,2.0304
1999-08-09,1.0705,0.6665,123.37,1.5993,1.6449,1.6056,8.782,8.2635,2.0303
1999-08-10,1.0737,0.6655,123.25,1.6003,1.6476,1.6129,8.811,8.2745,2.0294
1999-08-11,1.0668,0.6623,122.92,1.6023,1.6453,1.5926,8.797,8.2385,2.0185
1999-08-12,1.0638,0.6614,123.25,1.6023,1.639,1.5816,8.7735,8.2265,2.0093
1999-08-13,1.0667,0.6619,122.41,1.6015,1.6383,1.5826,8.7925,8.2595,2.012
1999-08-16,1.0553,0.6585,121.28,1.602,1.6184,1.5607,8.7675,8.2205,1.9881
1999-08-17,1.0527,0.6584,120.34,1.6012,1.6242,1.5575,8.737,8.199,2.0044
1999-08-18,1.0517,0.6556,118.9,1.6016,1.6351,1.5604,8.742,8.2075,1.9977
1999-08-19,1.0517,0.6556,117.02,1.5997,1.655,1.5649,8.7485,8.2045,1.9828
1999-08-20,1.0667,0.659,119.16,1.5975,1.6763,1.5971,8.777,8.247,2.0096
1999-08-23,1.0606,0.658,118.03,1.5973,1.6639,1.5873,8.761,8.2515,1.9934
1999-08-24,1.0512,0.6576,117.42,1.6009,1.6463,1.5735,8.7215,8.2375,1.9951
1999-08-25,1.0433,0.6572,115.7,1.601,1.6512,1.5576,8.683,8.2435,2.0246
1999-08-26,1.0452,0.6574,116.38,1.602,1.6539,1.5698,8.713,8.3245,2.0299
1999-08-27,1.045,0.6588,116.68,1.6014,1.6488,1.5619,8.693,8.2945,2.0341
1999-08-30,1.0454,0.6582,116.1,1.6019,1.6501,1.5547,8.7155,8.2995,2.0358
1999-08-31,1.0573,0.6585,115.53,1.5997,1.6564,1.5753,8.691,8.2795,2.0439
1999-09-01,1.0613,0.6593,116.0,1.6004,1.6649,1.5852,8.701,8.2775,2.0636
1999-09-02,1.0662,0.6631,116.16,1.5991,1.6558,1.5878,8.699,8.321,2.0484
1999-09-03,1.0682,0.6634,117.32,1.5969,1.6556,1.5988,8.7165,8.3395,2.0612
1999-09-06,1.0594,0.6607,116.3,1.5978,1.6446,1.5788,8.656,8.285,2.0498
1999-09-07,1.0565,0.6576,117.44,1.5989,1.6392,1.5729,8.63,8.2725,2.0137
1999-09-08,1.0613,0.6536,117.49,1.5993,1.635,1.5813,8.617,8.2245,2.0104
1999-09-09,1.0592,0.6513,115.36,1.6002,1.6282,1.5731,8.6125,8.222,2.0066
1999-09-10,1.052,0.6463,115.0,1.6025,1.6144,1.5578,8.6075,8.224,1.9745
1999-09-13,1.0342,0.6407,109.85,1.6056,1.5771,1.524,8.5815,8.1715,1.938
1999-09-14,1.0362,0.6468,110.25,1.6046,1.5826,1.5235,8.596,8.181,1.9538
1999-09-15,1.0369,0.6462,107.94,1.6032,1.5985,1.5325,8.6245,8.229,1.9808
1999-09-16,1.0372,0.6416,108.08,1.6032,1.6028,1.5324,8.638,8.2155,1.979
1999-09-17,1.0397,0.6423,110.66,1.6047,1.6013,1.528,8.622,8.2135,1.9757
1999-09-20,1.0406,0.641,112.08,1.6049,1.6168,1.5363,8.5785,8.183,1.9929
1999-09-21,1.0388,0.6383,108.72,1.6048,1.6083,1.5326,8.577,8.1795,1.9783
1999-09-22,1.0509,0.6423,109.48,1.6024,1.6131,1.5449,8.628,8.222,1.9975
1999-09-23,1.043,0.639,108.45,1.6039,1.6124,1.534,8.5935,8.181,1.9966
1999-09-24,1.0476,0.6374,109.4,1.6002,1.6101,1.5431,8.6215,8.1915,2.0253
1999-09-27,1.0414,0.6327,109.67,1.6019,1.5917,1.5297,8.6155,8.1945,2.0106
1999-09-28,1.0483,0.6362,111.31,1.6023,1.6074,1.5335,8.627,8.173,2.0427
1999-09-29,1.0563,0.643,112.85,1.6003,1.6093,1.5444,8.6755,8.211,2.0483
1999-09-30,1.0665,0.6475,112.67,1.5967,1.6395,1.5652,8.7235,8.281,2.0649
1999-10-01,1.0728,0.6499,113.25,1.5985,1.6307,1.57,8.7425,8.247,2.0688
1999-10-04,1.0719,0.6469,113.6,1.5915,1.6259,1.5809,8.757,8.238,2.0572
1999-10-05,1.0686,0.6456,113.98,1.5932,1.6053,1.5678,8.6855,8.2325,2.0405
1999-10-06,1.0737,0.6488,115.58,1.5907,1.6249,1.5774,8.718,8.265,2.0569
1999-10-07,1.0729,0.649,115.48,1.5924,1.6238,1.5759,8.727,8.2745,2.0535
1999-10-08,1.0657,0.6451,114.55,1.5956,1.6212,1.5656,8.696,8.3175,2.0669
1999-10-11,1.0631,0.6424,113.42,1.5949,1.6256,1.5656,8.671,8.2905,2.0625
1999-10-12,1.0668,0.6459,113.45,1.5945,1.6281,1.573,8.687,8.3005,2.0623
1999-10-13,1.0778,0.6518,116.24,1.5907,1.6395,1.5916,8.7225,8.319,2.0819
1999-10-14,1.0758,0.6499,114.95,1.5908,1.6528,1.5946,8.745,8.307,2.1154
1999-10-15,1.0869,0.6519,115.15,1.5872,1.6769,1.6094,8.779,8.3425,2.1277
1999-10-18,1.0868,0.6509,114.23,1.5882,1.6877,1.618,8.8645,8.368,2.139
1999-10-19,1.0818,0.6474,114.3,1.5891,1.6726,1.6155,8.83,8.3565,2.1247
1999-10-20,1.0777,0.646,114.44,1.5912,1.6623,1.6032,8.7945,8.3145,2.0947
1999-10-21,1.0797,0.6446,114.52,1.5922,1.6631,1.6072,8.805,8.329,2.0952
1999-10-22,1.0758,0.6426,113.65,1.5972,1.6522,1.5907,8.7405,8.283,2.0902
1999-10-25,1.0683,0.6433,112.66,1.598,1.6419,1.5809,8.6925,8.2725,2.0772
1999-10-26,1.0633,0.6413,111.33,1.5989,1.6281,1.5626,8.6815,8.2645,2.0581
1999-10-27,1.0552,0.6392,109.75,1.5995,1.6327,1.554,8.638,8.2395,2.0725
1999-10-28,1.0534,0.6415,109.79,1.6023,1.6373,1.5508,8.635,8.25,2.0714
1999-10-29,1.0453,0.6393,109.59,1.603,1.6361,1.5419,8.66,8.246,2.0589
1999-11-01,1.0572,0.6413,110.23,1.6042,1.6554,1.5526,8.6795,8.2545,2.0775
1999-11-02,1.0507,0.6382,110.12,1.6051,1.6393,1.5395,8.6705,8.2635,2.0628
1999-11-03,1.0491,0.6361,109.17,1.6077,1.6284,1.541,8.6625,8.256,2.0464
1999-11-04,1.0504,0.6389,110.0,1.6115,1.6499,1.5378,8.7215,8.259,2.0572
1999-11-05,1.0408,0.6397,109.79,1.6137,1.6359,1.5176,8.6725,8.2355,2.0306
1999-11-08,1.0405,0.6412,110.36,1.61,1.6262,1.526,8.6705,8.228,2.0372
1999-11-09,1.0424,0.6415,109.37,1.6087,1.6372,1.532,8.6595,8.2015,2.0467
1999-11-10,1.0402,0.6416,109.33,1.6079,1.6249,1.5289,8.6575,8.1825,2.031
1999-11-11,1.0406,0.6414,109.3,1.6085,1.6205,1.5275,8.6475,8.1925,2.0279
1999-11-12,1.0308,0.638,108.22,1.6078,1.6021,1.5082,8.635,8.1905,2.0004
1999-11-15,1.0301,0.6371,107.99,1.6057,1.5989,1.5076,8.6165,8.1665,1.9769
1999-11-16,1.0336,0.6369,109.42,1.6047,1.6076,1.515,8.643,8.1925,1.9927
1999-11-17,1.0408,0.64,109.58,1.6015,1.62,1.5238,8.669,8.2105,2.0161
1999-11-18,1.038,0.6397,109.63,1.602,1.623,1.522,8.625,8.1855,2.0242
1999-11-19,1.0279,0.6353,109.1,1.6032,1.608,1.5053,8.602,8.1795,2.0216
1999-11-22,1.0311,0.6361,108.35,1.6029,1.6152,1.5089,8.613,8.1735,2.0205
1999-11-23,1.0315,0.6348,107.98,1.6009,1.6194,1.511,8.5975,8.17,2.0125
1999-11-24,1.0215,0.6331,106.62,1.5997,1.6147,1.4981,8.593,8.1675,2.0012
1999-11-25,1.0194,0.6312,106.25,1.5999,1.6082,1.4971,8.587,8.143,1.9872
1999-11-26,1.0101,0.6301,104.86,1.6012,1.5855,1.4809,8.567,8.1055,1.978
1999-11-29,1.0077,0.6297,102.82,1.6029,1.5808,1.4837,8.58,8.1125,1.9664
1999-11-30,1.0097,0.6325,103.0,1.6021,1.5918,1.4868,8.556,8.1245,1.9759
1999-12-01,1.0091,0.6304,103.35,1.6007,1.5839,1.4882,8.606,8.1365,1.9744
1999-12-02,1.0057,0.6292,103.03,1.5999,1.5843,1.4877,8.6185,8.132,1.9698
1999-12-03,1.0015,0.6255,102.57,1.5967,1.5872,1.4823,8.608,8.105,1.9865
1999-12-06,1.0182,0.631,104.62,1.5969,1.6069,1.5078,8.6055,8.131,2.0162
1999-12-07,1.0239,0.6302,105.05,1.5999,1.6077,1.5087,8.6175,8.1135,2.0152
1999-12-08,1.0236,0.6294,105.32,1.6014,1.6061,1.5134,8.573,8.115,2.0122
1999-12-09,1.0175,0.6261,104.4,1.5991,1.5901,1.5046,8.57,8.1065,2.0026
1999-12-10,1.0141,0.6247,103.81,1.5984,1.5972,1.4968,8.5775,8.1065,2.0376
1999-12-13,1.0128,0.6238,103.95,1.602,1.5924,1.4966,8.571,8.095,2.0552
1999-12-14,1.0038,0.6215,104.06,1.6017,1.5795,1.4866,8.587,8.091,2.0234
1999-12-15,1.0021,0.6241,103.7,1.6001,1.5779,1.4867,8.6085,8.105,2.031
1999-12-16,1.0146,0.6286,104.47,1.6016,1.5864,1.504,8.6125,8.1155,2.0207
1999-12-17,1.0128,0.6287,104.68,1.6028,1.5723,1.4963,8.596,8.0905,1.9949
1999-12-20,1.0096,0.628,103.84,1.6004,1.5713,1.4944,8.588,8.069,1.9968
1999-12-21,1.0084,0.6276,103.07,1.5994,1.5685,1.4932,8.599,8.081,1.9565
1999-12-22,1.0074,0.6253,102.48,1.599,1.5612,1.4877,8.568,8.0435,1.9527
1999-12-23,1.0089,0.6265,102.52,1.6011,1.5676,1.489,8.55,8.0605,1.9573
1999-12-24,1.0142,0.6267,104.29,1.6043,1.5781,1.4919,8.5754,8.11,1.9676
1999-12-27,1.0134,0.6267,103.75,1.6046,1.5749,1.4868,8.57,8.107,1.9641
1999-12-28,1.0089,0.6249,103.13,1.6057,1.5667,1.4678,8.575,8.088,1.9573
1999-12-29,1.0072,0.6226,103.02,1.6059,1.5532,1.4613,8.564,8.071,1.9321
1999-12-30,1.0046,0.6217,102.73,1.6051,1.5422,1.4608,8.5625,8.0765,1.9357
2000-01-03,1.009,0.6246,102.75,1.6043,1.5346,1.4577,8.552,8.062,1.9331
2000-01-04,1.0305,0.6296,105.88,1.6053,1.5677,1.4936,8.6215,8.15,1.9745
2000-01-05,1.0368,0.6324,107.34,1.606,1.5773,1.5065,8.6415,8.206,1.9956
2000-01-06,1.0388,0.6302,108.72,1.6068,1.5828,1.5091,8.6445,8.203,2.0064
2000-01-07,1.0284,0.6262,108.09,1.6079,1.5738,1.501,8.645,8.1945,1.9942
2000-01-10,1.0229,0.6249,107.26,1.6089,1.5587,1.4873,8.657,8.19,1.9783
2000-01-11,1.0256,0.6251,108.85,1.6093,1.5664,1.4963,8.662,8.2075,1.9866
2000-01-12,1.0308,0.6253,109.1,1.6098,1.5653,1.5017,8.6725,8.216,1.9882
2000-01-13,1.0276,0.6255,108.89,1.6111,1.545,1.4897,8.6475,8.1795,1.9645
2000-01-14,1.0225,0.6221,108.05,1.613,1.5332,1.4819,8.623,8.1365,1.9595
2000-01-17,1.0094,0.618,105.81,1.6136,1.5212,1.4651,8.564,8.0965,1.947
2000-01-18,1.0093,0.6174,106.42,1.6131,1.5222,1.4626,8.5705,8.1065,1.9545
2000-01-19,1.0105,0.6172,106.99,1.612,1.5222,1.4647,8.5835,8.0755,1.9563
2000-01-20,1.0089,0.6127,106.44,1.6147,1.5182,1.4625,8.591,8.0865,1.957
2000-01-21,1.0097,0.6113,105.53,1.6102,1.5215,1.4607,8.5865,8.077,1.9623
2000-01-24,1.0027,0.6062,105.54,1.6136,1.5295,1.446,8.559,8.0455,1.9775
2000-01-25,1.0008,0.6083,105.69,1.6121,1.5275,1.4444,8.5125,8.0415,1.9612
2000-01-26,1.0019,0.6094,106.04,1.6116,1.5282,1.4405,8.5395,8.069,1.9708
2000-01-27,0.9976,0.6089,105.43,1.6113,1.5289,1.4331,8.5355,8.0815,1.9599
2000-01-28,0.9848,0.6051,103.74,1.6121,1.5178,1.4178,8.524,8.044,1.992
2000-01-31,0.9791,0.6047,104.62,1.6091,1.543,1.4195,8.6,8.0825,1.9848
2000-02-01,0.971,0.602,104.62,1.6078,1.5277,1.4121,8.586,8.073,1.97
2000-02-02,0.9717,0.6051,105.51,1.6101,1.5273,1.4098,8.518,8.0175,1.9879
2000-02-03,0.9748,0.6086,105.78,1.6083,1.5382,1.4045,8.4845,8.0475,1.9798
2000-02-04,0.9835,0.6195,105.99,1.6077,1.557,1.4182,8.4715,8.083,1.9988
2000-02-07,0.9767,0.6134,106.02,1.6065,1.5261,1.4045,8.463,8.059,1.9741
2000-02-08,0.9903,0.6182,107.91,1.6074,1.5634,1.4354,8.475,8.072,2.0073
2000-02-09,0.9934,0.6169,108.16,1.6092,1.562,1.4334,8.4955,8.0825,2.0044
2000-02-10,0.9868,0.6126,107.11,1.606,1.5587,1.4317,8.48,8.0695,2.001
2000-02-11,0.9801,0.6136,107.42,1.6056,1.5526,1.4173,8.4425,8.0395,1.9905
2000-02-14,0.9867,0.6201,106.85,1.6066,1.5636,1.4308,8.485,8.0795,2.0151
2000-02-15,0.9778,0.6159,106.46,1.6061,1.5597,1.4259,8.494,8.0685,2.0111
2000-02-16,0.9804,0.6129,106.97,1.6036,1.5531,1.4279,8.547,8.1125,1.9994
2000-02-17,0.9919,0.6158,109.3,1.6042,1.5646,1.4409,8.577,8.1565,2.0152
2000-02-18,0.9857,0.6144,109.27,1.6032,1.5627,1.4288,8.5375,8.1455,2.002
2000-02-21,0.9857,0.6161,109.73,1.6031,1.5717,1.4317,8.572,8.17,2.0135
2000-02-22,1.0022,0.6226,111.11,1.6072,1.5976,1.4586,8.5855,8.1915,2.0409
2000-02-23,1.0068,0.6252,111.88,1.6105,1.6225,1.4754,8.5935,8.1955,2.0767
2000-02-24,0.9898,0.6188,109.55,1.6101,1.6067,1.4479,8.557,8.1475,2.0368
2000-02-25,0.9813,0.6155,108.79,1.6083,1.5834,1.4265,8.5255,8.1275,2.0076
2000-02-28,0.9639,0.6072,105.22,1.6064,1.571,1.3969,8.417,8.0625,1.9889
2000-02-29,0.9714,0.6134,106.81,1.6067,1.5795,1.4097,8.432,8.0805,1.9986
2000-03-01,0.9667,0.6123,104.65,1.6066,1.597,1.3968,8.425,8.0825,1.9975
2000-03-02,0.9725,0.614,104.38,1.6075,1.5952,1.4123,8.4415,8.07,1.9853
2000-03-03,0.9659,0.6117,104.17,1.6063,1.5913,1.4051,8.47,8.084,1.9787
2000-03-06,0.964,0.6111,103.47,1.6072,1.596,1.3976,8.4425,8.0765,1.9797
2000-03-07,0.9593,0.6096,103.0,1.6083,1.5879,1.3939,8.4345,8.084,1.9841
2000-03-08,0.9543,0.6043,102.24,1.6061,1.5721,1.3917,8.431,8.085,1.9618
2000-03-09,0.9616,0.6086,102.44,1.6061,1.5702,1.402,8.448,8.1175,1.9593
2000-03-10,0.9613,0.6095,102.27,1.6078,1.5658,1.3981,8.4415,8.0995,1.9422
2000-03-13,0.9716,0.6146,102.23,1.6108,1.5819,1.4166,8.421,8.1205,1.9756
2000-03-14,0.962,0.6123,100.93,1.6114,1.5631,1.4054,8.398,8.121,1.9589
2000-03-15,0.9647,0.614,101.74,1.6115,1.5737,1.4142,8.415,8.14,1.9789
2000-03-16,0.9663,0.6155,101.73,1.6112,1.5753,1.417,8.4325,8.1585,1.974
2000-03-17,0.9672,0.6146,102.31,1.6126,1.5881,1.4277,8.417,8.154,1.9922
2000-03-20,0.9715,0.6201,103.71,1.6126,1.6038,1.4282,8.4225,8.1705,2.0124
2000-03-21,0.9701,0.6176,103.46,1.6116,1.5929,1.4259,8.3925,8.166,1.9891
2000-03-22,0.9603,0.6125,102.88,1.6095,1.5817,1.4106,8.364,8.1475,1.97
2000-03-23,0.9656,0.6104,103.88,1.6045,1.5968,1.4203,8.3725,8.106,1.9811
2000-03-24,0.9715,0.6115,104.09,1.5936,1.6005,1.4238,8.375,8.13,1.9921
2000-03-27,0.9712,0.6087,103.77,1.5908,1.5818,1.4207,8.34,8.127,1.9547
2000-03-28,0.9647,0.6088,102.59,1.5904,1.5721,1.406,8.271,8.081,1.919
2000-03-29,0.9568,0.6032,100.77,1.5896,1.5735,1.3935,8.2455,8.0625,1.9175
2000-03-30,0.9555,0.601,100.35,1.5909,1.5611,1.3922,8.25,8.0815,1.9141
2000-03-31,0.9553,0.5985,98.53,1.5907,1.5811,1.3879,8.2825,8.0885,1.9328
2000-04-03,0.9564,0.6,100.27,1.5886,1.5741,1.3873,8.295,8.109,1.9189
2000-04-04,0.9538,0.5971,100.74,1.5817,1.5809,1.3842,8.3005,8.1145,1.9107
2000-04-05,0.9673,0.6088,101.71,1.5732,1.5954,1.4078,8.329,8.157,1.9321
2000-04-06,0.9625,0.6075,101.04,1.5725,1.5962,1.3946,8.3015,8.133,1.9208
2000-04-07,0.9564,0.6047,100.71,1.5727,1.6043,1.3917,8.2728,8.127,1.9288
2000-04-10,0.959,0.6064,101.92,1.5731,1.6025,1.3989,8.277,8.1465,1.928
2000-04-11,0.9594,0.6055,102.61,1.5718,1.6099,1.4017,8.268,8.1765,1.9236
2000-04-12,0.9576,0.6038,101.11,1.5745,1.6078,1.4018,8.2915,8.1585,1.9231
2000-04-13,0.9537,0.5999,101.09,1.5738,1.5916,1.3931,8.2895,8.148,1.9109
2000-04-14,0.954,0.6016,100.86,1.5737,1.5999,1.4063,8.2965,8.149,1.9201
2000-04-17,0.9573,0.6026,99.4,1.5686,1.6168,1.4184,8.3295,8.2075,1.9297
2000-04-18,0.9497,0.6003,98.97,1.571,1.6006,1.4142,8.297,8.1775,1.9203
2000-04-19,0.9461,0.5983,98.79,1.5748,1.584,1.3994,8.263,8.1733,1.899
2000-04-20,0.9376,0.5934,98.37,1.5727,1.5795,1.3815,8.2442,8.1655,1.8907
2000-04-25,0.9302,0.5896,98.15,1.5712,1.5637,1.3724,8.243,8.163,1.8743
2000-04-26,0.9193,0.5827,97.85,1.5721,1.5608,1.3492,8.1825,8.1535,1.8871
2000-04-27,0.9163,0.5827,97.57,1.5742,1.5575,1.3543,8.188,8.175,1.8827
2000-04-28,0.9085,0.5794,97.48,1.571,1.5552,1.3457,8.14,8.1475,1.8733
2000-05-02,0.9116,0.5827,99.15,1.5599,1.5558,1.3465,8.1435,8.1385,1.8744
2000-05-03,0.8913,0.5711,97.46,1.5411,1.5156,1.3252,8.055,8.06,1.8212
2000-05-04,0.8947,0.5818,97.35,1.5472,1.5155,1.336,8.117,8.1055,1.8252
2000-05-05,0.8984,0.5838,97.21,1.5467,1.5156,1.3457,8.1465,8.125,1.8318
2000-05-08,0.8952,0.5851,97.17,1.5494,1.5228,1.333,8.1415,8.1375,1.8427
2000-05-09,0.8978,0.5847,98.25,1.5481,1.5545,1.3418,8.1645,8.1495,1.8845
2000-05-10,0.9107,0.5976,99.13,1.5604,1.5612,1.3593,8.2055,8.1935,1.894
2000-05-11,0.9079,0.6051,98.53,1.5559,1.5765,1.3565,8.23,8.224,1.9164
2000-05-12,0.9029,0.596,98.01,1.5528,1.5636,1.3431,8.2375,8.1715,1.8927
2000-05-15,0.9147,0.6045,100.07,1.5554,1.5936,1.3608,8.27,8.199,1.9281
2000-05-16,0.9065,0.6045,98.89,1.5525,1.576,1.3475,8.251,8.175,1.923
2000-05-17,0.8922,0.5987,97.98,1.5488,1.5723,1.3289,8.18,8.154,1.9358
2000-05-18,0.8942,0.6039,97.6,1.5534,1.578,1.3443,8.187,8.1565,2.002
2000-05-19,0.8875,0.5988,95.69,1.5512,1.557,1.3324,8.1585,8.1505,1.9596
2000-05-22,0.9,0.605,96.57,1.5527,1.5766,1.345,8.302,8.2155,1.977
2000-05-23,0.9111,0.6151,97.3,1.5632,1.58,1.3616,8.3195,8.2665,1.9798
2000-05-24,0.9098,0.6165,97.58,1.5641,1.5908,1.3714,8.332,8.2745,2.0097
2000-05-25,0.8981,0.61,96.81,1.5575,1.581,1.36,8.3075,8.249,1.9845
2000-05-26,0.9143,0.6209,98.22,1.5642,1.6002,1.3733,8.354,8.286,2.0134
2000-05-29,0.9262,0.6223,99.32,1.5677,1.614,1.3915,8.404,8.3075,2.021
2000-05-30,0.9359,0.6226,99.8,1.5718,1.621,1.4065,8.412,8.3425,2.035
2000-05-31,0.9303,0.6225,99.9,1.5716,1.625,1.3982,8.3845,8.305,2.0295
2000-06-01,0.933,0.624,101.41,1.574,1.6306,1.3958,8.356,8.321,2.0358
2000-06-02,0.9355,0.6251,101.62,1.5729,1.6295,1.3944,8.3615,8.312,2.0375
2000-06-05,0.9433,0.623,101.51,1.5734,1.6164,1.3905,8.328,8.287,2.0068
2000-06-06,0.9485,0.6264,101.24,1.574,1.6287,1.4017,8.339,8.279,2.023
2000-06-07,0.9554,0.6276,101.0,1.5676,1.622,1.4093,8.3325,8.2715,2.0233
2000-06-08,0.9668,0.6359,102.12,1.5664,1.6315,1.4271,8.357,8.3095,2.045
2000-06-09,0.949,0.631,101.42,1.5661,1.6196,1.3982,8.3515,8.3245,2.0271
2000-06-12,0.9527,0.6303,101.55,1.5624,1.6162,1.4058,8.317,8.305,2.0244
2000-06-13,0.9583,0.633,102.05,1.5628,1.6075,1.4102,8.2895,8.284,2.0255
2000-06-14,0.9636,0.6402,102.52,1.5651,1.5996,1.4168,8.2185,8.2485,2.0288
2000-06-15,0.9524,0.6316,100.92,1.5648,1.5855,1.4011,8.236,8.224,2.031
2000-06-16,0.9565,0.6329,101.65,1.5611,1.5724,1.4097,8.28,8.2485,2.001
2000-06-19,0.964,0.6373,101.86,1.5618,1.6022,1.4143,8.3065,8.267,2.0346
2000-06-20,0.9538,0.6326,100.62,1.5577,1.5786,1.3998,8.249,8.2265,2.0053
2000-06-21,0.947,0.6307,99.76,1.5522,1.5783,1.394,8.254,8.223,1.9958
2000-06-22,0.9405,0.6244,99.1,1.5451,1.5685,1.3876,8.2705,8.2135,1.9855
2000-06-23,0.9413,0.625,98.12,1.5521,1.5788,1.3876,8.2765,8.2025,2.0012
2000-06-26,0.9327,0.6215,98.38,1.5478,1.5687,1.3873,8.284,8.179,1.9892
2000-06-27,0.9401,0.6281,99.16,1.5486,1.565,1.3939,8.3715,8.2125,1.9968
2000-06-28,0.9415,0.6253,99.56,1.5479,1.5666,1.394,8.386,8.175,2.0062
2000-06-29,0.9504,0.6257,99.56,1.5558,1.5729,1.4052,8.404,8.1785,2.028
2000-06-30,0.9556,0.6323,100.57,1.5576,1.5894,1.4157,8.421,8.185,2.031
2000-07-03,0.9493,0.6281,100.58,1.5551,1.584,1.4049,8.3885,8.169,2.0267
2000-07-04,0.9487,0.6271,100.78,1.5528,1.5871,1.4054,8.3835,8.18,2.0431
2000-07-05,0.9537,0.6313,101.73,1.5532,1.6054,1.4179,8.408,8.187,2.0589
2000-07-06,0.9542,0.631,102.44,1.5484,1.6165,1.4197,8.44,8.18,2.0685
2000-07-07,0.9483,0.6278,101.86,1.5458,1.613,1.407,8.431,8.173,2.0685
2000-07-10,0.9523,0.628,101.82,1.5461,1.604,1.4098,8.446,8.1655,2.0581
2000-07-11,0.9527,0.63,101.77,1.5516,1.6168,1.4066,8.421,8.1755,2.074
2000-07-12,0.9499,0.627,102.29,1.5523,1.608,1.4034,8.392,8.1515,2.0603
2000-07-13,0.9349,0.6224,100.12,1.5532,1.5832,1.3861,8.3485,8.1475,2.0225
2000-07-14,0.9344,0.6227,100.82,1.5476,1.599,1.3863,8.3485,8.1515,2.0333
2000-07-17,0.9352,0.627,101.65,1.5465,1.6003,1.3877,8.3585,8.166,2.0311
2000-07-18,0.9353,0.6241,100.93,1.5502,1.6025,1.3849,8.387,8.1895,2.041
2000-07-19,0.9216,0.6156,99.6,1.5473,1.592,1.3595,8.399,8.1735,2.0239
2000-07-20,0.922,0.6165,99.74,1.5488,1.5951,1.3625,8.409,8.189,2.0124
2000-07-21,0.9363,0.6185,101.53,1.5511,1.5945,1.3783,8.388,8.1835,2.0138
2000-07-24,0.9332,0.6151,101.64,1.5555,1.5905,1.37,8.422,8.1915,2.0195
2000-07-25,0.941,0.6201,102.78,1.5538,1.6072,1.3803,8.388,8.168,2.0375
2000-07-26,0.939,0.6189,102.43,1.5519,1.5909,1.3772,8.394,8.1825,2.0353
2000-07-27,0.9389,0.6198,102.26,1.5531,1.5898,1.3773,8.4415,8.195,2.0387
2000-07-28,0.9276,0.615,101.29,1.5486,1.5752,1.3663,8.4585,8.1835,2.0225
2000-07-31,0.9243,0.6179,101.04,1.5477,1.5986,1.3702,8.495,8.199,2.0386
2000-08-01,0.9264,0.6172,101.56,1.546,1.5965,1.3794,8.474,8.1985,2.0356
2000-08-02,0.9142,0.6143,99.8,1.5449,1.5701,1.3544,8.4575,8.18,2.0177
2000-08-03,0.9028,0.607,97.85,1.5425,1.549,1.3372,8.439,8.1585,1.9949
2000-08-04,0.9031,0.6008,98.02,1.5464,1.5517,1.3424,8.411,8.1215,1.9914
2000-08-07,0.9084,0.6032,98.85,1.5474,1.5502,1.3575,8.3725,8.0945,1.9992
2000-08-08,0.9047,0.5996,98.2,1.544,1.5417,1.3452,8.3535,8.1165,1.991
2000-08-09,0.8973,0.5978,96.81,1.5443,1.5503,1.3351,8.3125,8.067,1.9855
2000-08-10,0.9031,0.6018,97.93,1.5449,1.5585,1.3392,8.3295,8.087,2.0027
2000-08-11,0.9132,0.6061,99.31,1.5531,1.5702,1.3545,8.363,8.1195,2.0188
2000-08-14,0.9011,0.5984,98.58,1.5541,1.5575,1.3364,8.3065,8.07,2.014
2000-08-15,0.9118,0.6059,99.78,1.5591,1.5607,1.3564,8.3455,8.114,2.0294
2000-08-16,0.9072,0.6052,98.45,1.559,1.5447,1.3441,8.3915,8.099,2.0216
2000-08-17,0.914,0.6096,99.12,1.5629,1.5451,1.3505,8.428,8.09,2.0264
2000-08-18,0.9127,0.6099,99.42,1.5622,1.5412,1.3468,8.3955,8.061,2.0253
2000-08-21,0.9023,0.6051,97.63,1.5598,1.5315,1.3288,8.412,8.0435,2.001
2000-08-22,0.8972,0.6038,97.27,1.5608,1.5328,1.3264,8.383,8.0435,2.0092
2000-08-23,0.8918,0.6027,95.7,1.5525,1.5659,1.3237,8.356,8.0525,2.0715
2000-08-24,0.9012,0.6087,96.64,1.5489,1.5742,1.3375,8.364,8.1015,2.0729
2000-08-25,0.9021,0.6122,96.61,1.5453,1.5731,1.3361,8.38,8.0955,2.0742
2000-08-28,0.9007,0.612,95.88,1.5437,1.5733,1.3371,8.428,8.0745,2.0644
2000-08-29,0.8965,0.6139,95.44,1.5447,1.568,1.3288,8.4545,8.0715,2.085
2000-08-30,0.8909,0.6148,94.8,1.5483,1.5606,1.322,8.4355,8.0715,2.0898
2000-08-31,0.8906,0.6132,94.77,1.5498,1.5547,1.3141,8.416,8.0745,2.0801
2000-09-01,0.8902,0.6135,94.77,1.55,1.5534,1.3102,8.3795,8.0725,2.098
2000-09-04,0.9,0.6154,95.12,1.5532,1.5632,1.3255,8.395,8.0815,2.0947
2000-09-05,0.8886,0.6124,94.18,1.549,1.5539,1.3109,8.3775,8.074,2.0798
2000-09-06,0.8818,0.6087,93.27,1.5482,1.5605,1.3032,8.411,8.0515,2.0685
2000-09-07,0.8676,0.6047,91.21,1.5468,1.565,1.2873,8.35,8.0155,2.0956
2000-09-08,0.8735,0.6124,92.25,1.549,1.5612,1.2884,8.3655,8.0385,2.0751
2000-09-11,0.8609,0.6078,91.35,1.5298,1.542,1.2716,8.378,8.024,2.0365
2000-09-12,0.8614,0.6145,91.55,1.5218,1.5428,1.2751,8.388,7.98,2.007
2000-09-13,0.8654,0.6142,92.83,1.5286,1.5613,1.2801,8.417,8.0435,2.0524
2000-09-14,0.8693,0.6133,93.15,1.5265,1.5735,1.2956,8.4145,8.0405,2.075
2000-09-15,0.8615,0.6125,92.64,1.5278,1.566,1.2815,8.3915,8.018,2.0545
2000-09-18,0.8526,0.6096,91.1,1.5235,1.5692,1.2658,8.393,7.991,2.0612
2000-09-19,0.8541,0.6084,91.31,1.52,1.5736,1.2699,8.378,8.0055,2.0653
2000-09-20,0.8476,0.5989,90.3,1.5123,1.5645,1.2549,8.3725,7.9665,2.064
2000-09-21,0.8524,0.6004,90.72,1.51,1.58,1.2671,8.384,7.992,2.1152
2000-09-22,0.889,0.6063,95.75,1.5318,1.595,1.3251,8.428,8.0345,2.1383
2000-09-25,0.877,0.6028,94.37,1.5221,1.6088,1.3054,8.453,8.027,2.1299
2000-09-26,0.8757,0.6028,93.95,1.5188,1.5992,1.3029,8.4693,8.0215,2.1285
2000-09-27,0.8861,0.6045,95.49,1.5254,1.615,1.3206,8.509,8.044,2.1406
2000-09-28,0.8832,0.6025,94.98,1.5257,1.6073,1.3241,8.5245,8.0125,2.1205
2000-09-29,0.8765,0.5967,94.94,1.524,1.618,1.3198,8.5265,8.0255,2.151
2000-10-02,0.8802,0.5991,95.49,1.5237,1.6199,1.3235,8.527,8.043,2.1704
2000-10-03,0.8763,0.6006,95.14,1.517,1.6175,1.3212,8.535,8.0345,2.1765
2000-10-04,0.873,0.6003,95.31,1.5155,1.6263,1.3098,8.5723,8.035,2.1685
2000-10-05,0.8786,0.6027,95.95,1.5228,1.6305,1.3146,8.565,8.048,2.1745
2000-10-06,0.8703,0.6014,94.82,1.5252,1.6308,1.2997,8.5283,8.0355,2.1621
2000-10-09,0.8695,0.6006,94.75,1.5213,1.6275,1.3069,8.5545,8.045,2.1578
2000-10-10,0.8721,0.5992,94.2,1.5191,1.6385,1.31,8.5925,8.0575,2.1605
2000-10-11,0.872,0.5968,94.17,1.5109,1.624,1.3106,8.6185,8.073,2.143
2000-10-12,0.8648,0.5921,93.0,1.5115,1.6292,1.3021,8.573,8.054,2.1699
2000-10-13,0.8627,0.5868,93.0,1.5067,1.6242,1.3093,8.5303,8.047,2.157
2000-10-16,0.8511,0.5884,92.09,1.5122,1.6194,1.2851,8.525,8.009,2.1463
2000-10-17,0.8496,0.5908,91.73,1.5123,1.6357,1.2922,8.5045,8.0375,2.1585
2000-10-18,0.8525,0.5873,92.27,1.5086,1.6345,1.294,8.535,8.0465,2.1545
2000-10-19,0.8411,0.5826,90.93,1.504,1.6236,1.272,8.505,8.007,2.1455
2000-10-20,0.8452,0.5832,92.06,1.5058,1.5958,1.2774,8.535,8.004,2.0923
2000-10-23,0.8377,0.576,91.0,1.5014,1.5788,1.2679,8.4904,7.9415,2.0851
2000-10-24,0.8386,0.577,90.76,1.5016,1.5862,1.2679,8.4507,7.9465,2.0775
2000-10-25,0.8307,0.5771,89.8,1.5015,1.5978,1.2644,8.4602,7.946,2.0805
2000-10-26,0.8252,0.5807,89.3,1.5088,1.5963,1.2491,8.4888,7.927,2.0682
2000-10-27,0.8324,0.5804,90.53,1.5124,1.601,1.2666,8.4735,7.9265,2.0835
2000-10-30,0.8482,0.5812,92.21,1.5235,1.6115,1.299,8.4898,7.933,2.0943
2000-10-31,0.8417,0.5809,91.88,1.521,1.6377,1.2887,8.4843,7.8735,2.1355
2000-11-01,0.8554,0.5912,92.83,1.5279,1.6341,1.3038,8.474,7.8765,2.1484
2000-11-02,0.8646,0.5956,93.63,1.5288,1.638,1.3261,8.521,7.9395,2.1605
2000-11-03,0.873,0.6013,93.63,1.53,1.652,1.3354,8.5408,7.977,2.175
2000-11-06,0.8667,0.5995,92.86,1.5252,1.6425,1.3283,8.5668,7.977,2.163
2000-11-07,0.8587,0.601,92.13,1.5214,1.63,1.3126,8.595,7.9785,2.162
2000-11-08,0.8559,0.6006,92.22,1.5198,1.6195,1.3157,8.5845,7.9635,2.1467
2000-11-09,0.8531,0.6017,91.55,1.5209,1.6256,1.3158,8.57,7.939,2.1462
2000-11-10,0.8673,0.6059,93.42,1.5233,1.6492,1.3434,8.5978,8.0,2.1764
2000-11-13,0.862,0.6016,92.82,1.5215,1.6576,1.3338,8.6168,7.989,2.1842
2000-11-14,0.8583,0.5995,92.6,1.5194,1.6497,1.3228,8.6548,8.0225,2.16
2000-11-15,0.8596,0.6031,93.22,1.5228,1.6516,1.3316,8.6443,8.0365,2.1579
2000-11-16,0.8569,0.6018,93.29,1.5272,1.6478,1.3297,8.65,8.0135,2.1508
2000-11-17,0.8535,0.5999,92.95,1.5244,1.6402,1.3288,8.67,8.0035,2.1303
2000-11-20,0.8488,0.5955,92.7,1.5291,1.6535,1.3213,8.6485,7.9865,2.144
2000-11-21,0.8474,0.5968,93.28,1.5216,1.6587,1.3194,8.698,8.0345,2.1541
2000-11-22,0.8429,0.5959,92.46,1.5204,1.6236,1.3062,8.67,8.0085,2.1152
2000-11-23,0.8427,0.6,92.9,1.5191,1.6221,1.3025,8.6545,8.009,2.1139
2000-11-24,0.8436,0.5994,93.78,1.5205,1.6128,1.3037,8.6883,8.022,2.1043
2000-11-27,0.8406,0.5966,93.44,1.5152,1.616,1.2934,8.6914,8.015,2.105
2000-11-28,0.8561,0.6019,94.54,1.5148,1.6226,1.3095,8.7012,8.019,2.0924
2000-11-29,0.865,0.6069,95.01,1.5134,1.6488,1.3275,8.683,8.028,2.1341
2000-11-30,0.8684,0.6128,96.44,1.5095,1.6551,1.3375,8.715,8.0525,2.1387
2000-12-01,0.8735,0.6095,97.75,1.5134,1.6302,1.3361,8.6825,8.0815,2.1053
2000-12-04,0.8908,0.6137,98.6,1.5166,1.634,1.3814,8.63,8.1075,2.1035
2000-12-05,0.881,0.6101,97.52,1.5095,1.6288,1.3573,8.5805,8.1035,2.0902
2000-12-06,0.8828,0.6152,97.76,1.5116,1.6182,1.3621,8.566,8.0655,2.0742
2000-12-07,0.8943,0.6192,98.9,1.5152,1.6282,1.3647,8.6275,8.115,2.0843
2000-12-08,0.8895,0.6128,98.75,1.5128,1.6285,1.3582,8.621,8.112,2.0827
2000-12-11,0.8804,0.6049,97.53,1.5091,1.6249,1.3373,8.5513,8.0905,2.0794
2000-12-12,0.8782,0.6064,97.89,1.504,1.62,1.341,8.5003,8.072,2.0705
2000-12-13,0.8748,0.604,98.4,1.5036,1.6192,1.3376,8.5538,8.1085,2.0774
2000-12-14,0.8839,0.603,99.55,1.5055,1.6306,1.3424,8.575,8.1115,2.091
2000-12-15,0.8984,0.6088,100.93,1.5086,1.6459,1.362,8.582,8.14,2.0956
2000-12-18,0.8966,0.6074,100.54,1.5055,1.6509,1.3681,8.641,8.08,2.095
2000-12-19,0.8903,0.6072,99.96,1.5064,1.647,1.3587,8.698,8.1085,2.0792
2000-12-20,0.9059,0.6173,102.05,1.5162,1.651,1.3807,8.7025,8.1365,2.0815
2000-12-21,0.9146,0.618,102.37,1.5244,1.658,1.3924,8.7275,8.177,2.083
2000-12-22,0.924,0.6242,103.78,1.522,1.6609,1.4053,8.8089,8.1915,2.1036
2000-12-27,0.931,0.6254,106.08,1.5243,1.6741,1.4062,8.86,8.2485,2.1083
2000-12-28,0.9285,0.6238,106.4,1.5276,1.675,1.4022,8.8428,8.2525,2.1035
2000-12-29,0.9305,0.6241,106.92,1.5232,1.677,1.3965,8.8313,8.2335,2.112
2001-01-02,0.9423,0.6315,108.26,1.5218,1.6845,1.4115,8.888,8.3065,2.1365
2001-01-03,0.953,0.6325,108.88,1.522,1.6915,1.4266,8.9467,8.3145,2.1272
2001-01-04,0.9458,0.6326,108.25,1.5217,1.6755,1.4141,8.9153,8.271,2.126
2001-01-05,0.9545,0.6349,111.22,1.529,1.6734,1.4348,8.932,8.291,2.1139
2001-01-08,0.9497,0.6328,110.55,1.5271,1.6745,1.4212,8.9286,8.298,2.1087
2001-01-09,0.9401,0.6314,108.78,1.5232,1.6767,1.4063,8.95,8.2495,2.1139
2001-01-10,0.9412,0.6308,109.33,1.5243,1.6847,1.4082,8.9233,8.205,2.0997
2001-01-11,0.9523,0.635,111.75,1.5324,1.705,1.4259,8.8875,8.2,2.1154
2001-01-12,0.9545,0.6408,112.35,1.541,1.7003,1.4244,8.857,8.185,2.1152
2001-01-15,0.9428,0.6388,111.92,1.5427,1.7048,1.417,8.8695,8.211,2.1234
2001-01-16,0.9412,0.6407,111.27,1.5385,1.6928,1.4141,8.9295,8.208,2.1108
2001-01-17,0.9396,0.6366,110.6,1.5374,1.6875,1.4164,8.932,8.223,2.098
2001-01-18,0.9404,0.6385,111.28,1.5283,1.693,1.4196,8.927,8.227,2.1052
2001-01-19,0.94,0.638,110.66,1.5268,1.6817,1.4185,8.887,8.227,2.0964
2001-01-22,0.929,0.639,108.28,1.534,1.6816,1.4023,8.9325,8.211,2.0827
2001-01-23,0.9407,0.6388,110.22,1.5316,1.6945,1.4157,8.959,8.2755,2.1009
2001-01-24,0.9294,0.6341,109.79,1.5323,1.6889,1.4059,8.91,8.256,2.0925
2001-01-25,0.9146,0.6304,107.15,1.5247,1.6817,1.3861,8.9,8.226,2.1081
2001-01-26,0.9228,0.6315,107.69,1.5278,1.7043,1.3878,8.9068,8.21,2.1211
2001-01-29,0.9193,0.6304,107.15,1.5228,1.6925,1.3825,8.86,8.195,2.111
2001-01-30,0.9197,0.6298,107.38,1.5204,1.6882,1.3809,8.8408,8.1865,2.1096
2001-01-31,0.9293,0.6367,107.87,1.5302,1.7034,1.3954,8.8395,8.205,2.1113
2001-02-01,0.9406,0.6371,108.7,1.5327,1.6962,1.4075,8.8968,8.213,2.1037
2001-02-02,0.9407,0.6364,108.43,1.5377,1.6959,1.4046,8.914,8.205,2.0895
2001-02-05,0.9425,0.6387,108.78,1.5383,1.7057,1.4107,8.9363,8.204,2.1321
2001-02-06,0.9322,0.6366,107.05,1.5385,1.7005,1.4084,8.9165,8.175,2.1105
2001-02-07,0.9325,0.6384,108.36,1.5392,1.703,1.4092,8.9125,8.1875,2.1062
2001-02-08,0.922,0.6355,106.97,1.5312,1.698,1.3916,8.8795,8.1715,2.101
2001-02-09,0.9227,0.6382,108.3,1.5348,1.717,1.3931,8.9115,8.1855,2.108
2001-02-12,0.9288,0.6398,109.22,1.5369,1.7285,1.4064,8.949,8.202,2.1276
2001-02-13,0.9275,0.6376,108.59,1.5372,1.7252,1.4145,8.993,8.2165,2.1256
2001-02-14,0.9178,0.6306,106.61,1.5355,1.7326,1.3969,9.0355,8.219,2.1277
2001-02-15,0.909,0.6279,105.51,1.5315,1.7332,1.3901,9.018,8.2075,2.1398
2001-02-16,0.9113,0.6284,104.88,1.537,1.7263,1.3991,8.9615,8.195,2.126
2001-02-19,0.9213,0.6344,106.71,1.5362,1.7405,1.4202,8.993,8.206,2.1355
2001-02-20,0.907,0.6314,104.86,1.5351,1.7316,1.3928,8.9645,8.2195,2.1241
2001-02-21,0.9146,0.6335,106.69,1.5361,1.7362,1.4097,9.005,8.2425,2.1327
2001-02-22,0.9056,0.627,105.33,1.5317,1.7341,1.3916,9.0528,8.26,2.1196
2001-02-23,0.9064,0.6265,105.7,1.5334,1.736,1.3937,9.0818,8.2455,2.1095
2001-02-26,0.9105,0.6283,106.07,1.5337,1.7338,1.3969,9.023,8.223,2.0955
2001-02-27,0.9163,0.6349,106.41,1.5368,1.7428,1.4012,9.036,8.2285,2.1125
2001-02-28,0.9248,0.6387,108.45,1.5416,1.7557,1.4151,9.0588,8.244,2.1415
2001-03-01,0.9269,0.6392,108.72,1.5411,1.7554,1.4273,9.0477,8.232,2.1429
2001-03-02,0.9363,0.6356,111.55,1.5379,1.7745,1.4488,9.041,8.2195,2.1453
2001-03-05,0.9305,0.633,111.14,1.5376,1.7812,1.4362,9.0663,8.226,2.1537
2001-03-06,0.9279,0.6323,109.89,1.5373,1.7903,1.4314,9.0347,8.2315,2.1645
2001-03-07,0.9307,0.6358,111.38,1.5372,1.8137,1.4395,9.054,8.2155,2.1917
2001-03-08,0.9312,0.6344,111.38,1.5418,1.8321,1.4451,9.0513,8.221,2.2165
2001-03-09,0.9357,0.6374,111.71,1.5431,1.8268,1.4463,9.086,8.207,2.2054
2001-03-12,0.9272,0.6336,111.44,1.5413,1.8253,1.4358,9.1128,8.222,2.2137
2001-03-13,0.9202,0.6341,110.27,1.5374,1.8293,1.4287,9.176,8.2345,2.2103
2001-03-14,0.9182,0.6304,110.06,1.5361,1.8386,1.4202,9.1797,8.213,2.2048
2001-03-15,0.9064,0.6285,110.53,1.5387,1.8353,1.413,9.147,8.1835,2.2044
2001-03-16,0.8947,0.6251,109.85,1.5367,1.8112,1.4008,9.145,8.1695,2.1782
2001-03-19,0.8996,0.6292,109.83,1.5354,1.796,1.4098,9.1373,8.123,2.1378
2001-03-20,0.902,0.6313,110.64,1.5318,1.8097,1.412,9.144,8.1265,2.1657
2001-03-21,0.899,0.6293,111.25,1.5338,1.8057,1.4138,9.1875,8.1235,2.159
2001-03-22,0.8889,0.6257,110.25,1.5283,1.8126,1.3975,9.2393,8.1165,2.1549
2001-03-23,0.8922,0.6258,109.69,1.5319,1.8117,1.3973,9.1833,8.0855,2.1512
2001-03-26,0.8935,0.6231,110.08,1.5328,1.8075,1.3952,9.138,8.083,2.1827
2001-03-27,0.8952,0.624,110.16,1.5347,1.7995,1.3962,9.121,8.085,2.1683
2001-03-28,0.886,0.6194,107.81,1.5304,1.7919,1.3935,9.1378,8.081,2.1583
2001-03-29,0.884,0.6148,108.96,1.5278,1.7941,1.3884,9.1935,8.065,2.1511
2001-03-30,0.8832,0.6192,110.74,1.5271,1.8158,1.3904,9.157,8.057,2.1962
2001-04-02,0.8772,0.618,110.83,1.5264,1.8165,1.3808,9.147,8.058,2.201
2001-04-03,0.8845,0.6212,111.36,1.5272,1.8304,1.3974,9.169,8.0975,2.2099
2001-04-04,0.9032,0.6289,113.52,1.5264,1.8549,1.4208,9.227,8.1815,2.2312
2001-04-05,0.902,0.6282,112.04,1.5291,1.836,1.4204,9.191,8.167,2.2269
2001-04-06,0.894,0.6265,111.38,1.5276,1.8189,1.4075,9.1405,8.1285,2.2175
2001-04-09,0.9018,0.6243,112.8,1.5293,1.8248,1.4095,9.0969,8.141,2.2302
2001-04-10,0.8945,0.6199,111.34,1.5275,1.8063,1.3949,9.069,8.1045,2.229
2001-04-11,0.884,0.6179,109.8,1.5224,1.7635,1.3765,9.0125,8.0665,2.1856
2001-04-12,0.8849,0.6173,109.0,1.5184,1.7425,1.379,9.001,8.0725,2.1785
2001-04-17,0.8791,0.6131,108.75,1.5225,1.7404,1.3727,9.055,8.048,2.1725
2001-04-18,0.8778,0.6156,107.82,1.5285,1.7676,1.377,9.0455,8.059,2.1805
2001-04-19,0.8827,0.6172,107.49,1.529,1.7422,1.3731,9.022,8.0605,2.176
2001-04-20,0.8989,0.6235,110.18,1.5311,1.7437,1.3891,9.095,8.123,2.1885
2001-04-23,0.9002,0.6246,109.71,1.5311,1.7794,1.3912,9.1345,8.1465,2.198
2001-04-24,0.8973,0.6236,109.14,1.5282,1.7823,1.3896,9.166,8.147,2.2044
2001-04-25,0.8947,0.6227,109.55,1.532,1.775,1.3804,9.166,8.1625,2.1863
2001-04-26,0.9013,0.6246,110.36,1.5334,1.7747,1.3922,9.1572,8.1665,2.1903
2001-04-27,0.9023,0.6254,112.01,1.5378,1.7631,1.3929,9.1195,8.155,2.1828
2001-04-30,0.8876,0.6195,109.67,1.5366,1.7476,1.37,9.1135,8.0925,2.1637
2001-05-02,0.8907,0.6225,108.81,1.5416,1.7158,1.3641,9.1478,8.103,2.1109
2001-05-03,0.8903,0.6222,108.24,1.5419,1.7078,1.3656,9.118,8.099,2.1117
2001-05-04,0.8939,0.6226,108.19,1.5434,1.7157,1.3686,9.1353,8.0925,2.1145
2001-05-07,0.8919,0.62,108.2,1.5432,1.72,1.3686,9.1089,8.079,2.1158
2001-05-08,0.8866,0.6185,108.21,1.5419,1.7051,1.3677,9.1069,8.054,2.1002
2001-05-09,0.8827,0.6213,107.5,1.5401,1.6948,1.3602,9.116,8.04,2.087
2001-05-10,0.885,0.6223,108.17,1.5404,1.6923,1.3627,9.0725,8.071,2.087
2001-05-11,0.8773,0.6181,107.35,1.5353,1.6742,1.3529,8.9695,8.0185,2.0625
2001-05-14,0.8745,0.6172,107.62,1.5327,1.6907,1.358,9.0025,7.99,2.0898
2001-05-15,0.8768,0.6185,108.35,1.5319,1.6962,1.3621,8.9995,8.019,2.1021
2001-05-16,0.8834,0.6193,109.26,1.5329,1.6922,1.3666,9.0712,8.0335,2.1062
2001-05-17,0.8815,0.6165,108.58,1.533,1.6688,1.354,9.0317,8.003,2.0712
2001-05-18,0.8777,0.6137,108.35,1.5341,1.6687,1.3486,9.012,7.9605,2.0594
2001-05-21,0.8754,0.609,107.79,1.5316,1.6575,1.3432,8.98,7.931,2.0508
2001-05-22,0.8685,0.6069,106.96,1.5317,1.6593,1.3361,8.9725,7.9315,2.0457
2001-05-23,0.8585,0.6037,104.01,1.5269,1.6575,1.3269,9.0515,7.944,2.0322
2001-05-24,0.8604,0.6077,103.15,1.5269,1.6713,1.3345,9.0195,7.9325,2.0527
2001-05-25,0.8591,0.6045,103.54,1.5272,1.6485,1.324,9.0525,7.901,2.0303
2001-05-28,0.8584,0.6048,103.98,1.5272,1.6505,1.3253,9.0595,7.9115,2.023
2001-05-29,0.8552,0.6032,102.88,1.526,1.6608,1.3167,9.035,7.8865,2.0285
2001-05-30,0.8558,0.6024,102.77,1.5252,1.6673,1.3194,9.08,7.908,2.0467
2001-05-31,0.848,0.5973,101.0,1.5206,1.6727,1.3146,9.125,7.93,2.0628
2001-06-01,0.8478,0.5978,100.62,1.5209,1.666,1.3009,9.1725,7.982,2.06
2001-06-04,0.8513,0.6004,101.9,1.5218,1.6695,1.3046,9.24,7.98,2.0645
2001-06-05,0.8465,0.5998,101.44,1.5142,1.6675,1.3005,9.2412,7.969,2.059
2001-06-06,0.8543,0.6087,103.13,1.5181,1.6589,1.3047,9.2275,7.9675,2.0581
2001-06-07,0.8466,0.6124,101.7,1.5236,1.6375,1.2878,9.3182,7.9555,2.051
2001-06-08,0.8468,0.6128,102.14,1.5219,1.6187,1.2864,9.3229,7.951,2.0266
2001-06-11,0.8494,0.6136,103.39,1.5228,1.6157,1.2884,9.311,7.9535,2.0236
2001-06-12,0.8474,0.6152,103.16,1.5222,1.6137,1.2915,9.32,7.9835,2.0236
2001-06-13,0.8542,0.6203,104.28,1.528,1.6221,1.3014,9.2605,7.995,2.0316
2001-06-14,0.8492,0.6114,103.52,1.5254,1.6212,1.2925,9.2511,7.9545,2.0468
2001-06-15,0.8662,0.615,104.74,1.5255,1.6426,1.3244,9.16,7.998,2.07
2001-06-18,0.8581,0.6124,105.71,1.5292,1.6444,1.3122,9.1,7.9225,2.0735
2001-06-19,0.8563,0.6132,105.43,1.53,1.638,1.3124,9.0719,7.9,2.067
2001-06-20,0.8513,0.611,105.0,1.5248,1.644,1.3072,9.1139,7.8565,2.062
2001-06-21,0.8552,0.6064,106.12,1.5204,1.654,1.3076,9.1475,7.894,2.073
2001-06-22,0.8528,0.6037,105.98,1.5168,1.651,1.3002,9.151,7.86,2.0635
2001-06-25,0.8607,0.6082,106.71,1.5202,1.663,1.3099,9.1495,7.9285,2.085
2001-06-26,0.8611,0.609,106.71,1.5222,1.6621,1.3085,9.2192,7.936,2.0645
2001-06-27,0.8622,0.6091,107.05,1.5223,1.6587,1.3033,9.24,7.899,2.0632
2001-06-28,0.8511,0.6035,106.15,1.5193,1.6635,1.2955,9.1925,7.884,2.0665
2001-06-29,0.848,0.6031,105.37,1.5228,1.6735,1.2927,9.2125,7.8865,2.1045
2001-07-02,0.8455,0.598,105.16,1.5209,1.6612,1.28,9.2326,7.9345,2.0843
2001-07-03,0.8497,0.6019,105.43,1.5236,1.6423,1.284,9.2416,7.9505,2.078
2001-07-04,0.8453,0.6026,105.16,1.5194,1.6282,1.2776,9.2032,7.924,2.0789
2001-07-05,0.8422,0.599,105.74,1.5216,1.6268,1.2729,9.222,7.9115,2.0821
2001-07-06,0.8384,0.5996,105.65,1.522,1.6578,1.2698,9.2575,7.928,2.0861
2001-07-09,0.8459,0.6014,106.19,1.5196,1.6724,1.2841,9.3005,7.918,2.0946
2001-07-10,0.8545,0.6052,107.28,1.5238,1.674,1.298,9.2882,7.9455,2.098
2001-07-11,0.8611,0.6078,107.21,1.5194,1.6842,1.3102,9.3164,7.9825,2.1105
2001-07-12,0.8538,0.6071,106.16,1.5138,1.6927,1.3024,9.262,7.964,2.1126
2001-07-13,0.8539,0.6091,106.12,1.5118,1.6821,1.3093,9.232,7.9565,2.099
2001-07-16,0.8583,0.6126,107.45,1.5135,1.683,1.3209,9.2107,7.9775,2.1055
2001-07-17,0.8516,0.6088,106.65,1.5121,1.6811,1.3083,9.2152,7.9805,2.0996
2001-07-18,0.863,0.6127,107.8,1.504,1.6894,1.3242,9.2314,8.0075,2.1118
2001-07-19,0.8723,0.615,107.7,1.507,1.6931,1.3432,9.2565,8.011,2.1062
2001-07-20,0.8776,0.6118,108.36,1.5078,1.7111,1.3531,9.2631,8.017,2.1239
2001-07-23,0.8676,0.6097,107.62,1.5055,1.7103,1.34,9.2907,7.9865,2.118
2001-07-24,0.8708,0.6139,108.07,1.5064,1.7152,1.3401,9.3118,8.002,2.1224
2001-07-25,0.8793,0.6157,108.9,1.5054,1.7363,1.3506,9.3472,8.013,2.1379
2001-07-26,0.8764,0.6146,108.58,1.5107,1.724,1.3465,9.3009,8.0125,2.1236
2001-07-27,0.8768,0.6141,108.65,1.5081,1.7323,1.3426,9.2825,7.984,2.1328
2001-07-30,0.8751,0.6136,109.45,1.5114,1.7314,1.3407,9.256,7.98,2.1269
2001-07-31,0.8755,0.6143,109.3,1.5102,1.7282,1.3389,9.2785,7.985,2.1304
2001-08-01,0.8817,0.6156,109.85,1.5106,1.7188,1.3553,9.3092,8.012,2.131
2001-08-02,0.8788,0.6145,109.02,1.5094,1.6951,1.3515,9.229,7.996,2.1005
2001-08-03,0.8806,0.6164,109.05,1.5076,1.702,1.3516,9.1721,7.9685,2.111
2001-08-06,0.8805,0.619,109.08,1.5076,1.7055,1.3465,9.1637,7.9775,2.106
2001-08-07,0.8768,0.6195,108.74,1.506,1.702,1.3395,9.1885,7.969,2.0976
2001-08-08,0.8763,0.6187,107.94,1.5059,1.701,1.3441,9.1509,7.958,2.0822
2001-08-09,0.8853,0.6234,109.16,1.5057,1.7135,1.3584,9.1734,7.985,2.0836
2001-08-10,0.8936,0.6269,109.31,1.5117,1.7332,1.3793,9.1795,8.015,2.1009
2001-08-13,0.8991,0.6312,109.33,1.5139,1.7329,1.383,9.2049,8.0625,2.0982
2001-08-14,0.8968,0.6312,110.04,1.5155,1.738,1.3802,9.211,8.068,2.102
2001-08-15,0.9114,0.6344,109.62,1.5184,1.7291,1.3955,9.2593,8.1235,2.0975
2001-08-16,0.9144,0.6328,109.66,1.5193,1.7358,1.3962,9.2581,8.1035,2.0948
2001-08-17,0.9138,0.6327,110.34,1.5183,1.712,1.4053,9.335,8.1325,2.087
2001-08-20,0.9149,0.633,110.18,1.5187,1.7145,1.4145,9.4235,8.1135,2.0864
2001-08-21,0.9128,0.6304,109.4,1.5166,1.711,1.4107,9.431,8.1215,2.0874
2001-08-22,0.9216,0.6326,110.39,1.5199,1.7114,1.4272,9.4707,8.1105,2.074
2001-08-23,0.9112,0.6306,109.65,1.5194,1.7118,1.4072,9.424,8.112,2.0715
2001-08-24,0.9108,0.6317,109.56,1.5193,1.718,1.4048,9.3873,8.106,2.0806
2001-08-27,0.909,0.6307,109.18,1.5194,1.7231,1.4009,9.3829,8.083,2.0761
2001-08-28,0.9042,0.6281,108.75,1.5166,1.7162,1.3958,9.366,8.068,2.0746
2001-08-29,0.9122,0.6269,108.94,1.5168,1.7202,1.4053,9.425,8.068,2.0685
2001-08-30,0.9095,0.6257,108.95,1.5171,1.7139,1.4047,9.4669,8.0485,2.0701
2001-08-31,0.9158,0.6285,108.65,1.5165,1.7305,1.4143,9.5345,8.0675,2.0775
2001-09-03,0.9072,0.6235,107.92,1.5156,1.7225,1.4075,9.5099,8.0305,2.076
2001-09-04,0.897,0.6197,107.1,1.5151,1.717,1.3899,9.5517,7.963,2.069
2001-09-05,0.8891,0.6148,106.93,1.5101,1.708,1.3874,9.5165,7.9305,2.0617
2001-09-06,0.8855,0.6109,107.36,1.5115,1.7002,1.3784,9.452,7.949,2.0483
2001-09-07,0.8952,0.6161,108.32,1.5118,1.7232,1.3942,9.495,7.9775,2.0679
2001-09-10,0.9047,0.6172,109.05,1.5145,1.7634,1.4175,9.5406,8.0025,2.1025
2001-09-11,0.8964,0.6156,109.3,1.5146,1.7453,1.3984,9.4974,7.947,2.1018
2001-09-12,0.9052,0.6176,108.15,1.503,1.7568,1.4151,9.5769,7.987,2.1212
2001-09-13,0.906,0.6169,107.88,1.504,1.7607,1.4158,9.5832,7.999,2.134
2001-09-14,0.9219,0.6247,108.33,1.4984,1.7844,1.4483,9.5911,8.028,2.1862
2001-09-17,0.9269,0.6304,108.61,1.488,1.848,1.4555,9.7095,8.0655,2.2537
2001-09-18,0.9256,0.6304,108.5,1.4788,1.8652,1.4535,9.7209,7.9935,2.2565
2001-09-19,0.9258,0.6323,108.84,1.4835,1.8837,1.455,9.7215,7.967,2.2582
2001-09-20,0.9259,0.632,108.15,1.4735,1.8748,1.4524,9.7783,7.9315,2.2505
2001-09-21,0.92,0.6301,107.18,1.4464,1.9,1.4385,9.9631,7.929,2.2825
2001-09-24,0.9164,0.6266,107.47,1.4602,1.8626,1.4372,9.9185,7.979,2.2551
2001-09-25,0.9176,0.6275,107.53,1.46,1.861,1.4382,9.8338,8.045,2.2503
2001-09-26,0.9219,0.6255,108.62,1.4795,1.8575,1.4475,9.92,8.051,2.254
2001-09-27,0.9205,0.6244,109.75,1.4811,1.895,1.4478,9.8752,8.085,2.2925
2001-09-28,0.9131,0.622,109.02,1.4761,1.842,1.4418,9.7321,8.11,2.2395
2001-10-01,0.9125,0.6174,109.2,1.4799,1.8536,1.4407,9.7331,8.0855,2.2462
2001-10-02,0.9189,0.6208,110.73,1.4803,1.8622,1.443,9.7785,8.089,2.2678
2001-10-03,0.9209,0.6245,111.54,1.4844,1.8463,1.4431,9.7392,8.0835,2.2594
2001-10-04,0.9117,0.6192,109.95,1.4856,1.8306,1.4283,9.6897,8.0605,2.2294
2001-10-05,0.9174,0.6204,110.31,1.4874,1.8093,1.4382,9.7341,8.07,2.2022
2001-10-08,0.9214,0.6251,110.35,1.4762,1.817,1.44,9.7397,8.06,2.2144
2001-10-09,0.9193,0.6257,110.61,1.4814,1.8247,1.4335,9.6785,8.0235,2.2187
2001-10-10,0.9136,0.6286,109.63,1.4826,1.8189,1.4306,9.6509,7.996,2.2041
2001-10-11,0.9062,0.6252,109.55,1.4852,1.8133,1.4196,9.5635,7.972,2.1968
2001-10-12,0.904,0.6248,109.65,1.4825,1.809,1.4114,9.521,7.9555,2.1849
2001-10-15,0.9097,0.6273,109.8,1.4776,1.7702,1.4205,9.5033,7.9735,2.1603
2001-10-16,0.9052,0.6262,110.05,1.4809,1.7641,1.411,9.4865,7.9705,2.1576
2001-10-17,0.9022,0.6241,109.75,1.484,1.7628,1.4121,9.4515,7.9495,2.1504
2001-10-18,0.9026,0.6249,109.23,1.478,1.775,1.4211,9.4936,7.9575,2.1645
2001-10-19,0.9009,0.6249,109.1,1.4777,1.7793,1.4204,9.4715,7.969,2.1665
2001-10-22,0.8969,0.627,109.18,1.4754,1.7672,1.4136,9.5069,7.98,2.1547
2001-10-23,0.8887,0.6258,109.03,1.4791,1.747,1.4008,9.5085,7.949,2.1322
2001-10-24,0.8917,0.6257,109.48,1.4798,1.755,1.4033,9.4942,7.945,2.13
2001-10-25,0.8889,0.624,109.56,1.4779,1.7563,1.3992,9.4482,7.949,2.1417
2001-10-26,0.8911,0.6234,109.25,1.4746,1.7767,1.4027,9.4315,7.9525,2.1605
2001-10-29,0.9005,0.621,109.94,1.4738,1.7833,1.4199,9.4742,7.968,2.1717
2001-10-30,0.9064,0.6232,110.42,1.4703,1.7816,1.4281,9.5832,7.9745,2.1768
2001-10-31,0.9042,0.6213,110.37,1.4682,1.7942,1.4347,9.6122,7.9985,2.193
2001-11-01,0.9097,0.6206,110.72,1.4725,1.7781,1.4486,9.585,7.985,2.1823
2001-11-02,0.9056,0.6183,110.05,1.4741,1.7864,1.4464,9.5336,7.969,2.1861
2001-11-05,0.8961,0.6162,109.3,1.4713,1.7665,1.4272,9.5117,7.9515,2.1595
2001-11-06,0.8961,0.6152,108.46,1.4715,1.747,1.4282,9.48,7.9265,2.1345
2001-11-07,0.9014,0.6155,108.98,1.4704,1.7485,1.4354,9.474,7.9585,2.147
2001-11-08,0.8972,0.6128,108.25,1.4679,1.7434,1.4324,9.38,7.892,2.141
2001-11-09,0.893,0.6144,107.47,1.4667,1.7347,1.4278,9.4244,7.8935,2.1321
2001-11-12,0.8919,0.61355,107.66,1.4634,1.7166,1.429,9.4107,7.897,2.1118
2001-11-13,0.8842,0.6125,107.14,1.4655,1.704,1.4113,9.3595,7.884,2.0935
2001-11-14,0.8803,0.6126,107.2,1.4701,1.6855,1.4,9.334,7.844,2.0815
2001-11-15,0.8825,0.6149,107.91,1.4709,1.6989,1.4049,9.3345,7.9,2.1035
2001-11-16,0.8845,0.6175,108.46,1.4674,1.6893,1.4075,9.377,7.92,2.1145
2001-11-19,0.8793,0.6186,108.48,1.4651,1.6868,1.3928,9.3665,7.922,2.115
2001-11-20,0.8824,0.6227,108.47,1.458,1.6941,1.4044,9.366,7.9125,2.1255
2001-11-21,0.8791,0.6194,108.02,1.4573,1.6982,1.4052,9.4082,7.894,2.1337
2001-11-22,0.8778,0.6211,108.66,1.4594,1.7006,1.4048,9.3868,7.883,2.1436
2001-11-23,0.8795,0.6219,109.1,1.4617,1.701,1.4055,9.3611,7.929,2.1415
2001-11-26,0.8818,0.622,109.33,1.4663,1.7007,1.41,9.3641,7.9495,2.1333
2001-11-27,0.8788,0.6236,108.99,1.4641,1.683,1.4,9.3412,7.941,2.1148
2001-11-28,0.8831,0.6235,108.94,1.4586,1.695,1.4031,9.4084,7.9415,2.1335
2001-11-29,0.8887,0.6236,109.23,1.4635,1.7125,1.4061,9.468,7.948,2.1474
2001-11-30,0.8898,0.6238,110.06,1.4724,1.7073,1.4057,9.491,7.951,2.1338
2001-12-03,0.8925,0.6275,110.21,1.4732,1.7203,1.4054,9.5736,8.0015,2.1533
2001-12-04,0.8902,0.6259,110.5,1.4726,1.7227,1.4007,9.4739,7.9665,2.1523
2001-12-05,0.8919,0.627,110.84,1.4747,1.7323,1.4035,9.4457,8.0,2.1551
2001-12-06,0.8889,0.62555,110.72,1.4741,1.7176,1.3973,9.3619,7.976,2.136
2001-12-07,0.8911,0.6241,111.5,1.4787,1.7245,1.405,9.3573,7.977,2.1422
2001-12-10,0.885,0.6198,111.82,1.4806,1.7209,1.3966,9.3443,7.9895,2.1338
2001-12-11,0.8908,0.621,112.3,1.4792,1.7325,1.4063,9.3669,8.002,2.1375
2001-12-12,0.8938,0.6207,112.6,1.4739,1.7235,1.4005,9.3833,8.0065,2.1242
2001-12-13,0.8975,0.6209,113.29,1.473,1.7241,1.4066,9.3588,8.0235,2.1392
2001-12-14,0.9016,0.6217,115.05,1.4737,1.7398,1.414,9.4642,8.028,2.1582
2001-12-17,0.9049,0.6213,115.68,1.4772,1.7458,1.4129,9.4817,8.037,2.163
2001-12-18,0.9012,0.6189,115.26,1.4744,1.7452,1.4141,9.4648,7.9935,2.1588
2001-12-19,0.8983,0.6197,114.68,1.4734,1.7465,1.4169,9.5029,7.9805,2.1565
2001-12-20,0.8973,0.6203,115.05,1.4675,1.7677,1.4155,9.512,7.984,2.1751
2001-12-21,0.8943,0.6176,115.88,1.4642,1.7649,1.4145,9.5065,7.987,2.1621
2001-12-24,0.8798,0.6127,114.23,1.4721,1.7319,1.4044,9.505,7.9755,2.1177
2001-12-27,0.8823,0.609,115.9,1.4835,1.7384,1.4134,9.4413,7.961,2.134
2001-12-28,0.8813,0.6085,115.33,1.4829,1.728,1.4077,9.3012,7.9515,2.1215
2002-01-02,0.9038,0.6262,119.53,1.4833,1.7603,1.4436,9.2825,8.0115,2.1469
2002-01-03,0.9036,0.6254,119.02,1.4856,1.752,1.4422,9.2337,8.0105,2.1279
2002-01-04,0.8954,0.6217,117.18,1.4789,1.728,1.4305,9.2353,7.9865,2.0916
2002-01-07,0.8905,0.6194,116.72,1.4719,1.718,1.4212,9.211,7.975,2.0838
2002-01-08,0.8909,0.6182,118.22,1.4703,1.711,1.4267,9.2353,7.9585,2.0774
2002-01-09,0.8921,0.61875,118.05,1.4791,1.707,1.4231,9.246,7.9475,2.0812
2002-01-10,0.8909,0.6172,117.96,1.4833,1.6968,1.4254,9.1795,7.951,2.074
2002-01-11,0.8919,0.6179,117.82,1.4795,1.7119,1.4292,9.1505,7.952,2.103
2002-01-14,0.8927,0.6157,117.64,1.4791,1.7229,1.4252,9.2021,7.944,2.1077
2002-01-15,0.8922,0.6165,116.97,1.4791,1.7196,1.4209,9.2287,7.9495,2.1105
2002-01-16,0.8817,0.6135,115.83,1.4705,1.7136,1.4027,9.2141,7.912,2.101
2002-01-17,0.8819,0.6144,116.47,1.4659,1.7137,1.423,9.2802,7.901,2.0945
2002-01-18,0.881,0.6141,117.08,1.4698,1.7129,1.4219,9.2458,7.9105,2.0847
2002-01-21,0.884,0.6156,117.24,1.4692,1.7072,1.4297,9.2175,7.914,2.0686
2002-01-22,0.883,0.6184,118.53,1.4686,1.7015,1.4202,9.2422,7.903,2.0587
2002-01-23,0.8856,0.6203,118.72,1.4737,1.7013,1.4233,9.2868,7.9225,2.0655
2002-01-24,0.8767,0.6169,117.95,1.4687,1.6976,1.403,9.2355,7.876,2.0626
2002-01-25,0.8663,0.6126,116.35,1.4716,1.6805,1.3934,9.2463,7.857,2.0436
2002-01-28,0.8578,0.6096,114.91,1.4736,1.6679,1.383,9.2275,7.8395,2.0368
2002-01-29,0.8624,0.6106,114.94,1.4717,1.677,1.3697,9.2251,7.8405,2.041
2002-01-30,0.8642,0.611,114.69,1.4709,1.7074,1.3712,9.209,7.8535,2.0832
2002-01-31,0.8637,0.6111,114.73,1.4748,1.6976,1.3672,9.17,7.841,2.072
2002-02-01,0.8632,0.61,115.66,1.4781,1.6933,1.3709,9.188,7.8405,2.068
2002-02-04,0.8644,0.6097,115.22,1.4805,1.693,1.3747,9.2148,7.8375,2.0645
2002-02-05,0.8683,0.6115,115.68,1.4751,1.6993,1.3881,9.2574,7.855,2.077
2002-02-06,0.8664,0.6122,115.55,1.4703,1.7067,1.3879,9.213,7.829,2.08
2002-02-07,0.8664,0.6149,115.74,1.4722,1.707,1.3902,9.229,7.802,2.0865
2002-02-08,0.874,0.6183,117.46,1.4722,1.7125,1.3956,9.2601,7.8315,2.092
2002-02-11,0.8794,0.6176,117.76,1.4781,1.7141,1.4015,9.2598,7.836,2.0871
2002-02-12,0.8753,0.6136,116.95,1.4766,1.721,1.393,9.25,7.832,2.0943
2002-02-13,0.8731,0.6102,115.65,1.4776,1.719,1.3926,9.2303,7.827,2.09
2002-02-14,0.8693,0.6093,114.91,1.4828,1.6864,1.3819,9.1915,7.7795,2.0671
2002-02-15,0.8705,0.6095,115.61,1.4813,1.6833,1.3852,9.1788,7.764,2.066
2002-02-18,0.8715,0.6098,115.68,1.4804,1.684,1.3862,9.1955,7.7475,2.0625
2002-02-19,0.8692,0.6101,116.3,1.4786,1.683,1.3814,9.1922,7.7485,2.068
2002-02-20,0.8743,0.6114,116.9,1.4812,1.6903,1.3908,9.194,7.7635,2.0795
2002-02-21,0.8701,0.6105,116.79,1.4793,1.6883,1.3823,9.1314,7.7375,2.081
2002-02-22,0.8747,0.6117,117.07,1.4796,1.6975,1.3914,9.1548,7.762,2.0859
2002-02-25,0.8724,0.6114,116.66,1.4772,1.6995,1.3938,9.11,7.753,2.0915
2002-02-26,0.8682,0.6092,116.38,1.4761,1.6891,1.3939,9.0649,7.735,2.077
2002-02-27,0.8649,0.61,116.6,1.4767,1.6832,1.3896,9.0779,7.713,2.0673
2002-02-28,0.8651,0.61115,116.07,1.4759,1.6761,1.3886,9.0625,7.712,2.0576
2002-03-01,0.8679,0.6103,115.69,1.4759,1.6783,1.3886,9.089,7.706,2.0575
2002-03-04,0.8649,0.6097,114.4,1.4779,1.662,1.3762,9.065,7.6915,2.0315
2002-03-05,0.8682,0.6109,114.46,1.4766,1.6692,1.3798,9.041,7.6885,2.0426
2002-03-06,0.8712,0.6125,114.86,1.4767,1.6743,1.3836,9.04,7.7065,2.046
2002-03-07,0.8764,0.6165,112.96,1.4719,1.673,1.3855,9.0665,7.712,2.036
2002-03-08,0.8797,0.6162,112.5,1.4708,1.6785,1.3946,9.0675,7.72,2.0464
2002-03-11,0.8741,0.6153,112.52,1.4716,1.6785,1.3872,9.084,7.726,2.0473
2002-03-12,0.8733,0.6177,112.4,1.4678,1.681,1.3831,9.0852,7.7165,2.045
2002-03-13,0.8734,0.6192,113.02,1.4681,1.681,1.385,9.12,7.7455,2.039
2002-03-14,0.8803,0.6209,113.25,1.4655,1.688,1.4055,9.1335,7.7645,2.0508
2002-03-15,0.8853,0.6213,114.12,1.4617,1.6879,1.4098,9.133,7.7675,2.037
2002-03-18,0.8792,0.6174,115.31,1.4633,1.6793,1.3951,9.0771,7.7485,2.0214
2002-03-19,0.8829,0.6181,115.97,1.4661,1.6837,1.3969,9.0689,7.7395,2.033
2002-03-20,0.8814,0.6196,115.72,1.4642,1.6638,1.3908,9.0284,7.7155,2.0041
2002-03-21,0.8817,0.618,116.56,1.4633,1.6619,1.3956,9.0139,7.699,2.002
2002-03-22,0.8795,0.6169,116.76,1.4602,1.6536,1.3859,9.0175,7.693,1.9989
2002-03-25,0.8759,0.6135,116.66,1.4608,1.6477,1.3871,9.0038,7.7025,1.9941
2002-03-26,0.8737,0.6138,116.32,1.4614,1.6529,1.3927,9.0015,7.709,1.9999
2002-03-27,0.8746,0.6139,115.92,1.4656,1.6569,1.3897,9.0221,7.711,2.0068
2002-03-28,0.8724,0.613,115.51,1.467,1.6382,1.3923,9.0304,7.703,1.9825
2002-04-02,0.8786,0.6109,117.2,1.4625,1.6464,1.4059,9.0231,7.6965,1.9892
2002-04-03,0.8803,0.6121,116.87,1.4627,1.6572,1.401,9.0632,7.6675,2.0082
2002-04-04,0.8818,0.6139,116.68,1.4617,1.6567,1.4029,9.0752,7.6455,1.9976
2002-04-05,0.8786,0.6125,115.98,1.4658,1.6531,1.3997,9.0311,7.646,1.9998
2002-04-08,0.8778,0.6118,115.61,1.4637,1.6626,1.3957,9.0561,7.632,2.0223
2002-04-09,0.8763,0.6123,115.29,1.4665,1.655,1.3985,9.0806,7.634,2.0099
2002-04-10,0.8798,0.6123,114.74,1.4666,1.6576,1.4023,9.0922,7.641,2.0098
2002-04-11,0.8794,0.6127,115.8,1.4674,1.6451,1.3978,9.0867,7.623,1.9925
2002-04-12,0.8803,0.6125,116.28,1.4656,1.6455,1.3989,9.098,7.6235,1.9904
2002-04-15,0.8802,0.6124,115.79,1.4674,1.6525,1.3964,9.1096,7.614,1.9966
2002-04-16,0.8803,0.6126,115.73,1.4695,1.6582,1.3974,9.1453,7.633,2.0066
2002-04-17,0.888,0.6148,115.97,1.4707,1.6524,1.4014,9.1438,7.6375,1.9966
2002-04-18,0.8895,0.6154,116.09,1.4685,1.6528,1.3986,9.1535,7.634,1.9998
2002-04-19,0.8886,0.6144,115.92,1.4673,1.6464,1.3992,9.1671,7.604,1.9857
2002-04-22,0.8882,0.6138,115.36,1.4667,1.6464,1.3974,9.208,7.6095,1.9886
2002-04-23,0.8872,0.6132,115.42,1.4684,1.6492,1.3953,9.1913,7.5925,1.99
2002-04-24,0.8892,0.615,115.43,1.4656,1.6475,1.3959,9.1707,7.6235,1.9915
2002-04-25,0.8969,0.6178,115.27,1.4647,1.6471,1.4032,9.2307,7.585,1.989
2002-04-26,0.8971,0.6177,115.22,1.4644,1.6507,1.4034,9.231,7.5745,1.9965
2002-04-29,0.9038,0.6186,115.69,1.4637,1.6689,1.413,9.24,7.5745,2.0122
2002-04-30,0.9008,0.6188,115.66,1.4621,1.6772,1.4126,9.254,7.573,2.0163
2002-05-02,0.9032,0.6179,115.51,1.4564,1.6824,1.4123,9.2685,7.557,2.0213
2002-05-03,0.9083,0.6192,115.55,1.4548,1.6876,1.4165,9.2645,7.5645,2.0284
2002-05-06,0.9144,0.623,116.34,1.4563,1.6982,1.431,9.2753,7.587,2.0429
2002-05-07,0.9125,0.623,116.97,1.4592,1.6867,1.4322,9.3725,7.623,2.0366
2002-05-08,0.9088,0.6227,116.86,1.4563,1.678,1.4238,9.312,7.5815,2.0162
2002-05-09,0.9061,0.6221,116.6,1.4547,1.6753,1.4222,9.3086,7.58,2.0129
2002-05-10,0.9118,0.6239,116.6,1.4547,1.677,1.4234,9.3055,7.5645,2.016
2002-05-13,0.9118,0.6244,116.42,1.4543,1.6686,1.4199,9.343,7.548,2.002
2002-05-14,0.9062,0.624,116.17,1.4554,1.6596,1.4127,9.2895,7.5475,1.9895
2002-05-15,0.903,0.6228,115.83,1.4562,1.6533,1.4081,9.213,7.536,1.9777
2002-05-16,0.9124,0.6253,116.3,1.4559,1.661,1.4184,9.2315,7.541,1.982
2002-05-17,0.9152,0.6279,115.65,1.4568,1.6605,1.4189,9.219,7.545,1.9767
2002-05-20,0.9202,0.6302,115.59,1.4538,1.6684,1.4182,9.2125,7.551,1.9764
2002-05-21,0.9213,0.6321,115.02,1.4525,1.6591,1.4169,9.1733,7.536,1.973
2002-05-22,0.926,0.634,115.15,1.4526,1.6598,1.4251,9.1694,7.505,1.9605
2002-05-23,0.9213,0.6323,115.28,1.4537,1.6598,1.4162,9.1273,7.483,1.9635
2002-05-24,0.9188,0.6327,114.94,1.458,1.6578,1.4157,9.1128,7.4435,1.963
2002-05-27,0.919,0.6318,114.83,1.459,1.6516,1.4114,9.1416,7.44,1.9419
2002-05-28,0.9255,0.6344,115.31,1.4627,1.6503,1.4184,9.1392,7.404,1.9449
2002-05-29,0.932,0.6373,115.87,1.4658,1.6494,1.4244,9.1575,7.406,1.9541
2002-05-30,0.9375,0.6395,115.76,1.4657,1.66,1.4383,9.1133,7.434,1.9658
2002-05-31,0.9387,0.6405,116.39,1.4644,1.6514,1.4382,9.107,7.478,1.9441
2002-06-03,0.9313,0.6402,115.67,1.4673,1.6424,1.4287,9.0748,7.4385,1.9302
2002-06-04,0.9435,0.645,116.44,1.4682,1.64,1.4417,9.1451,7.4435,1.9158
2002-06-05,0.9371,0.643,116.55,1.4704,1.636,1.4375,9.1268,7.4035,1.9193
2002-06-06,0.9386,0.6438,117.13,1.4744,1.6401,1.4366,9.152,7.389,1.9166
2002-06-07,0.9452,0.6465,117.56,1.471,1.6482,1.4475,9.2247,7.443,1.9268
2002-06-10,0.9459,0.6473,117.93,1.4725,1.6583,1.4527,9.2104,7.4255,1.9365
2002-06-11,0.9417,0.643,118.14,1.4752,1.6623,1.4516,9.1515,7.424,1.9355
2002-06-12,0.9452,0.6431,118.73,1.4774,1.6594,1.4541,9.1678,7.413,1.9255
2002-06-13,0.9417,0.6404,118.24,1.4762,1.6568,1.4491,9.1413,7.413,1.9246
2002-06-14,0.9478,0.642,117.75,1.4752,1.672,1.4648,9.1664,7.4155,1.9443
2002-06-17,0.9426,0.6386,117.1,1.4765,1.6899,1.4594,9.0785,7.415,1.9542
2002-06-18,0.9484,0.6393,118.13,1.4762,1.6836,1.4635,9.0588,7.421,1.9439
2002-06-19,0.9561,0.6408,118.37,1.474,1.6891,1.4747,9.078,7.376,1.9602
2002-06-20,0.9592,0.6422,118.68,1.47,1.686,1.4737,9.0585,7.3505,1.959
2002-06-21,0.9636,0.6444,117.92,1.4693,1.6831,1.4728,9.0445,7.376,1.9486
2002-06-24,0.9781,0.6501,118.62,1.4694,1.6952,1.4836,9.0978,7.4005,1.9605
2002-06-25,0.9712,0.6464,118.2,1.4688,1.7026,1.4777,9.0245,7.345,1.9867
2002-06-26,0.9917,0.6491,118.54,1.4658,1.727,1.4995,9.0965,7.365,1.996
2002-06-27,0.9824,0.646,118.07,1.4722,1.743,1.4844,9.0736,7.398,2.0096
2002-06-28,0.9975,0.6498,118.2,1.4721,1.7702,1.5005,9.1015,7.4305,2.0397
2002-07-01,0.9913,0.6469,118.72,1.4699,1.7667,1.504,9.079,7.414,2.04
2002-07-02,0.9838,0.6432,118.51,1.4663,1.7563,1.5032,9.0441,7.3535,2.0218
2002-07-03,0.978,0.6421,117.44,1.462,1.7526,1.4943,9.1293,7.3415,2.008
2002-07-04,0.979,0.6414,117.46,1.4646,1.7608,1.4995,9.1285,7.3225,2.0152
2002-07-05,0.9725,0.6412,116.98,1.4659,1.745,1.4875,9.1253,7.307,2.0053
2002-07-08,0.9828,0.6422,116.8,1.4688,1.7445,1.497,9.1587,7.305,2.0059
2002-07-09,0.993,0.6425,117.32,1.4721,1.7536,1.511,9.185,7.3095,2.0185
2002-07-10,0.9898,0.6396,116.7,1.4719,1.7405,1.5034,9.2402,7.296,2.0114
2002-07-11,0.9836,0.6379,115.43,1.4673,1.766,1.5001,9.2757,7.285,2.047
2002-07-12,0.9873,0.6382,115.62,1.4681,1.7647,1.5063,9.228,7.329,2.042
2002-07-15,1.0024,0.6413,116.22,1.4694,1.7839,1.5371,9.24,7.357,2.0518
2002-07-16,1.0127,0.6438,117.18,1.4675,1.8054,1.5574,9.304,7.3725,2.0805
2002-07-17,1.0064,0.6432,117.39,1.466,1.8143,1.5512,9.3234,7.3775,2.085
2002-07-18,1.0058,0.6428,117.7,1.4642,1.8225,1.5502,9.278,7.381,2.09
2002-07-19,1.0146,0.643,117.74,1.4635,1.8271,1.5563,9.3665,7.438,2.0926
2002-07-22,1.0086,0.6411,117.33,1.4559,1.8243,1.5596,9.4794,7.482,2.082
2002-07-23,0.991,0.6329,116.37,1.4549,1.823,1.5625,9.4645,7.548,2.0763
2002-07-24,0.9915,0.6331,115.72,1.4517,1.8494,1.5742,9.5451,7.5485,2.1401
2002-07-25,1.0014,0.636,116.8,1.4494,1.8495,1.5713,9.4182,7.547,2.1451
2002-07-26,1.0008,0.6337,117.55,1.4502,1.8548,1.5722,9.4421,7.563,2.1555
2002-07-29,0.9821,0.6285,117.42,1.4529,1.8213,1.5527,9.262,7.505,2.107
2002-07-30,0.9835,0.6294,117.64,1.4579,1.8055,1.5456,9.2235,7.505,2.0863
2002-07-31,0.9783,0.6261,117.42,1.4546,1.7885,1.5425,9.2445,7.427,2.0788
2002-08-01,0.976,0.6274,116.94,1.4505,1.8121,1.5461,9.3205,7.449,2.1074
2002-08-02,0.9873,0.6295,117.62,1.4504,1.8277,1.5688,9.4737,7.5075,2.1216
2002-08-05,0.9836,0.6297,117.1,1.4543,1.8327,1.5606,9.4471,7.528,2.1295
2002-08-06,0.9689,0.6279,117.12,1.4546,1.8391,1.5486,9.3565,7.5,2.1505
2002-08-07,0.9698,0.6311,116.89,1.459,1.8206,1.5313,9.3125,7.508,2.1415
2002-08-08,0.9687,0.6335,116.92,1.4621,1.8113,1.5228,9.2955,7.478,2.1292
2002-08-09,0.9729,0.6355,117.17,1.4588,1.8153,1.529,9.312,7.4635,2.1256
2002-08-12,0.978,0.6386,116.53,1.4618,1.8083,1.5368,9.282,7.466,2.1108
2002-08-13,0.9799,0.6391,116.54,1.4644,1.8217,1.5435,9.259,7.4495,2.1243
2002-08-14,0.9857,0.6394,114.9,1.4596,1.8312,1.5426,9.2853,7.448,2.133
2002-08-15,0.9777,0.6381,114.82,1.4626,1.8069,1.5252,9.2153,7.429,2.105
2002-08-16,0.9825,0.6403,115.37,1.4645,1.802,1.5315,9.2356,7.374,2.1138
2002-08-19,0.9799,0.638,116.15,1.4673,1.8018,1.5249,9.2218,7.382,2.099
2002-08-20,0.9792,0.6416,116.3,1.4694,1.794,1.5387,9.1985,7.355,2.0876
2002-08-21,0.9762,0.6406,115.81,1.4692,1.79,1.5308,9.1671,7.3575,2.0845
2002-08-22,0.977,0.6395,116.24,1.4691,1.8087,1.5224,9.152,7.396,2.1054
2002-08-23,0.9697,0.6384,116.3,1.4724,1.784,1.5105,9.1999,7.4065,2.074
2002-08-26,0.9701,0.6382,116.13,1.4699,1.7845,1.5097,9.1325,7.3895,2.0757
2002-08-27,0.9774,0.64,115.46,1.4697,1.7666,1.5154,9.134,7.3805,2.0727
2002-08-28,0.9826,0.6394,116.02,1.4706,1.7782,1.5283,9.1425,7.381,2.082
2002-08-29,0.9843,0.6383,116.04,1.4702,1.783,1.534,9.1585,7.3945,2.098
2002-08-30,0.9833,0.6352,116.35,1.4694,1.78,1.5315,9.1731,7.3815,2.097
2002-09-02,0.9821,0.6343,116.08,1.4714,1.7803,1.5301,9.2303,7.3925,2.0891
2002-09-03,0.991,0.6363,116.23,1.4698,1.8016,1.539,9.2835,7.4375,2.1055
2002-09-04,0.9947,0.6354,117.05,1.4646,1.8262,1.5444,9.344,7.4425,2.1339
2002-09-05,0.9975,0.6354,117.34,1.4582,1.832,1.5691,9.2951,7.3815,2.1375
2002-09-06,0.9918,0.63255,117.32,1.459,1.8222,1.5558,9.2255,7.3535,2.1165
2002-09-09,0.9794,0.6287,116.79,1.4576,1.7935,1.529,9.2039,7.358,2.0902
2002-09-10,0.976,0.6281,116.44,1.4603,1.775,1.5315,9.2085,7.391,2.0715
2002-09-11,0.9749,0.6264,116.93,1.4624,1.7826,1.5386,9.1675,7.379,2.076
2002-09-12,0.9757,0.6274,117.17,1.4656,1.7646,1.5425,9.1761,7.371,2.0539
2002-09-13,0.981,0.6286,117.94,1.4679,1.7793,1.5521,9.2475,7.359,2.0635
2002-09-16,0.9683,0.628,118.3,1.4684,1.7692,1.5318,9.1035,7.3415,2.0601
2002-09-17,0.9649,0.6297,118.64,1.4717,1.7683,1.5217,9.0978,7.356,2.06
2002-09-18,0.9725,0.6316,118.5,1.469,1.7764,1.543,9.1281,7.3645,2.0663
2002-09-19,0.9814,0.6314,118.85,1.4678,1.7778,1.5416,9.0955,7.3245,2.064
2002-09-20,0.979,0.6333,120.66,1.4662,1.7919,1.5403,9.0937,7.362,2.0772
2002-09-23,0.9831,0.6319,121.04,1.4636,1.7982,1.547,9.058,7.355,2.0862
2002-09-24,0.9828,0.6311,121.02,1.4626,1.8087,1.5617,9.089,7.321,2.0905
2002-09-25,0.9771,0.6271,119.99,1.4645,1.7913,1.5495,9.1035,7.3145,2.0737
2002-09-26,0.9796,0.6274,120.22,1.4644,1.8021,1.5461,9.1176,7.322,2.0941
2002-09-27,0.9779,0.6282,119.81,1.4666,1.7948,1.5409,9.106,7.3325,2.0747
2002-09-30,0.986,0.6295,119.67,1.4611,1.8101,1.5566,9.1516,7.3415,2.0936
2002-10-01,0.9861,0.6277,120.67,1.4574,1.8185,1.5639,9.108,7.315,2.0996
2002-10-02,0.9835,0.6279,120.94,1.4604,1.8067,1.5556,9.07,7.302,2.0732
2002-10-03,0.989,0.6296,121.47,1.4597,1.8179,1.5733,9.096,7.3125,2.0788
2002-10-04,0.9865,0.629,121.11,1.4618,1.8024,1.5665,9.0906,7.304,2.0653
2002-10-07,0.9808,0.6265,121.84,1.4621,1.7832,1.5608,9.0918,7.2885,2.0268
2002-10-08,0.98,0.6266,121.73,1.4671,1.7878,1.559,9.1565,7.276,2.0321
2002-10-09,0.9814,0.6318,121.89,1.4666,1.7925,1.5668,9.1561,7.262,2.0461
2002-10-10,0.9875,0.6317,122.08,1.4626,1.7998,1.5719,9.172,7.305,2.0571
2002-10-11,0.9857,0.6321,122.53,1.4636,1.7981,1.5648,9.111,7.283,2.0515
2002-10-14,0.9873,0.6322,122.57,1.4622,1.8063,1.5648,9.095,7.2815,2.0616
2002-10-15,0.981,0.631,122.56,1.4672,1.7948,1.5531,9.0695,7.2975,2.0465
2002-10-16,0.9823,0.6318,121.86,1.4681,1.7947,1.559,9.0681,7.3095,2.0485
2002-10-17,0.9763,0.62665,121.34,1.4669,1.774,1.539,9.0947,7.412,2.0274
2002-10-18,0.9735,0.6283,121.83,1.4682,1.7665,1.5304,9.096,7.4015,2.0218
2002-10-21,0.9748,0.63,121.53,1.4693,1.7616,1.53,9.0678,7.398,2.0198
2002-10-22,0.9768,0.6315,122.32,1.4693,1.7643,1.527,9.109,7.434,2.0205
2002-10-23,0.9775,0.6313,121.17,1.4662,1.7668,1.5331,9.14,7.4015,2.015
2002-10-24,0.9738,0.6295,121.08,1.4675,1.7543,1.5221,9.135,7.374,2.0002
2002-10-25,0.9763,0.6286,121.21,1.4663,1.7572,1.5277,9.1286,7.358,2.0055
2002-10-28,0.9745,0.6299,121.53,1.468,1.7501,1.5237,9.082,7.371,1.9961
2002-10-29,0.982,0.6307,121.21,1.4657,1.7579,1.5329,9.1056,7.391,2.0125
2002-10-30,0.9825,0.6317,120.65,1.4649,1.7741,1.5365,9.0834,7.39,2.031
2002-10-31,0.9864,0.6326,121.04,1.4633,1.7813,1.5449,9.09,7.365,2.0405
2002-11-01,0.9974,0.6368,121.58,1.4606,1.7915,1.5531,9.0888,7.3685,2.0365
2002-11-04,0.9944,0.639,121.85,1.4633,1.7726,1.5483,9.1424,7.3705,2.0095
2002-11-05,1.0024,0.6413,121.95,1.4613,1.7815,1.5601,9.1423,7.3715,2.0151
2002-11-06,0.9955,0.6394,121.84,1.4633,1.7756,1.5507,9.1275,7.3595,2.0099
2002-11-07,1.0013,0.6384,121.98,1.4641,1.7758,1.5536,9.1393,7.3545,2.0121
2002-11-08,1.0107,0.6375,121.95,1.4633,1.7861,1.5752,9.1215,7.332,2.0299
2002-11-11,1.0126,0.637,120.9,1.4632,1.8075,1.5905,9.097,7.2975,2.05
2002-11-12,1.0081,0.6358,120.61,1.4616,1.7952,1.5844,9.0833,7.3025,2.041
2002-11-13,1.0068,0.6343,120.8,1.4632,1.7983,1.5899,9.0728,7.321,2.0341
2002-11-14,1.0095,0.6355,120.85,1.4651,1.7935,1.5911,9.0973,7.3145,2.0205
2002-11-15,1.0029,0.6362,121.05,1.4664,1.7805,1.5869,9.0835,7.3025,2.0072
2002-11-18,1.0065,0.6374,121.98,1.4676,1.7896,1.5934,9.0725,7.3135,2.0241
2002-11-19,1.0125,0.6373,122.75,1.4681,1.7988,1.6101,9.0723,7.327,2.0325
2002-11-20,1.0019,0.6364,122.67,1.4675,1.7915,1.5866,9.078,7.331,2.0224
2002-11-21,1.0034,0.6356,122.75,1.4687,1.7845,1.5851,9.0633,7.3155,1.9932
2002-11-22,1.0024,0.6335,122.88,1.4718,1.7788,1.5837,9.0181,7.3045,1.9915
2002-11-25,0.9905,0.6326,121.84,1.4746,1.7692,1.5597,9.0117,7.304,1.9856
2002-11-26,0.991,0.6345,120.92,1.4736,1.7698,1.5573,9.0354,7.264,1.9886
2002-11-27,0.9927,0.6413,120.57,1.4757,1.7829,1.5628,9.0608,7.275,2.0123
2002-11-28,0.9934,0.6395,121.37,1.4746,1.7806,1.5634,9.0654,7.288,2.0097
2002-11-29,0.9927,0.6395,121.56,1.4754,1.7755,1.5586,9.0453,7.282,1.999
2002-12-02,0.9871,0.6382,123.14,1.4774,1.7649,1.5364,9.0071,7.2625,1.9752
2002-12-03,0.9967,0.6374,124.08,1.4721,1.7827,1.5516,9.0365,7.275,1.9974
2002-12-04,1.0018,0.6367,124.75,1.4721,1.7854,1.5607,9.0543,7.2655,2.0012
2002-12-05,0.9991,0.6364,125.18,1.4727,1.7813,1.5578,9.0582,7.2745,1.993
2002-12-06,1.0006,0.6377,125.02,1.4717,1.7847,1.5591,9.0525,7.264,1.9976
2002-12-09,1.0093,0.6393,123.65,1.4737,1.7927,1.5752,9.0655,7.308,2.0052
2002-12-10,1.0111,0.6416,124.66,1.4736,1.7946,1.5768,9.1095,7.328,2.0008
2002-12-11,1.0067,0.6406,124.18,1.474,1.7955,1.5693,9.0695,7.344,2.004
2002-12-12,1.0156,0.6437,124.55,1.4768,1.7942,1.5775,9.107,7.335,1.9965
2002-12-13,1.0221,0.6445,124.46,1.4768,1.805,1.5892,9.1205,7.3295,1.9946
2002-12-16,1.0212,0.6426,123.64,1.477,1.807,1.5959,9.1288,7.31,1.991
2002-12-17,1.0307,0.6445,124.4,1.4732,1.814,1.6047,9.094,7.2945,1.9867
2002-12-18,1.024,0.6403,124.35,1.4663,1.812,1.5882,9.09,7.313,1.987
2002-12-19,1.0273,0.6403,123.87,1.4635,1.8165,1.5965,9.097,7.285,1.9903
2002-12-20,1.0255,0.6399,123.79,1.4619,1.8145,1.5899,9.0975,7.287,1.987
2002-12-23,1.0282,0.6446,123.35,1.458,1.829,1.5962,9.138,7.2895,1.9934
2002-12-24,1.0296,0.6467,123.78,1.4538,1.8262,1.5976,9.1326,7.2763,1.994
2002-12-27,1.0376,0.648,124.45,1.4567,1.8446,1.6274,9.155,7.306,2.001
2002-12-30,1.0422,0.65,124.27,1.4548,1.8515,1.6381,9.1558,7.2725,2.001
2002-12-31,1.0487,0.6505,124.39,1.4524,1.8556,1.655,9.1528,7.2756,1.9975
2003-01-02,1.0446,0.652,124.4,1.4528,1.8554,1.6422,9.127,7.267,1.9942
2003-01-03,1.0392,0.65,124.56,1.4555,1.844,1.6264,9.106,7.236,1.982
2003-01-06,1.0488,0.6495,124.4,1.4563,1.8281,1.6383,9.0913,7.242,1.9735
2003-01-07,1.0425,0.6496,124.82,1.4565,1.816,1.6257,9.067,7.237,1.963
2003-01-08,1.0377,0.6495,124.9,1.4586,1.8132,1.6231,9.0702,7.2225,1.9617
2003-01-09,1.0507,0.653,125.16,1.4597,1.8172,1.6371,9.111,7.2255,1.9685
2003-01-10,1.0503,0.6534,125.72,1.4602,1.8107,1.6285,9.1385,7.252,1.9611
2003-01-13,1.0549,0.6568,125.74,1.4613,1.8109,1.6248,9.1722,7.2895,1.9606
2003-01-14,1.0577,0.6583,125.04,1.4623,1.8115,1.6301,9.1705,7.3285,1.961
2003-01-15,1.0526,0.6592,124.47,1.4636,1.8024,1.6234,9.172,7.302,1.962
2003-01-16,1.0564,0.6585,124.74,1.4626,1.8028,1.62,9.18,7.266,1.946
2003-01-17,1.0652,0.6582,125.34,1.4598,1.8012,1.6304,9.175,7.274,1.9317
2003-01-20,1.0653,0.6635,125.96,1.4608,1.8056,1.6367,9.1968,7.318,1.9364
2003-01-21,1.0653,0.6626,126.5,1.4614,1.8134,1.6362,9.1887,7.343,1.9463
2003-01-22,1.0718,0.6645,126.51,1.4622,1.8273,1.6408,9.2535,7.389,1.969
2003-01-23,1.0757,0.6638,126.99,1.4635,1.819,1.6409,9.2458,7.406,1.961
2003-01-24,1.0784,0.6606,127.4,1.4666,1.8235,1.6448,9.2503,7.457,1.9655
2003-01-27,1.087,0.6647,127.92,1.4673,1.8338,1.6504,9.246,7.4555,1.978
2003-01-28,1.0808,0.6597,128.08,1.4692,1.8367,1.6501,9.2228,7.47,1.9795
2003-01-29,1.0868,0.6599,128.49,1.4678,1.8395,1.6543,9.2135,7.458,1.9775
2003-01-30,1.0748,0.6534,128.23,1.4702,1.8285,1.641,9.187,7.4315,1.9655
2003-01-31,1.0816,0.6557,129.17,1.4678,1.8397,1.6562,9.2285,7.452,1.982
2003-02-03,1.0729,0.6553,129.27,1.4684,1.8405,1.6303,9.2334,7.479,1.979
2003-02-04,1.0822,0.6571,129.95,1.4673,1.8361,1.6415,9.2427,7.487,1.9736
2003-02-05,1.091,0.6607,130.3,1.4666,1.8425,1.6523,9.2489,7.5635,1.9815
2003-02-06,1.0813,0.6592,129.62,1.4666,1.8312,1.648,9.1989,7.5145,1.9741
2003-02-07,1.0789,0.6628,129.49,1.4667,1.8281,1.6434,9.1617,7.469,1.97
2003-02-10,1.0808,0.6614,130.23,1.4658,1.823,1.6458,9.1594,7.4625,1.958
2003-02-11,1.0706,0.6606,130.04,1.4669,1.818,1.6366,9.145,7.466,1.9525
2003-02-12,1.0731,0.6638,129.96,1.4674,1.813,1.6403,9.1338,7.4615,1.945
2003-02-13,1.0758,0.6644,130.38,1.4688,1.8216,1.6411,9.1065,7.4935,1.9565
2003-02-14,1.0793,0.6677,130.04,1.4692,1.8186,1.6393,9.1066,7.5355,1.9549
2003-02-17,1.0716,0.6704,128.83,1.4725,1.8178,1.6315,9.1045,7.515,1.9505
2003-02-18,1.0714,0.6713,127.32,1.4701,1.814,1.6325,9.1215,7.5215,1.9454
2003-02-19,1.0717,0.6727,127.56,1.4722,1.808,1.6229,9.1013,7.5255,1.94
2003-02-20,1.0763,0.67445,127.84,1.4707,1.8059,1.6212,9.1073,7.536,1.9407
2003-02-21,1.0838,0.679,128.7,1.4673,1.8081,1.6316,9.13,7.547,1.9345
2003-02-24,1.0721,0.68,126.35,1.4692,1.781,1.6054,9.1248,7.553,1.9012
2003-02-25,1.0774,0.684,126.22,1.4649,1.7789,1.6059,9.118,7.6295,1.9037
2003-02-26,1.0753,0.6822,126.21,1.4612,1.7757,1.6081,9.0996,7.6115,1.9084
2003-02-27,1.0822,0.6842,126.45,1.463,1.7802,1.612,9.1203,7.7825,1.9132
2003-02-28,1.0782,0.6842,127.32,1.4629,1.7816,1.6088,9.1458,7.725,1.9314
2003-03-03,1.08,0.6853,127.42,1.4621,1.7653,1.6028,9.193,7.7335,1.93
2003-03-04,1.0919,0.6899,128.38,1.4595,1.7808,1.6209,9.1925,7.777,1.9417
2003-03-05,1.0966,0.6876,128.77,1.459,1.7778,1.6157,9.189,7.7775,1.9455
2003-03-06,1.0963,0.6831,128.73,1.464,1.784,1.6137,9.2155,7.831,1.941
2003-03-07,1.1039,0.6867,128.68,1.4653,1.7898,1.617,9.2395,7.883,1.9498
2003-03-10,1.1042,0.6905,128.71,1.4686,1.7948,1.6161,9.2517,7.934,1.9642
2003-03-11,1.108,0.6908,129.34,1.4664,1.8143,1.6209,9.2955,7.934,1.986
2003-03-12,1.1028,0.6835,129.21,1.4674,1.8446,1.624,9.3133,7.8665,2.0056
2003-03-13,1.0864,0.6771,128.6,1.4689,1.8346,1.6117,9.2735,7.8195,1.9884
2003-03-14,1.0775,0.6777,127.7,1.4677,1.8075,1.6034,9.2055,7.776,1.965
2003-03-17,1.0801,0.6827,127.16,1.4671,1.8011,1.5878,9.2223,7.804,1.9528
2003-03-18,1.0586,0.6774,126.06,1.4714,1.7973,1.5708,9.2367,7.856,1.9438
2003-03-19,1.057,0.6787,126.08,1.4713,1.7863,1.5675,9.196,7.8785,1.9212
2003-03-20,1.0592,0.677,127.47,1.4714,1.788,1.5696,9.1857,7.92,1.9152
2003-03-21,1.0572,0.6757,127.82,1.4756,1.7831,1.5654,9.164,7.8615,1.919
2003-03-24,1.0634,0.6763,128.28,1.475,1.7928,1.5808,9.1875,7.852,1.9296
2003-03-25,1.0691,0.6784,128.22,1.472,1.7908,1.5769,9.238,7.829,1.9312
2003-03-26,1.0667,0.6779,128.19,1.4739,1.783,1.5669,9.217,7.8135,1.941
2003-03-27,1.0723,0.6811,128.39,1.4793,1.7852,1.5711,9.2527,7.8415,1.951
2003-03-28,1.073,0.6865,128.89,1.4766,1.7853,1.5736,9.2271,7.857,1.9495
2003-03-31,1.0895,0.6896,129.18,1.4764,1.8076,1.6037,9.2608,7.8995,1.9721
2003-04-01,1.0891,0.6908,128.8,1.4768,1.8048,1.5995,9.2284,7.925,1.9693
2003-04-02,1.083,0.6877,128.72,1.4827,1.8023,1.6019,9.2468,7.833,1.9685
2003-04-03,1.0702,0.6853,127.85,1.4854,1.7936,1.5773,9.2017,7.825,1.9585
2003-04-04,1.072,0.6844,128.7,1.4865,1.7842,1.5824,9.1982,7.798,1.9705
2003-04-07,1.0582,0.6828,127.82,1.4873,1.7812,1.5758,9.1755,7.772,1.979
2003-04-08,1.066,0.6872,127.9,1.4859,1.7768,1.576,9.1691,7.7735,1.9606
2003-04-09,1.0742,0.6902,128.86,1.4878,1.7807,1.5773,9.1377,7.802,1.9667
2003-04-10,1.0805,0.69,129.18,1.4948,1.7837,1.5813,9.1458,7.886,1.9739
2003-04-11,1.0735,0.6842,129.13,1.4974,1.7765,1.5619,9.138,7.9,1.9712
2003-04-14,1.0737,0.6827,129.68,1.4966,1.7826,1.5657,9.1275,7.876,1.9705
2003-04-15,1.0784,0.6857,129.79,1.4999,1.7831,1.5696,9.137,7.879,1.9706
2003-04-16,1.0836,0.6877,130.39,1.5021,1.7724,1.5681,9.1572,7.839,1.9445
2003-04-17,1.092,0.6917,130.29,1.4998,1.7789,1.5881,9.1655,7.836,1.9671
2003-04-22,1.0971,0.6961,131.37,1.5058,1.7659,1.5904,9.141,7.8475,1.9565
2003-04-23,1.0944,0.6935,131.63,1.5068,1.7646,1.5845,9.1115,7.835,1.9608
2003-04-24,1.1008,0.6915,132.03,1.5055,1.7819,1.6112,9.1102,7.831,1.9877
2003-04-25,1.0973,0.6914,132.73,1.5021,1.782,1.599,9.1095,7.812,1.9821
2003-04-28,1.1025,0.6914,132.54,1.5039,1.7759,1.5951,9.1337,7.756,1.9776
2003-04-29,1.0956,0.6891,131.91,1.5075,1.7726,1.5927,9.1305,7.7705,1.9735
2003-04-30,1.1131,0.697,132.98,1.5131,1.7822,1.6038,9.1175,7.838,1.99
2003-05-02,1.1239,0.6998,133.4,1.5104,1.7802,1.5925,9.1168,7.8535,1.9991
2003-05-05,1.1218,0.6996,133.46,1.5134,1.7746,1.5926,9.0833,7.866,1.989
2003-05-06,1.1344,0.7044,133.92,1.5144,1.7801,1.5956,9.0968,7.883,1.9977
2003-05-07,1.1427,0.7121,133.62,1.514,1.7805,1.5889,9.108,7.8675,1.9958
2003-05-08,1.1435,0.7119,132.78,1.5046,1.7839,1.5984,9.116,7.86,1.9953
2003-05-09,1.1466,0.7156,134.76,1.5074,1.7806,1.6049,9.1748,7.8655,1.9915
2003-05-12,1.1597,0.7197,135.05,1.5133,1.7868,1.6107,9.194,7.8755,1.9966
2003-05-13,1.1518,0.7165,134.41,1.5165,1.782,1.6015,9.185,7.874,1.9991
2003-05-14,1.1499,0.7118,134.25,1.5129,1.781,1.5977,9.1785,7.873,2.002
2003-05-15,1.1458,0.7072,132.85,1.5103,1.7756,1.5759,9.1578,7.849,1.997
2003-05-16,1.1492,0.7065,133.53,1.5074,1.7736,1.5769,9.149,7.854,1.9879
2003-05-19,1.1652,0.7132,135.93,1.5135,1.7808,1.5846,9.1869,7.92,1.9964
2003-05-20,1.1644,0.713,136.36,1.5123,1.7756,1.5777,9.17,7.9305,1.9949
2003-05-21,1.1689,0.7116,136.95,1.5077,1.7775,1.5783,9.183,7.8415,2.0004
2003-05-22,1.172,0.7163,137.1,1.5124,1.7795,1.5902,9.1478,7.8475,2.0148
2003-05-23,1.179,0.7201,137.87,1.5216,1.786,1.6273,9.1679,7.879,2.0178
2003-05-26,1.1813,0.721,138.53,1.5262,1.7953,1.6279,9.1984,7.868,2.0242
2003-05-27,1.1901,0.7235,138.93,1.5279,1.8041,1.6366,9.193,7.86,2.0333
2003-05-28,1.1738,0.7184,138.86,1.5237,1.8008,1.6243,9.1535,7.8755,2.037
2003-05-29,1.1756,0.7158,139.53,1.5288,1.8256,1.6294,9.1625,7.8793,2.0548
2003-05-30,1.1822,0.7196,140.31,1.5277,1.8136,1.6214,9.15,7.8785,2.0499
2003-06-02,1.1672,0.7175,138.65,1.5277,1.7906,1.6058,9.1128,7.8695,2.0275
2003-06-03,1.1723,0.7173,139.45,1.5364,1.7806,1.6034,9.125,7.965,2.0223
2003-06-04,1.1691,0.7172,138.6,1.5366,1.7582,1.586,9.1055,8.078,2.0073
2003-06-05,1.1775,0.7121,139.28,1.5437,1.7678,1.5932,9.126,8.137,2.0387
2003-06-06,1.1813,0.7093,139.28,1.5444,1.7822,1.5979,9.1254,8.1485,2.0453
2003-06-09,1.1726,0.7083,138.62,1.5454,1.7775,1.6014,9.1152,8.1565,2.0343
2003-06-10,1.1699,0.7065,138.22,1.5422,1.7768,1.59,9.1157,8.2175,2.0336
2003-06-11,1.1748,0.7047,138.4,1.5378,1.778,1.5937,9.106,8.175,2.0336
2003-06-12,1.1734,0.70215,138.14,1.5384,1.7696,1.5883,9.0914,8.195,2.03
2003-06-13,1.1751,0.7053,138.44,1.5487,1.768,1.5826,9.068,8.1515,2.0314
2003-06-16,1.1854,0.7046,139.43,1.5429,1.773,1.5825,9.094,8.21,2.0323
2003-06-17,1.1797,0.702,139.34,1.541,1.764,1.5868,9.072,8.212,2.0206
2003-06-18,1.1699,0.6965,138.69,1.5463,1.7459,1.5727,9.068,8.178,2.0026
2003-06-19,1.1655,0.6965,138.52,1.5518,1.7425,1.5762,9.0773,8.1295,1.9967
2003-06-20,1.1655,0.6966,137.94,1.5429,1.737,1.5661,9.0675,8.158,1.9909
2003-06-23,1.1539,0.6947,136.19,1.5343,1.7368,1.5755,9.0965,8.1775,1.9708
2003-06-24,1.1565,0.694,136.33,1.5317,1.7381,1.5676,9.145,8.169,1.9726
2003-06-25,1.1551,0.6915,135.68,1.5323,1.7271,1.5628,9.1535,8.24,1.9707
2003-06-26,1.1432,0.687,135.78,1.5394,1.7174,1.5474,9.1855,8.2655,1.9619
2003-06-27,1.1413,0.6901,136.76,1.5452,1.7166,1.5448,9.1828,8.273,1.9648
2003-06-30,1.1427,0.6932,137.32,1.5544,1.7116,1.5506,9.2488,8.2935,1.9569
2003-07-01,1.1543,0.69605,138.2,1.5582,1.7081,1.5541,9.197,8.3075,1.9424
2003-07-02,1.1535,0.6937,137.36,1.5516,1.702,1.5594,9.1831,8.242,1.9459
2003-07-03,1.1457,0.6896,135.73,1.5517,1.6863,1.5394,9.1745,8.271,1.9295
2003-07-04,1.1466,0.68675,135.4,1.55,1.6863,1.5341,9.1783,8.267,1.9252
2003-07-07,1.136,0.68855,134.12,1.5546,1.6675,1.5306,9.202,8.287,1.8982
2003-07-08,1.1326,0.6907,133.78,1.5516,1.695,1.5368,9.1575,8.286,1.9094
2003-07-09,1.1355,0.6958,134.1,1.5432,1.7193,1.5488,9.143,8.263,1.9235
2003-07-10,1.1342,0.6981,133.51,1.5489,1.7357,1.5724,9.1255,8.32,1.9417
2003-07-11,1.1315,0.69185,133.25,1.5485,1.7194,1.5575,9.135,8.319,1.9189
2003-07-14,1.1299,0.695,132.93,1.5514,1.7116,1.5577,9.1323,8.322,1.9142
2003-07-15,1.1319,0.70325,132.81,1.5515,1.717,1.5584,9.1465,8.3575,1.927
2003-07-16,1.1138,0.7013,131.93,1.5457,1.7102,1.5542,9.1542,8.359,1.9224
2003-07-17,1.1231,0.7051,133.29,1.5359,1.7152,1.5637,9.2037,8.349,1.9206
2003-07-18,1.1205,0.70445,133.49,1.5366,1.7303,1.5754,9.2374,8.3595,1.9488
2003-07-21,1.1284,0.7089,133.84,1.538,1.7416,1.5886,9.2763,8.358,1.9697
2003-07-22,1.1343,0.7083,135.18,1.5434,1.7372,1.5951,9.2718,8.343,1.9663
2003-07-23,1.1401,0.711,135.67,1.545,1.74,1.6125,9.244,8.321,1.9715
2003-07-24,1.1467,0.7116,136.5,1.5494,1.7282,1.6011,9.1977,8.27,1.9559
2003-07-25,1.1477,0.711,136.46,1.5479,1.7308,1.5994,9.1925,8.2285,1.9569
2003-07-28,1.1489,0.7068,137.23,1.5481,1.7322,1.5901,9.1666,8.208,1.9522
2003-07-29,1.1462,0.7062,137.26,1.5484,1.726,1.5876,9.184,8.248,1.944
2003-07-30,1.142,0.7044,136.97,1.5494,1.7373,1.5922,9.178,8.2065,1.9526
2003-07-31,1.1318,0.7019,135.72,1.5464,1.7455,1.5867,9.188,8.161,1.9521
2003-08-01,1.1169,0.6962,134.63,1.5303,1.7258,1.5709,9.2302,8.157,1.9298
2003-08-04,1.1307,0.7015,136.28,1.5367,1.7374,1.582,9.2597,8.171,1.9339
2003-08-05,1.1333,0.7045,136.49,1.5321,1.758,1.5958,9.22,8.227,1.9566
2003-08-06,1.1392,0.705,136.95,1.5344,1.7572,1.5942,9.1997,8.182,1.9646
2003-08-07,1.1353,0.70635,136.11,1.5372,1.7527,1.592,9.2085,8.165,1.9643
2003-08-08,1.1326,0.70335,134.83,1.5367,1.7384,1.5813,9.202,8.1625,1.945
2003-08-11,1.1295,0.70545,133.86,1.5383,1.7214,1.5722,9.2355,8.202,1.9284
2003-08-12,1.1312,0.7065,134.04,1.5426,1.7195,1.5656,9.2671,8.2425,1.9265
2003-08-13,1.1277,0.7032,134.25,1.5462,1.7217,1.5615,9.2467,8.281,1.9253
2003-08-14,1.127,0.7012,134.76,1.5474,1.718,1.5575,9.2273,8.315,1.9185
2003-08-15,1.1247,0.70375,134.0,1.5438,1.7089,1.5659,9.2322,8.2825,1.9102
2003-08-18,1.1188,0.7033,133.93,1.5454,1.6965,1.5543,9.2411,8.3045,1.8981
2003-08-19,1.1065,0.6991,132.32,1.5483,1.6925,1.5477,9.3148,8.332,1.8956
2003-08-20,1.1109,0.6974,131.46,1.543,1.6911,1.551,9.2533,8.306,1.8908
2003-08-21,1.1009,0.6944,129.76,1.5424,1.6716,1.5476,9.2093,8.2765,1.8697
2003-08-22,1.0894,0.6919,128.37,1.5422,1.6758,1.5375,9.2089,8.286,1.8737
2003-08-25,1.0888,0.6909,127.85,1.54,1.6723,1.5271,9.2435,8.297,1.8629
2003-08-26,1.0816,0.6918,127.06,1.537,1.6809,1.5163,9.278,8.323,1.8829
2003-08-27,1.0907,0.6943,128.62,1.5372,1.7039,1.5269,9.267,8.333,1.9089
2003-08-28,1.0828,0.69035,127.11,1.5415,1.6941,1.5225,9.22,8.2785,1.8997
2003-08-29,1.0927,0.6926,127.26,1.5369,1.7012,1.5263,9.23,8.247,1.9016
2003-09-01,1.0965,0.6981,127.58,1.537,1.6981,1.5118,9.1713,8.225,1.9016
2003-09-02,1.0849,0.6921,126.94,1.5359,1.692,1.5072,9.181,8.225,1.9014
2003-09-03,1.0783,0.69,125.4,1.5318,1.6938,1.5051,9.149,8.235,1.9079
2003-09-04,1.0818,0.6887,126.39,1.5379,1.6943,1.4965,9.13,8.1925,1.9057
2003-09-05,1.0923,0.6919,127.64,1.5405,1.6993,1.5002,9.12,8.2365,1.9122
2003-09-08,1.1071,0.6985,129.41,1.5383,1.7129,1.5195,9.1285,8.2475,1.9212
2003-09-09,1.1135,0.7025,129.57,1.5437,1.7038,1.5253,9.1328,8.256,1.92
2003-09-10,1.1172,0.703,130.51,1.5501,1.6982,1.528,9.1555,8.283,1.9182
2003-09-11,1.1217,0.7036,131.33,1.5532,1.7025,1.5345,9.084,8.26,1.9284
2003-09-12,1.1172,0.701,130.79,1.5561,1.6934,1.5327,9.095,8.2585,1.9249
2003-09-15,1.1281,0.7038,132.54,1.5574,1.7004,1.5434,9.142,8.277,1.9282
2003-09-16,1.1235,0.7048,130.64,1.5575,1.6937,1.5362,9.1464,8.27,1.9175
2003-09-17,1.1212,0.7002,130.58,1.5493,1.6894,1.5338,9.0783,8.209,1.9182
2003-09-18,1.129,0.699,130.15,1.5583,1.691,1.5415,9.0318,8.176,1.9341
2003-09-19,1.1312,0.6951,129.92,1.5597,1.6897,1.5341,9.0375,8.157,1.9218
2003-09-22,1.1468,0.6968,128.36,1.5535,1.6895,1.5385,9.063,8.17,1.9195
2003-09-23,1.1464,0.6936,127.93,1.5533,1.693,1.5495,9.03,8.1385,1.9273
2003-09-24,1.1466,0.693,127.81,1.5533,1.694,1.555,8.9385,8.078,1.9246
2003-09-25,1.1493,0.69335,128.35,1.5495,1.6852,1.5516,8.8848,8.0445,1.9209
2003-09-26,1.1487,0.69165,128.77,1.5433,1.7018,1.5557,8.934,8.083,1.9493
2003-09-29,1.1413,0.6931,127.36,1.5425,1.7023,1.554,8.9038,8.0875,1.9427
2003-09-30,1.1652,0.6986,128.8,1.5404,1.7101,1.5717,8.9625,8.184,1.9538
2003-10-01,1.1671,0.7047,129.64,1.5396,1.7134,1.5731,9.085,8.2325,1.958
2003-10-02,1.1692,0.7015,129.68,1.5411,1.7131,1.5793,8.988,8.181,1.9577
2003-10-03,1.1686,0.7002,129.29,1.544,1.7081,1.5663,8.9883,8.158,1.9577
2003-10-06,1.1579,0.6952,128.66,1.5468,1.7013,1.5589,8.971,8.164,1.9477
2003-10-07,1.1768,0.70455,129.92,1.5494,1.7071,1.5723,8.9682,8.203,1.9693
2003-10-08,1.1781,0.7083,129.36,1.5492,1.7038,1.5675,8.9845,8.213,1.9705
2003-10-09,1.1788,0.7087,128.63,1.5498,1.7039,1.5709,8.9784,8.219,1.9598
2003-10-10,1.1788,0.70845,127.85,1.55,1.7056,1.5676,9.002,8.227,1.9654
2003-10-13,1.1688,0.70435,126.82,1.5493,1.6948,1.5458,9.006,8.225,1.9541
2003-10-14,1.1634,0.702,127.79,1.5467,1.6996,1.5474,8.959,8.2375,1.9588
2003-10-15,1.1669,0.69905,127.71,1.5455,1.6936,1.5496,8.9634,8.2655,1.9652
2003-10-16,1.1615,0.6947,127.45,1.5487,1.6882,1.538,8.942,8.25,1.9519
2003-10-17,1.1579,0.6936,127.2,1.5514,1.6813,1.5287,8.986,8.2445,1.9453
2003-10-20,1.1629,0.69385,128.21,1.5524,1.6805,1.5335,9.0645,8.273,1.9526
2003-10-21,1.1623,0.6958,128.07,1.5534,1.6784,1.5375,9.0435,8.274,1.9449
2003-10-22,1.1694,0.695,128.14,1.5536,1.665,1.5388,9.0255,8.253,1.9371
2003-10-23,1.1786,0.6965,129.32,1.5467,1.6864,1.5399,9.0355,8.235,1.9397
2003-10-24,1.1781,0.6948,129.02,1.5471,1.683,1.541,9.0505,8.24,1.9369
2003-10-27,1.1748,0.6935,127.37,1.5476,1.6694,1.5371,9.0705,8.25,1.9272
2003-10-28,1.1673,0.6904,126.69,1.5516,1.6602,1.5356,9.0377,8.236,1.9092
2003-10-29,1.1684,0.6858,126.21,1.5512,1.6557,1.531,9.0285,8.212,1.9048
2003-10-30,1.1736,0.68825,126.97,1.5495,1.6549,1.5337,9.0152,8.226,1.9096
2003-10-31,1.1622,0.6863,126.72,1.5506,1.6464,1.5306,9.0474,8.211,1.9022
2003-11-03,1.1589,0.68365,127.71,1.5545,1.6381,1.5391,9.073,8.227,1.892
2003-11-04,1.1468,0.684,126.47,1.563,1.6369,1.5329,9.0548,8.233,1.8785
2003-11-05,1.1473,0.68385,125.7,1.5652,1.6171,1.5279,9.0338,8.248,1.8593
2003-11-06,1.1449,0.683,125.9,1.5662,1.612,1.5251,9.003,8.2425,1.8563
2003-11-07,1.1424,0.6871,125.82,1.5702,1.6147,1.5203,8.969,8.234,1.8588
2003-11-10,1.1483,0.6866,124.8,1.5729,1.6079,1.5109,8.9757,8.232,1.8522
2003-11-11,1.1497,0.6896,125.03,1.5689,1.6111,1.5104,8.988,8.21,1.8381
2003-11-12,1.16,0.693,126.42,1.5668,1.621,1.516,8.9777,8.201,1.8522
2003-11-13,1.168,0.6938,126.69,1.5717,1.6244,1.5195,8.9525,8.182,1.8574
2003-11-14,1.1765,0.697,127.42,1.5668,1.6355,1.5292,8.957,8.215,1.8644
2003-11-17,1.1802,0.6983,128.56,1.558,1.6467,1.5383,8.9665,8.205,1.8733
2003-11-18,1.1778,0.69705,128.17,1.5568,1.6412,1.5424,8.9665,8.189,1.8652
2003-11-19,1.191,0.7021,129.82,1.5518,1.6484,1.5502,8.9969,8.186,1.8754
2003-11-20,1.1909,0.6994,129.66,1.5481,1.6463,1.5518,8.974,8.173,1.8516
2003-11-21,1.1899,0.6983,129.37,1.5463,1.645,1.5549,8.9625,8.1625,1.8519
2003-11-24,1.1823,0.69605,128.93,1.5527,1.6393,1.5461,8.962,8.1645,1.8496
2003-11-25,1.1766,0.69415,129.41,1.5535,1.6407,1.548,8.9847,8.157,1.8492
2003-11-26,1.1828,0.6968,129.67,1.5499,1.6422,1.5464,8.9955,8.15,1.8541
2003-11-27,1.1902,0.6947,129.99,1.5489,1.6477,1.5567,9.0373,8.1645,1.8638
2003-11-28,1.1994,0.6971,131.24,1.5484,1.6583,1.5552,9.0475,8.1625,1.8718
2003-12-01,1.2019,0.6965,131.41,1.5504,1.6535,1.5623,9.0187,8.175,1.8701
2003-12-02,1.1975,0.69585,130.86,1.5552,1.6444,1.5636,9.0117,8.1635,1.8606
2003-12-03,1.2102,0.6999,131.25,1.5569,1.6458,1.5699,8.987,8.1425,1.8624
2003-12-04,1.2074,0.70045,130.67,1.5579,1.6421,1.5785,8.963,8.0905,1.8684
2003-12-05,1.2087,0.7021,130.79,1.5577,1.6455,1.5772,8.9523,8.08,1.8772
2003-12-08,1.2218,0.7043,131.4,1.5479,1.6495,1.59,8.9327,8.0795,1.886
2003-12-09,1.2258,0.70335,131.45,1.5473,1.6524,1.5918,8.9398,8.11,1.8909
2003-12-10,1.2239,0.7024,132.33,1.5462,1.6528,1.6043,8.937,8.13,1.8862
2003-12-11,1.2187,0.698,131.87,1.5509,1.6508,1.6094,8.9817,8.1735,1.887
2003-12-12,1.2254,0.70125,132.14,1.5498,1.6493,1.6059,8.9655,8.185,1.8894
2003-12-15,1.223,0.7013,132.09,1.5516,1.6525,1.6138,8.992,8.203,1.8914
2003-12-16,1.2339,0.7062,132.74,1.5529,1.657,1.6278,9.04,8.222,1.8934
2003-12-17,1.2337,0.703,132.76,1.5539,1.6655,1.6418,9.033,8.275,1.9041
2003-12-18,1.2403,0.70155,133.38,1.5563,1.684,1.6496,9.0825,8.335,1.9265
2003-12-19,1.2418,0.7029,133.63,1.5552,1.6835,1.6585,9.1085,8.332,1.9249
2003-12-22,1.2434,0.7054,133.53,1.5565,1.692,1.6584,9.0927,8.327,1.9337
2003-12-23,1.2392,0.7025,133.19,1.5611,1.6878,1.6445,9.1036,8.3715,1.9289
2003-12-24,1.2407,0.70175,133.12,1.559,1.6727,1.6349,9.0905,8.4198,1.9181
2003-12-29,1.2499,0.704,133.68,1.5587,1.6801,1.6315,9.0891,8.434,1.9248
2003-12-30,1.2496,0.7036,133.72,1.5594,1.6742,1.638,9.077,8.421,1.9139
2003-12-31,1.263,0.7048,135.05,1.5579,1.6802,1.6234,9.08,8.4141,1.9244
2004-01-02,1.2592,0.70545,134.72,1.5615,1.6683,1.628,9.05,8.3935,1.9184
2004-01-05,1.2657,0.7026,134.53,1.5594,1.6541,1.6249,9.068,8.406,1.8916
2004-01-06,1.2756,0.6998,135.46,1.5666,1.6539,1.6336,9.1278,8.566,1.8934
2004-01-07,1.2679,0.6978,134.63,1.5676,1.651,1.6311,9.1053,8.5695,1.8901
2004-01-08,1.2634,0.69455,134.11,1.5697,1.6396,1.628,9.08725,8.608,1.8783
2004-01-09,1.2737,0.6944,136.18,1.5667,1.6443,1.6282,9.1119,8.6475,1.8733
2004-01-12,1.2828,0.6925,136.57,1.565,1.6501,1.6323,9.1115,8.6065,1.8806
2004-01-13,1.2749,0.6897,135.64,1.5623,1.6357,1.6259,9.1342,8.569,1.8612
2004-01-14,1.2692,0.69015,134.7,1.5601,1.632,1.6159,9.1755,8.567,1.8611
2004-01-15,1.2635,0.6916,134.09,1.5626,1.6359,1.6313,9.164,8.5415,1.8706
2004-01-16,1.2493,0.6884,132.47,1.567,1.6257,1.6188,9.1902,8.601,1.8678
2004-01-19,1.2373,0.6928,132.43,1.5701,1.6323,1.6108,9.176,8.6065,1.8768
2004-01-20,1.2536,0.6913,134.43,1.572,1.6374,1.6206,9.1631,8.6045,1.8846
2004-01-21,1.2607,0.69,134.86,1.5691,1.6328,1.6313,9.1639,8.64,1.8741
2004-01-22,1.271,0.6888,135.27,1.5673,1.6328,1.6487,9.106,8.543,1.8764
2004-01-23,1.2692,0.6891,134.48,1.5659,1.635,1.6668,9.1436,8.593,1.8763
2004-01-26,1.2575,0.6888,133.43,1.5645,1.6254,1.65,9.1513,8.614,1.868
2004-01-27,1.2517,0.69085,132.51,1.5681,1.6197,1.6416,9.1591,8.601,1.8596
2004-01-28,1.2563,0.68685,133.05,1.5688,1.6209,1.6525,9.1255,8.682,1.8601
2004-01-29,1.2468,0.685,132.13,1.5621,1.6198,1.6546,9.164,8.764,1.8514
2004-01-30,1.2384,0.6846,131.06,1.5626,1.6396,1.6523,9.194,8.719,1.8626
2004-02-02,1.2461,0.6834,131.57,1.5687,1.639,1.6604,9.2182,8.6975,1.8448
2004-02-03,1.2585,0.6836,132.82,1.5662,1.642,1.674,9.1767,8.683,1.8511
2004-02-04,1.2524,0.6819,132.04,1.5693,1.6413,1.6811,9.1838,8.721,1.844
2004-02-05,1.2583,0.6854,132.73,1.5699,1.6471,1.6784,9.1759,8.737,1.834
2004-02-06,1.2529,0.68315,133.54,1.5694,1.6458,1.6765,9.1175,8.7355,1.828
2004-02-09,1.2713,0.6838,134.43,1.5688,1.6356,1.6866,9.1062,8.6975,1.8282
2004-02-10,1.2764,0.6821,134.51,1.569,1.6296,1.6898,9.126,8.819,1.8226
2004-02-11,1.268,0.6779,133.84,1.5738,1.6276,1.689,9.1118,8.8155,1.8235
2004-02-12,1.2802,0.6774,135.04,1.5765,1.6279,1.6911,9.1567,8.86,1.8338
2004-02-13,1.2816,0.6778,135.04,1.579,1.6194,1.6901,9.1462,8.82,1.8219
2004-02-16,1.2741,0.6758,134.39,1.5754,1.6124,1.6802,9.1719,8.812,1.8046
2004-02-17,1.2858,0.6747,135.75,1.5747,1.6139,1.6861,9.1935,8.784,1.8176
2004-02-18,1.2824,0.6736,135.65,1.5768,1.6108,1.6862,9.1956,8.7985,1.816
2004-02-19,1.2724,0.6708,135.85,1.5763,1.6081,1.6856,9.18,8.796,1.8105
2004-02-20,1.2663,0.6734,136.51,1.5758,1.6117,1.6895,9.1866,8.823,1.8231
2004-02-23,1.2576,0.6755,136.12,1.5786,1.6272,1.6845,9.1975,8.783,1.8372
2004-02-24,1.2595,0.6712,136.48,1.5745,1.6259,1.682,9.1983,8.7775,1.8345
2004-02-25,1.2629,0.6682,137.24,1.574,1.6207,1.6809,9.2337,8.826,1.8232
2004-02-26,1.2444,0.6683,136.4,1.574,1.6173,1.6668,9.2191,8.78,1.8085
2004-02-27,1.2418,0.67,135.63,1.578,1.6159,1.6758,9.2315,8.737,1.8164
2004-03-01,1.2484,0.6683,136.28,1.5783,1.6148,1.6707,9.251,8.717,1.8164
2004-03-02,1.2402,0.667,135.98,1.5838,1.6071,1.6618,9.2481,8.685,1.7985
2004-03-03,1.2143,0.6633,133.81,1.5807,1.6192,1.6443,9.255,8.6985,1.8152
2004-03-04,1.2147,0.6663,134.43,1.5793,1.6178,1.629,9.2151,8.6365,1.8125
2004-03-05,1.2192,0.6704,135.5,1.5778,1.625,1.6276,9.2,8.665,1.8223
2004-03-08,1.2356,0.6678,138.6,1.5822,1.6322,1.636,9.1652,8.651,1.8291
2004-03-09,1.2361,0.6721,137.7,1.5801,1.6242,1.6398,9.1653,8.644,1.8163
2004-03-10,1.2299,0.6756,136.36,1.5758,1.6384,1.6262,9.1748,8.656,1.8445
2004-03-11,1.2256,0.6792,135.58,1.567,1.663,1.6215,9.207,8.584,1.8896
2004-03-12,1.2235,0.6814,136.15,1.5692,1.6748,1.6306,9.2376,8.56,1.8964
2004-03-15,1.2278,0.6818,136.02,1.5645,1.6727,1.6353,9.2563,8.4895,1.9044
2004-03-16,1.235,0.6792,135.0,1.5692,1.6656,1.643,9.238,8.479,1.896
2004-03-17,1.2251,0.6756,132.75,1.567,1.6576,1.6367,9.2438,8.462,1.8904
2004-03-18,1.2261,0.67215,131.22,1.5625,1.6522,1.6414,9.2493,8.502,1.8828
2004-03-19,1.2344,0.6735,132.0,1.5587,1.6499,1.6428,9.2713,8.515,1.8841
2004-03-22,1.2353,0.66945,132.17,1.5574,1.643,1.6407,9.2185,8.429,1.8659
2004-03-23,1.2276,0.6664,131.17,1.5524,1.6355,1.6364,9.2272,8.432,1.8611
2004-03-24,1.2196,0.6653,129.76,1.5533,1.6337,1.6307,9.2414,8.429,1.8723
2004-03-25,1.2132,0.6725,128.72,1.5505,1.6404,1.6283,9.281,8.458,1.8756
2004-03-26,1.2173,0.66985,128.59,1.556,1.6314,1.6106,9.2665,8.446,1.8705
2004-03-29,1.2118,0.6674,128.13,1.5583,1.6285,1.5985,9.2665,8.4525,1.8673
2004-03-30,1.2187,0.6681,128.99,1.5586,1.6179,1.5922,9.2596,8.4085,1.8544
2004-03-31,1.2224,0.6659,126.97,1.5594,1.6052,1.5979,9.2581,8.436,1.8365
2004-04-01,1.232,0.6666,127.82,1.5595,1.6125,1.615,9.234,8.474,1.8525
2004-04-02,1.2318,0.6663,128.36,1.5637,1.6095,1.6103,9.2231,8.408,1.8508
2004-04-05,1.2058,0.6636,126.34,1.5673,1.5995,1.5842,9.193,8.3735,1.8513
2004-04-06,1.209,0.6582,128.24,1.5657,1.5931,1.5791,9.2018,8.375,1.8446
2004-04-07,1.2101,0.6586,127.94,1.5583,1.5871,1.5821,9.1615,8.3835,1.8366
2004-04-08,1.2096,0.6601,128.37,1.5521,1.5915,1.6009,9.1645,8.3616,1.841
2004-04-13,1.1975,0.6556,126.92,1.5495,1.5781,1.6013,9.1363,8.308,1.8276
2004-04-14,1.1924,0.6621,128.44,1.5479,1.6065,1.5966,9.1755,8.306,1.8588
2004-04-15,1.1912,0.668,129.39,1.552,1.6156,1.6009,9.1868,8.272,1.8747
2004-04-16,1.1932,0.6684,129.49,1.5541,1.6191,1.608,9.2072,8.282,1.8756
2004-04-19,1.2044,0.66635,129.92,1.5492,1.6106,1.6213,9.2088,8.2955,1.8676
2004-04-20,1.1926,0.66425,128.61,1.5548,1.6119,1.6131,9.1688,8.278,1.8735
2004-04-21,1.1836,0.6682,129.79,1.5551,1.6254,1.6108,9.1585,8.28,1.9027
2004-04-22,1.1873,0.6714,130.08,1.5551,1.6238,1.6139,9.1432,8.253,1.8993
2004-04-23,1.1885,0.66985,129.55,1.5598,1.6226,1.6105,9.1375,8.238,1.8893
2004-04-26,1.1851,0.66365,128.93,1.5566,1.6144,1.6043,9.1083,8.2415,1.8825
2004-04-27,1.1887,0.6638,130.47,1.5488,1.6212,1.6066,9.1142,8.227,1.8929
2004-04-28,1.1907,0.6665,130.17,1.5487,1.6304,1.6154,9.1163,8.203,1.8986
2004-04-29,1.1826,0.6713,130.86,1.5446,1.6525,1.6239,9.1188,8.171,1.9189
2004-04-30,1.1947,0.6737,131.87,1.5511,1.6577,1.6383,9.1483,8.221,1.9153
2004-05-03,1.1953,0.675,131.51,1.5524,1.6606,1.6402,9.1425,8.2105,1.9162
2004-05-04,1.2061,0.6746,132.53,1.5522,1.6611,1.6492,9.1383,8.232,1.9151
2004-05-05,1.2126,0.6769,131.93,1.5474,1.6638,1.671,9.1389,8.173,1.9145
2004-05-06,1.2116,0.6746,132.64,1.5494,1.6595,1.6682,9.106,8.161,1.9111
2004-05-07,1.2073,0.6719,133.54,1.5492,1.6782,1.6609,9.1028,8.093,1.9189
2004-05-10,1.1843,0.6678,134.43,1.5417,1.7035,1.6482,9.1259,8.099,1.9483
2004-05-11,1.1804,0.672,134.32,1.5426,1.7009,1.6419,9.1703,8.197,1.9529
2004-05-12,1.1857,0.6697,134.18,1.5411,1.6976,1.6471,9.1698,8.2015,1.9372
2004-05-13,1.1823,0.6703,135.14,1.5383,1.7255,1.6447,9.1415,8.163,1.9731
2004-05-14,1.1802,0.6739,135.52,1.54,1.7199,1.6476,9.164,8.185,1.9641
2004-05-17,1.2023,0.6796,136.68,1.536,1.737,1.6632,9.192,8.2775,1.9834
2004-05-18,1.1983,0.6774,136.43,1.5346,1.7423,1.6733,9.162,8.274,1.9882
2004-05-19,1.1989,0.6732,135.29,1.5382,1.7217,1.658,9.1243,8.301,1.9747
2004-05-20,1.1922,0.6733,134.87,1.5365,1.7179,1.6431,9.0735,8.2685,1.9667
2004-05-21,1.2031,0.6717,134.78,1.5369,1.7178,1.6472,9.1051,8.251,1.9685
2004-05-24,1.1968,0.6683,134.62,1.5351,1.7115,1.6391,9.097,8.235,1.9627
2004-05-25,1.2063,0.6682,136.05,1.5379,1.7143,1.6495,9.1262,8.222,1.9655
2004-05-26,1.2106,0.6664,135.07,1.5378,1.711,1.6513,9.1106,8.217,1.9508
2004-05-27,1.2165,0.6662,135.59,1.5355,1.7055,1.6636,9.087,8.184,1.9336
2004-05-28,1.2246,0.6673,135.77,1.5304,1.7164,1.6685,9.115,8.212,1.9419
2004-05-31,1.2198,0.66475,133.24,1.5276,1.7032,1.6611,9.0893,8.1993,1.9291
2004-06-01,1.2231,0.6658,134.04,1.528,1.7109,1.6703,9.102,8.18,1.9324
2004-06-02,1.2276,0.665,135.64,1.5276,1.7504,1.6749,9.131,8.193,1.9617
2004-06-03,1.2226,0.6655,136.19,1.526,1.7585,1.6611,9.1475,8.191,1.9567
2004-06-04,1.2203,0.66385,135.78,1.5273,1.7667,1.6604,9.1467,8.182,1.9648
2004-06-07,1.2319,0.67025,135.36,1.5242,1.7521,1.6592,9.1333,8.186,1.9569
2004-06-08,1.2294,0.6684,135.08,1.5229,1.7507,1.652,9.104,8.1885,1.9568
2004-06-09,1.2157,0.6646,132.57,1.5197,1.7442,1.6391,9.0925,8.183,1.9457
2004-06-10,1.2052,0.6614,131.84,1.5126,1.7374,1.6381,9.1475,8.28,1.912
2004-06-11,1.2006,0.65935,132.19,1.512,1.7334,1.6428,9.1589,8.2925,1.9084
2004-06-14,1.2001,0.6637,133.45,1.5145,1.7469,1.6377,9.1794,8.3325,1.9217
2004-06-15,1.2051,0.66445,134.01,1.5179,1.7628,1.6603,9.1495,8.304,1.9335
2004-06-16,1.2058,0.6594,132.63,1.5239,1.7429,1.6561,9.1458,8.297,1.9084
2004-06-17,1.2045,0.65605,131.8,1.516,1.7499,1.654,9.1495,8.348,1.9118
2004-06-18,1.2042,0.65595,131.42,1.5104,1.7523,1.6511,9.1485,8.381,1.9214
2004-06-21,1.2112,0.66115,131.19,1.5085,1.7526,1.6538,9.1453,8.3515,1.9266
2004-06-22,1.2091,0.664,131.17,1.5133,1.7608,1.6462,9.162,8.324,1.9314
2004-06-23,1.2087,0.6651,131.6,1.5167,1.7609,1.6424,9.1635,8.354,1.9304
2004-06-24,1.2122,0.6681,130.32,1.513,1.7412,1.633,9.1688,8.358,1.9228
2004-06-25,1.2138,0.6666,130.84,1.5146,1.7379,1.6348,9.1488,8.2785,1.9107
2004-06-28,1.2208,0.6666,131.59,1.5211,1.7457,1.6442,9.1493,8.3145,1.9133
2004-06-29,1.2169,0.6682,131.83,1.528,1.7497,1.6358,9.1275,8.3285,1.9137
2004-06-30,1.2155,0.67075,132.4,1.5242,1.7554,1.6343,9.1451,8.4365,1.921
2004-07-01,1.2168,0.6701,131.64,1.5232,1.7283,1.6172,9.1615,8.441,1.9013
2004-07-02,1.2148,0.6687,132.64,1.5208,1.7303,1.6198,9.1785,8.4925,1.9003
2004-07-05,1.2288,0.6705,133.98,1.5182,1.7232,1.6272,9.1859,8.489,1.8978
2004-07-06,1.2309,0.6693,134.38,1.5188,1.7169,1.6255,9.1885,8.4665,1.8848
2004-07-07,1.2357,0.6676,133.96,1.5185,1.7127,1.6318,9.1813,8.4405,1.8866
2004-07-08,1.2348,0.6668,134.58,1.5189,1.7189,1.6345,9.1755,8.462,1.8893
2004-07-09,1.2372,0.66835,134.24,1.5188,1.7196,1.6303,9.1845,8.4545,1.8918
2004-07-12,1.2397,0.6667,134.12,1.5183,1.7072,1.6328,9.2002,8.458,1.883
2004-07-13,1.2372,0.6647,133.97,1.5206,1.7034,1.6345,9.2048,8.4735,1.8757
2004-07-14,1.2381,0.6662,134.8,1.5248,1.7069,1.6348,9.212,8.518,1.8902
2004-07-15,1.2374,0.6677,134.98,1.5264,1.7102,1.6381,9.1955,8.515,1.903
2004-07-16,1.2353,0.6645,135.37,1.5271,1.7047,1.6333,9.1981,8.478,1.8951
2004-07-19,1.2412,0.6636,134.26,1.5264,1.6934,1.6271,9.1975,8.477,1.88
2004-07-20,1.2385,0.66685,134.31,1.532,1.6987,1.6235,9.2091,8.487,1.8883
2004-07-21,1.2296,0.6673,134.08,1.5337,1.703,1.6222,9.1815,8.505,1.8936
2004-07-22,1.2268,0.6653,134.26,1.5329,1.712,1.6199,9.1923,8.48,1.9074
2004-07-23,1.2191,0.6632,134.06,1.5289,1.7175,1.6085,9.1906,8.477,1.9139
2004-07-26,1.2163,0.66105,133.22,1.5331,1.7114,1.6039,9.203,8.507,1.906
2004-07-27,1.2168,0.661,133.62,1.5367,1.7079,1.6159,9.2033,8.494,1.9041
2004-07-28,1.2034,0.66165,134.15,1.536,1.7266,1.6076,9.2105,8.4605,1.9247
2004-07-29,1.2026,0.663,135.0,1.5393,1.7283,1.6028,9.2274,8.456,1.9059
2004-07-30,1.2039,0.66255,134.19,1.5414,1.7165,1.5921,9.2357,8.42,1.8917
2004-08-02,1.2055,0.66005,134.09,1.5361,1.7146,1.6011,9.214,8.442,1.8881
2004-08-03,1.2022,0.6607,133.23,1.5413,1.7183,1.6042,9.2092,8.426,1.8832
2004-08-04,1.1983,0.6596,133.72,1.5394,1.7079,1.5844,9.1938,8.4145,1.8624
2004-08-05,1.2042,0.6612,134.13,1.5383,1.7112,1.5866,9.1803,8.3675,1.8683
2004-08-06,1.2064,0.6619,134.62,1.538,1.7158,1.5922,9.1821,8.34,1.8706
2004-08-09,1.2247,0.66605,135.77,1.5392,1.7107,1.6118,9.1978,8.3205,1.873
2004-08-10,1.2279,0.6692,136.08,1.5389,1.7149,1.6178,9.1823,8.3215,1.8759
2004-08-11,1.2233,0.669,135.84,1.5416,1.7167,1.6179,9.2,8.329,1.8754
2004-08-12,1.2256,0.6695,135.86,1.5397,1.7131,1.6239,9.202,8.319,1.8624
2004-08-13,1.2219,0.6701,136.5,1.5347,1.7231,1.6267,9.2198,8.289,1.8624
2004-08-16,1.2337,0.6702,136.66,1.5325,1.7207,1.6176,9.2389,8.28,1.8564
2004-08-17,1.2338,0.6713,136.45,1.537,1.7211,1.6109,9.2324,8.281,1.8553
2004-08-18,1.2331,0.67485,135.56,1.535,1.7235,1.6111,9.2187,8.319,1.8564
2004-08-19,1.2359,0.67655,135.36,1.5349,1.7124,1.6111,9.2185,8.2945,1.8523
2004-08-20,1.2293,0.6743,134.76,1.5398,1.7027,1.5975,9.1985,8.246,1.8362
2004-08-23,1.225,0.6744,134.19,1.541,1.7006,1.5923,9.1783,8.262,1.8303
2004-08-24,1.2139,0.6725,133.02,1.541,1.7121,1.5831,9.1613,8.283,1.8528
2004-08-25,1.2081,0.6727,133.19,1.5403,1.7122,1.5823,9.1546,8.313,1.8626
2004-08-26,1.21,0.6732,133.04,1.5398,1.7141,1.5828,9.1405,8.336,1.8533
2004-08-27,1.2085,0.6718,132.36,1.5401,1.7094,1.5792,9.1226,8.353,1.8422
2004-08-30,1.2047,0.6726,132.37,1.5409,1.7187,1.5845,9.1222,8.355,1.8496
2004-08-31,1.2111,0.6755,133.05,1.5428,1.7298,1.5958,9.1263,8.401,1.8596
2004-09-01,1.2168,0.67775,133.09,1.5386,1.7305,1.5966,9.137,8.3695,1.8568
2004-09-02,1.2172,0.6791,133.05,1.5338,1.7437,1.5884,9.1211,8.3475,1.8681
2004-09-03,1.2175,0.6799,132.96,1.534,1.745,1.5802,9.137,8.3115,1.862
2004-09-06,1.2071,0.6782,132.88,1.5337,1.7446,1.5673,9.1318,8.3225,1.863
2004-09-07,1.2079,0.68115,132.54,1.5325,1.7453,1.5648,9.1335,8.3365,1.8687
2004-09-08,1.2039,0.6788,132.01,1.5379,1.7447,1.5562,9.101,8.3335,1.8765
2004-09-09,1.2191,0.6828,133.71,1.5384,1.7607,1.5705,9.1171,8.3055,1.8616
2004-09-10,1.2219,0.6832,134.61,1.5401,1.7673,1.5789,9.0981,8.3225,1.8726
2004-09-13,1.2236,0.6801,134.91,1.5417,1.7545,1.5816,9.0915,8.3495,1.8614
2004-09-14,1.2237,0.68135,134.46,1.5439,1.749,1.5926,9.1003,8.363,1.8538
2004-09-15,1.2238,0.6848,134.19,1.5417,1.7502,1.5889,9.1175,8.398,1.851
2004-09-16,1.2158,0.6798,133.24,1.5457,1.7449,1.5724,9.127,8.4375,1.8493
2004-09-17,1.2211,0.6801,134.32,1.548,1.7441,1.5855,9.1091,8.435,1.8448
2004-09-20,1.2132,0.6804,133.21,1.5468,1.736,1.5763,9.0816,8.42,1.8377
2004-09-21,1.2276,0.68335,134.57,1.5452,1.7442,1.5855,9.0573,8.395,1.8502
2004-09-22,1.2245,0.68345,135.37,1.5477,1.7394,1.5754,9.0536,8.3935,1.8503
2004-09-23,1.2315,0.68375,136.34,1.5477,1.7258,1.5793,9.0539,8.341,1.8458
2004-09-24,1.2309,0.68315,136.17,1.5473,1.722,1.5748,9.039,8.339,1.8435
2004-09-27,1.2254,0.6787,136.3,1.5493,1.719,1.5648,9.0484,8.3655,1.842
2004-09-28,1.2335,0.6801,137.4,1.551,1.719,1.5677,9.0558,8.3505,1.8424
2004-09-29,1.2323,0.6818,136.62,1.5509,1.7202,1.5661,9.0526,8.351,1.8408
2004-09-30,1.2409,0.6868,137.17,1.5524,1.7212,1.574,9.0588,8.341,1.8414
2004-10-01,1.2413,0.69095,136.85,1.5495,1.7151,1.5661,9.0288,8.328,1.8449
2004-10-04,1.2305,0.68855,136.54,1.552,1.7064,1.5608,9.0448,8.295,1.8402
2004-10-05,1.2304,0.6896,136.51,1.5532,1.7014,1.5603,9.04,8.278,1.8274
2004-10-06,1.2282,0.6895,136.45,1.5543,1.7026,1.5511,9.0353,8.27,1.8296
2004-10-07,1.2301,0.69055,136.84,1.5535,1.6917,1.5448,9.0463,8.2855,1.8204
2004-10-08,1.2315,0.6891,136.05,1.5529,1.6944,1.5475,9.068,8.3,1.8193
2004-10-11,1.2392,0.6903,135.32,1.5496,1.6881,1.5539,9.0515,8.226,1.8171
2004-10-12,1.2312,0.6889,135.22,1.5489,1.6858,1.5477,9.0578,8.1925,1.8152
2004-10-13,1.2267,0.68625,134.91,1.546,1.6986,1.5537,9.0633,8.226,1.8237
2004-10-14,1.2377,0.6876,135.41,1.5449,1.6987,1.5534,9.0916,8.1955,1.8209
2004-10-15,1.2414,0.68945,135.66,1.5414,1.7016,1.5639,9.1078,8.216,1.813
2004-10-18,1.2474,0.69185,136.51,1.5382,1.7103,1.5658,9.0985,8.239,1.8124
2004-10-19,1.2509,0.6943,135.81,1.5385,1.7175,1.5751,9.0817,8.24,1.8215
2004-10-20,1.259,0.6963,136.43,1.5374,1.714,1.5721,9.0734,8.23,1.8213
2004-10-21,1.2606,0.69005,135.73,1.5365,1.7125,1.5716,9.0789,8.2345,1.8227
2004-10-22,1.2606,0.691,135.64,1.5384,1.7106,1.5684,9.094,8.2115,1.8229
2004-10-25,1.2792,0.69455,136.3,1.5326,1.7127,1.5629,9.0775,8.2265,1.822
2004-10-26,1.2784,0.69555,136.51,1.5333,1.7123,1.5639,9.0427,8.237,1.8307
2004-10-27,1.2792,0.69455,136.37,1.5321,1.708,1.5628,9.0238,8.162,1.8312
2004-10-28,1.2711,0.6957,135.2,1.5316,1.7127,1.5606,9.0426,8.1935,1.8645
2004-10-29,1.2737,0.69565,135.13,1.5299,1.7088,1.5546,9.053,8.1465,1.8666
2004-11-01,1.2748,0.6958,135.53,1.5318,1.7079,1.5566,9.0525,8.127,1.8627
2004-11-02,1.2705,0.6916,135.17,1.5317,1.7046,1.5559,9.0422,8.178,1.8552
2004-11-03,1.2754,0.6919,135.86,1.5331,1.6941,1.5571,9.063,8.193,1.8545
2004-11-04,1.2874,0.6966,136.64,1.5304,1.6992,1.5506,9.0793,8.154,1.8636
2004-11-05,1.2856,0.69775,136.51,1.5316,1.6967,1.5507,9.108,8.179,1.8614
2004-11-08,1.2917,0.69695,136.56,1.5286,1.7031,1.544,9.0886,8.191,1.8595
2004-11-09,1.2911,0.69625,136.57,1.5273,1.7049,1.5397,9.116,8.23,1.8646
2004-11-10,1.2977,0.6987,137.44,1.5222,1.7005,1.5489,9.0665,8.178,1.8858
2004-11-11,1.289,0.7002,137.65,1.5191,1.6974,1.5405,9.0233,8.145,1.8784
2004-11-12,1.2921,0.7006,136.93,1.5205,1.6861,1.5394,8.9663,8.113,1.8651
2004-11-15,1.2955,0.6989,136.48,1.5241,1.6767,1.549,8.9613,8.083,1.8487
2004-11-16,1.2971,0.69955,136.64,1.5238,1.678,1.5504,8.9625,8.0935,1.8482
2004-11-17,1.3026,0.70135,135.97,1.5203,1.6709,1.5506,8.971,8.1265,1.8446
2004-11-18,1.3024,0.7025,135.54,1.5171,1.6685,1.5651,8.9645,8.1265,1.8365
2004-11-19,1.302,0.7012,134.97,1.5153,1.6645,1.566,8.9695,8.132,1.8344
2004-11-22,1.3033,0.70255,134.47,1.5157,1.6657,1.5517,8.9569,8.168,1.836
2004-11-23,1.3089,0.6995,134.81,1.515,1.663,1.5508,8.9465,8.156,1.837
2004-11-24,1.3146,0.69985,135.26,1.5143,1.6687,1.5537,8.927,8.132,1.8481
2004-11-25,1.3213,0.7006,135.75,1.5113,1.6703,1.5572,8.926,8.1195,1.8464
2004-11-26,1.3238,0.6997,136.39,1.5146,1.6821,1.5631,8.9214,8.106,1.8506
2004-11-29,1.3247,0.701,136.24,1.517,1.689,1.5675,8.921,8.07,1.8502
2004-11-30,1.3295,0.6966,136.54,1.5114,1.7147,1.5785,8.9238,8.105,1.8555
2004-12-01,1.3294,0.69155,136.83,1.52,1.7236,1.5845,8.9396,8.1295,1.8604
2004-12-02,1.3314,0.68905,136.78,1.5268,1.7071,1.5739,8.9755,8.1665,1.8467
2004-12-03,1.33,0.6901,137.05,1.5273,1.7204,1.5928,8.951,8.175,1.8579
2004-12-06,1.3435,0.6918,137.47,1.5272,1.731,1.6072,8.8992,8.143,1.8592
2004-12-07,1.3456,0.6906,138.3,1.5305,1.7319,1.6074,8.9065,8.1355,1.8626
2004-12-08,1.33,0.6895,138.63,1.533,1.7586,1.6306,8.9627,8.2105,1.8823
2004-12-09,1.3305,0.6919,139.17,1.5344,1.7639,1.6275,8.994,8.241,1.8794
2004-12-10,1.3191,0.6912,139.59,1.5349,1.7609,1.6225,9.014,8.218,1.8759
2004-12-13,1.3268,0.69225,139.01,1.5348,1.7505,1.6271,8.9675,8.204,1.8674
2004-12-14,1.3317,0.6915,139.7,1.5368,1.7494,1.6372,8.9573,8.2,1.8668
2004-12-15,1.3383,0.69115,139.51,1.5282,1.7561,1.6479,8.9963,8.226,1.8705
2004-12-16,1.3401,0.6863,138.93,1.532,1.7516,1.6436,8.9615,8.1855,1.8625
2004-12-17,1.3264,0.68585,138.37,1.5367,1.7479,1.6351,8.998,8.217,1.8583
2004-12-20,1.3378,0.6874,139.44,1.5382,1.7516,1.6428,8.963,8.229,1.8672
2004-12-21,1.3394,0.6923,139.85,1.5403,1.7476,1.6424,8.9695,8.2575,1.8779
2004-12-22,1.3384,0.69905,139.18,1.5436,1.7442,1.6478,9.0245,8.283,1.8735
2004-12-23,1.3456,0.7013,139.88,1.5443,1.758,1.6656,9.0275,8.2825,1.887
2004-12-24,1.3542,0.7033,140.26,1.5458,1.7587,1.6631,9.035,8.2815,1.8908
2004-12-27,1.3527,0.7036,140.34,1.5484,1.7526,1.6625,9.0292,8.265,1.8861
2004-12-28,1.3633,0.70315,140.49,1.5441,1.7495,1.6562,8.987,8.272,1.8842
2004-12-29,1.3608,0.7083,140.76,1.5426,1.7477,1.6579,8.9883,8.275,1.8897
2004-12-30,1.3604,0.7088,141.03,1.544,1.7539,1.6483,9.0155,8.2435,1.9015
2004-12-31,1.3621,0.70505,139.65,1.5429,1.7459,1.6416,9.0206,8.2365,1.8871
2005-01-03,1.3507,0.70725,138.84,1.5444,1.7329,1.6278,8.9758,8.2135,1.8877
2005-01-04,1.3365,0.7062,138.49,1.5477,1.73,1.6254,9.0385,8.246,1.8855
2005-01-05,1.3224,0.70485,138.09,1.5528,1.7354,1.6269,9.0373,8.2835,1.8963
2005-01-06,1.3183,0.7039,138.3,1.5498,1.7314,1.6224,9.0339,8.2535,1.8909
2005-01-07,1.32,0.7028,138.06,1.5488,1.7301,1.6226,9.0298,8.221,1.8811
2005-01-10,1.3103,0.6978,136.83,1.5469,1.7256,1.6041,9.043,8.227,1.8865
2005-01-11,1.3143,0.7001,136.7,1.547,1.726,1.5992,9.028,8.2045,1.8854
2005-01-12,1.3139,0.6999,135.47,1.5488,1.7326,1.5997,9.055,8.194,1.887
2005-01-13,1.3232,0.703,135.71,1.5479,1.7283,1.5917,9.0481,8.186,1.8759
2005-01-14,1.3091,0.7006,134.32,1.5491,1.7242,1.5859,9.0483,8.175,1.873
2005-01-17,1.3085,0.7031,133.52,1.545,1.7243,1.5883,9.0432,8.195,1.8727
2005-01-18,1.306,0.6978,134.08,1.5433,1.7285,1.5969,9.035,8.161,1.8764
2005-01-19,1.3083,0.69655,133.98,1.5416,1.7145,1.597,9.0295,8.1475,1.86
2005-01-20,1.2936,0.6933,133.22,1.5414,1.708,1.5934,9.0217,8.179,1.8439
2005-01-21,1.2963,0.6953,134.6,1.5491,1.6979,1.5938,9.057,8.197,1.8305
2005-01-24,1.3065,0.6956,134.34,1.5441,1.6995,1.5939,9.0615,8.1915,1.8293
2005-01-25,1.3025,0.6956,134.85,1.546,1.6988,1.5994,9.0701,8.2065,1.8314
2005-01-26,1.3005,0.6927,134.47,1.5505,1.6879,1.61,9.0725,8.228,1.8209
2005-01-27,1.3026,0.6919,134.78,1.5468,1.6847,1.6136,9.078,8.243,1.8264
2005-01-28,1.3035,0.69255,134.69,1.5461,1.6847,1.6167,9.0875,8.25,1.8312
2005-01-31,1.3035,0.6912,134.96,1.5473,1.6826,1.6167,9.1057,8.26,1.8301
2005-02-01,1.3027,0.69255,135.16,1.5516,1.6896,1.6153,9.0945,8.2945,1.8347
2005-02-02,1.3061,0.6923,135.3,1.5528,1.6864,1.6126,9.0763,8.269,1.8336
2005-02-03,1.3001,0.6894,135.54,1.5583,1.68,1.6123,9.0633,8.26,1.825
2005-02-04,1.2958,0.6883,134.71,1.5591,1.6835,1.6101,9.0853,8.292,1.8215
2005-02-07,1.2844,0.6867,133.98,1.5593,1.6614,1.6086,9.0723,8.346,1.8137
2005-02-08,1.2764,0.6876,134.85,1.5591,1.6708,1.6011,9.0883,8.396,1.8267
2005-02-09,1.2762,0.6858,134.85,1.5575,1.6647,1.5949,9.0755,8.354,1.8209
2005-02-10,1.2777,0.68825,135.96,1.5588,1.6477,1.6016,9.091,8.4305,1.8113
2005-02-11,1.2855,0.6897,136.11,1.5551,1.6438,1.5986,9.0975,8.422,1.8076
2005-02-14,1.2967,0.6873,136.2,1.5545,1.6471,1.596,9.0972,8.4165,1.8093
2005-02-15,1.3016,0.6885,136.42,1.5507,1.6574,1.6052,9.0706,8.372,1.8192
2005-02-16,1.304,0.69135,137.0,1.5469,1.6626,1.6078,9.0761,8.359,1.8237
2005-02-17,1.3041,0.6912,137.8,1.5485,1.6597,1.6101,9.1048,8.366,1.8216
2005-02-18,1.3039,0.6891,137.63,1.5475,1.659,1.6051,9.0914,8.288,1.812
2005-02-21,1.3055,0.6891,137.76,1.5447,1.6558,1.6073,9.12,8.2855,1.7979
2005-02-22,1.3193,0.6913,137.42,1.538,1.6639,1.6205,9.0993,8.27,1.8066
2005-02-23,1.3203,0.6917,138.45,1.5389,1.6695,1.6271,9.098,8.2605,1.8215
2005-02-24,1.326,0.69395,139.07,1.5391,1.6816,1.6511,9.0734,8.235,1.8309
2005-02-25,1.3165,0.68975,138.74,1.5426,1.6824,1.6358,9.0724,8.2615,1.8288
2005-02-28,1.3257,0.68975,138.04,1.5392,1.673,1.634,9.0576,8.22,1.8178
2005-03-01,1.3216,0.6879,137.9,1.5357,1.6771,1.6306,9.0517,8.212,1.8201
2005-03-02,1.3101,0.6859,137.43,1.5413,1.6792,1.6286,9.0627,8.206,1.8077
2005-03-03,1.3144,0.6878,137.83,1.5461,1.6746,1.6341,9.0464,8.221,1.8049
2005-03-04,1.3115,0.6876,138.33,1.5491,1.6715,1.6317,9.0555,8.2275,1.8031
2005-03-07,1.3197,0.6896,138.88,1.5518,1.6682,1.6267,9.0365,8.216,1.798
2005-03-08,1.3246,0.6889,138.94,1.5509,1.6655,1.6242,9.0499,8.201,1.7964
2005-03-09,1.3346,0.69385,139.18,1.5535,1.6855,1.6145,9.053,8.175,1.8189
2005-03-10,1.3409,0.69645,139.62,1.5484,1.6938,1.6112,9.0693,8.174,1.8147
2005-03-11,1.3416,0.69865,139.67,1.55,1.6944,1.6176,9.063,8.177,1.8173
2005-03-14,1.3372,0.6974,140.12,1.5516,1.6995,1.6157,9.075,8.176,1.8142
2005-03-15,1.3383,0.6962,139.74,1.5503,1.6911,1.6113,9.0958,8.186,1.8066
2005-03-16,1.3373,0.696,139.33,1.5462,1.6906,1.6094,9.09,8.201,1.8065
2005-03-17,1.3378,0.6959,139.72,1.5471,1.6876,1.614,9.1023,8.141,1.801
2005-03-18,1.3279,0.69345,139.28,1.5495,1.6802,1.6027,9.1144,8.128,1.7951
2005-03-21,1.3199,0.6941,139.09,1.5516,1.6751,1.6001,9.1371,8.14,1.7867
2005-03-22,1.3175,0.6941,138.45,1.5523,1.6709,1.5872,9.1392,8.1735,1.7855
2005-03-23,1.305,0.6946,137.7,1.5557,1.679,1.5834,9.1114,8.1818,1.8016
2005-03-24,1.2982,0.6944,138.1,1.5538,1.6803,1.5809,9.1087,8.2,1.8211
2005-03-29,1.2926,0.68995,138.61,1.5522,1.6736,1.5683,9.1197,8.219,1.8203
2005-03-30,1.2943,0.6877,139.13,1.5513,1.679,1.5685,9.1325,8.186,1.8266
2005-03-31,1.2964,0.6885,138.44,1.5486,1.6763,1.5737,9.143,8.206,1.8237
2005-04-01,1.2959,0.68665,139.07,1.5527,1.6803,1.5736,9.1687,8.195,1.8239
2005-04-04,1.2883,0.687,139.18,1.5535,1.6777,1.5691,9.1818,8.198,1.8214
2005-04-05,1.281,0.6841,139.16,1.5541,1.6758,1.5683,9.1765,8.164,1.8188
2005-04-06,1.286,0.68505,139.75,1.5508,1.6804,1.5708,9.1612,8.167,1.8092
2005-04-07,1.2923,0.6874,139.84,1.5497,1.6798,1.5746,9.1478,8.162,1.8057
2005-04-08,1.2819,0.6859,139.46,1.5505,1.6717,1.5749,9.1597,8.1635,1.7976
2005-04-11,1.2971,0.6864,139.76,1.5489,1.6745,1.5927,9.1703,8.173,1.8002
2005-04-12,1.2985,0.6854,139.97,1.5494,1.6738,1.6022,9.1578,8.176,1.7983
2005-04-13,1.2922,0.68335,138.71,1.5499,1.6598,1.5979,9.1515,8.191,1.7852
2005-04-14,1.282,0.68135,138.64,1.5547,1.6598,1.5956,9.168,8.2465,1.7719
2005-04-15,1.2868,0.682,139.08,1.5532,1.6717,1.6,9.1785,8.232,1.7994
2005-04-18,1.2967,0.6832,139.6,1.5476,1.69,1.6193,9.177,8.22,1.8119
2005-04-19,1.2996,0.6807,139.54,1.545,1.6947,1.6209,9.2005,8.2075,1.8086
2005-04-20,1.3049,0.6813,139.5,1.544,1.684,1.6162,9.1923,8.1865,1.7987
2005-04-21,1.3058,0.68475,140.27,1.5427,1.6872,1.6226,9.1855,8.156,1.7976
2005-04-22,1.3077,0.68285,138.96,1.5435,1.6773,1.6148,9.1704,8.1625,1.7911
2005-04-25,1.2966,0.67865,137.31,1.5441,1.6637,1.6082,9.1523,8.155,1.7746
2005-04-26,1.2981,0.68115,137.54,1.5418,1.6661,1.6112,9.1453,8.1315,1.7831
2005-04-27,1.292,0.6796,137.35,1.5434,1.6654,1.6121,9.1403,8.127,1.7917
2005-04-28,1.2905,0.6773,136.63,1.5397,1.6591,1.6172,9.1413,8.145,1.7756
2005-04-29,1.2957,0.6775,136.24,1.5374,1.6565,1.6191,9.1805,8.143,1.7669
2005-05-02,1.2863,0.67625,135.54,1.5402,1.6481,1.6189,9.1994,8.1365,1.7621
2005-05-03,1.2856,0.67995,135.23,1.5438,1.6625,1.6153,9.2249,8.144,1.7731
2005-05-04,1.2953,0.68175,135.21,1.541,1.6652,1.6176,9.1718,8.1115,1.7712
2005-05-05,1.2954,0.6807,135.28,1.5457,1.6589,1.6158,9.168,8.1119,1.7635
2005-05-06,1.2947,0.68205,135.71,1.5485,1.6622,1.6058,9.1633,8.1115,1.7612
2005-05-09,1.2824,0.6815,135.46,1.5476,1.6588,1.5876,9.1823,8.1265,1.7552
2005-05-10,1.2854,0.6828,135.86,1.5467,1.6615,1.5918,9.2005,8.091,1.7596
2005-05-11,1.2882,0.6841,135.7,1.5443,1.6543,1.6001,9.2008,8.083,1.757
2005-05-12,1.2771,0.6833,135.66,1.5461,1.6565,1.5955,9.2105,8.092,1.7675
2005-05-13,1.2635,0.68015,135.2,1.5449,1.6581,1.584,9.2067,8.096,1.7712
2005-05-16,1.2616,0.6869,135.63,1.5445,1.6698,1.6016,9.224,8.1136,1.7857
2005-05-17,1.2636,0.68735,135.52,1.543,1.6701,1.6049,9.226,8.0956,1.7823
2005-05-18,1.2621,0.68835,135.44,1.5426,1.669,1.5976,9.2162,8.094,1.7821
2005-05-19,1.2642,0.6872,135.62,1.5433,1.6669,1.5952,9.191,8.1135,1.7765
2005-05-20,1.2607,0.68715,135.98,1.5483,1.6636,1.589,9.1885,8.1345,1.7761
2005-05-23,1.2548,0.6863,135.45,1.5467,1.6599,1.5848,9.18,8.113,1.7729
2005-05-24,1.2617,0.68765,135.39,1.5467,1.6527,1.5893,9.1812,8.0885,1.7662
2005-05-25,1.2564,0.68785,135.33,1.5458,1.6528,1.5831,9.1783,8.056,1.7648
2005-05-26,1.2523,0.6874,135.58,1.5472,1.6473,1.5886,9.2,8.009,1.7595
2005-05-27,1.2551,0.6871,135.27,1.5479,1.6475,1.5845,9.1975,7.971,1.759
2005-05-30,1.2472,0.68495,134.68,1.5447,1.6386,1.5679,9.1768,7.9585,1.7512
2005-05-31,1.2331,0.6771,133.47,1.5372,1.6309,1.5531,9.1608,7.939,1.7454
2005-06-01,1.2228,0.67545,132.84,1.531,1.6347,1.5341,9.14,7.917,1.7511
2005-06-02,1.2263,0.67535,132.72,1.5348,1.6305,1.53,9.1528,7.906,1.7528
2005-06-03,1.2289,0.6757,132.57,1.5359,1.6241,1.5311,9.141,7.898,1.7498
2005-06-06,1.2272,0.6748,131.44,1.5319,1.6104,1.5284,9.1357,7.8725,1.7372
2005-06-07,1.2285,0.67155,131.13,1.5303,1.601,1.5286,9.1304,7.857,1.722
2005-06-08,1.2324,0.67095,131.69,1.5336,1.6013,1.5351,9.193,7.9,1.7221
2005-06-09,1.2239,0.6713,131.37,1.5343,1.5946,1.5347,9.201,7.9135,1.7165
2005-06-10,1.2229,0.6704,131.42,1.5348,1.5952,1.5324,9.2228,7.8375,1.7194
2005-06-13,1.2062,0.6683,131.74,1.5379,1.586,1.5165,9.2665,7.8485,1.7132
2005-06-14,1.211,0.6695,132.33,1.5397,1.583,1.5218,9.2835,7.8765,1.7078
2005-06-15,1.2069,0.6667,132.06,1.5388,1.5757,1.5057,9.264,7.871,1.6986
2005-06-16,1.2115,0.66465,132.26,1.5395,1.5738,1.4984,9.275,7.8615,1.6988
2005-06-17,1.2177,0.6678,132.47,1.5441,1.567,1.5077,9.2403,7.863,1.6991
2005-06-20,1.221,0.66855,133.09,1.5446,1.5695,1.5031,9.2273,7.877,1.7003
2005-06-21,1.2092,0.6645,132.2,1.5425,1.5617,1.4971,9.2373,7.874,1.6945
2005-06-22,1.2111,0.66515,131.79,1.5419,1.5601,1.4931,9.2711,7.876,1.6948
2005-06-23,1.2066,0.6624,130.88,1.5391,1.5593,1.4916,9.3735,7.93,1.702
2005-06-24,1.2082,0.663,131.92,1.5412,1.5647,1.484,9.4015,7.9725,1.7056
2005-06-27,1.2164,0.6651,132.91,1.5429,1.5815,1.5024,9.3723,7.939,1.7158
2005-06-28,1.2095,0.6646,132.94,1.5445,1.579,1.4919,9.393,7.9465,1.7238
2005-06-29,1.2054,0.6669,133.03,1.5471,1.5828,1.4864,9.4333,7.897,1.7219
2005-06-30,1.2092,0.6742,133.95,1.5499,1.5885,1.49,9.4259,7.9155,1.7387
2005-07-01,1.2087,0.679,134.24,1.5519,1.596,1.4867,9.4866,7.881,1.7526
2005-07-04,1.1894,0.67645,132.67,1.5484,1.5876,1.4784,9.474,7.8815,1.7536
2005-07-05,1.1883,0.67735,133.03,1.5521,1.6039,1.4747,9.4352,7.914,1.7628
2005-07-06,1.1913,0.6785,133.23,1.5545,1.605,1.4803,9.3693,7.914,1.7629
2005-07-07,1.1957,0.6851,133.53,1.5472,1.6094,1.476,9.4287,7.916,1.7669
2005-07-08,1.1904,0.6863,133.84,1.553,1.6089,1.4607,9.4296,7.8755,1.7725
2005-07-11,1.2006,0.688,134.4,1.5554,1.6129,1.4584,9.4744,7.912,1.776
2005-07-12,1.2166,0.68815,135.33,1.5563,1.6143,1.4742,9.456,7.8965,1.7797
2005-07-13,1.2184,0.6899,135.67,1.5588,1.6176,1.4668,9.3855,7.8895,1.7963
2005-07-14,1.2067,0.68645,135.24,1.5581,1.6062,1.4538,9.3809,7.922,1.7875
2005-07-15,1.2073,0.6862,135.35,1.5594,1.6087,1.4651,9.4148,7.9695,1.7907
2005-07-18,1.2054,0.68995,135.29,1.5601,1.6108,1.469,9.373,7.9515,1.7904
2005-07-19,1.1965,0.68785,135.07,1.5634,1.5985,1.4617,9.4254,8.016,1.7745
2005-07-20,1.2063,0.6943,136.35,1.5632,1.6002,1.4668,9.422,7.961,1.7815
2005-07-21,1.2187,0.696,135.21,1.5603,1.5942,1.4782,9.457,7.952,1.7791
2005-07-22,1.2143,0.6951,134.98,1.5635,1.5859,1.4779,9.4528,7.974,1.7697
2005-07-25,1.2065,0.6944,134.87,1.5635,1.5857,1.4711,9.421,7.9155,1.77
2005-07-26,1.1987,0.68955,134.56,1.5603,1.5814,1.469,9.4493,7.89,1.7577
2005-07-27,1.199,0.6903,134.92,1.5618,1.5889,1.4846,9.4385,7.9035,1.7672
2005-07-28,1.21,0.6907,136.0,1.5625,1.5976,1.494,9.4,7.8985,1.7762
2005-07-29,1.2093,0.6893,135.91,1.5607,1.5904,1.4856,9.4048,7.887,1.7697
2005-08-01,1.2219,0.6914,136.67,1.5591,1.6057,1.4874,9.393,7.8575,1.7829
2005-08-02,1.2217,0.6893,136.07,1.5566,1.5979,1.4803,9.3721,7.8465,1.7759
2005-08-03,1.2308,0.6911,136.81,1.5585,1.6001,1.4902,9.3803,7.8425,1.7836
2005-08-04,1.2319,0.69385,137.33,1.5571,1.599,1.4984,9.3385,7.879,1.7879
2005-08-05,1.2386,0.6956,138.13,1.5593,1.6069,1.51,9.3338,7.8955,1.7879
2005-08-08,1.237,0.6916,138.13,1.5595,1.6145,1.4996,9.3242,7.93,1.7834
2005-08-09,1.2367,0.6929,138.64,1.556,1.6246,1.5015,9.359,7.8905,1.7899
2005-08-10,1.2377,0.69035,137.4,1.5566,1.6207,1.5,9.3545,7.8965,1.7823
2005-08-11,1.2405,0.68825,136.94,1.5537,1.6103,1.4976,9.3223,7.8975,1.7687
2005-08-12,1.2457,0.68675,136.32,1.5533,1.6105,1.4935,9.3016,7.8885,1.7616
2005-08-15,1.2374,0.6836,135.54,1.5513,1.6036,1.4801,9.3064,7.951,1.7499
2005-08-16,1.2313,0.68145,134.63,1.5518,1.604,1.4812,9.3084,7.9515,1.7489
2005-08-17,1.2296,0.6793,134.85,1.5486,1.6103,1.4773,9.3309,7.9215,1.7518
2005-08-18,1.2213,0.67755,134.82,1.5463,1.6169,1.4846,9.3233,7.944,1.7513
2005-08-19,1.2183,0.6784,134.51,1.5488,1.6199,1.4831,9.3425,7.9805,1.7553
2005-08-22,1.2231,0.67815,133.93,1.5513,1.6177,1.4765,9.3658,7.9835,1.7537
2005-08-23,1.2233,0.6802,134.61,1.5534,1.6194,1.4675,9.3674,8.0085,1.7546
2005-08-24,1.2211,0.68035,134.77,1.5545,1.618,1.4613,9.3333,7.964,1.7512
2005-08-25,1.2272,0.682,135.02,1.5478,1.6173,1.4621,9.3313,7.9255,1.7575
2005-08-26,1.2307,0.68185,134.93,1.5467,1.6209,1.4709,9.3291,7.926,1.7622
2005-08-29,1.2289,0.6816,135.73,1.5453,1.6292,1.4634,9.3193,7.897,1.7669
2005-08-30,1.2181,0.68275,135.81,1.5512,1.6299,1.4628,9.3386,7.9355,1.7706
2005-08-31,1.2198,0.6829,136.06,1.5485,1.6343,1.4552,9.3401,7.866,1.7744
2005-09-01,1.2388,0.68335,136.95,1.5463,1.6374,1.4708,9.3325,7.8445,1.7747
2005-09-02,1.2541,0.6818,137.66,1.5437,1.6411,1.4885,9.2905,7.7825,1.7755
2005-09-05,1.2538,0.67855,136.69,1.5429,1.6329,1.4868,9.294,7.825,1.766
2005-09-06,1.2483,0.6767,136.75,1.5436,1.6271,1.4865,9.3124,7.827,1.7619
2005-09-07,1.2451,0.6771,136.97,1.5431,1.6224,1.4826,9.328,7.8065,1.765
2005-09-08,1.2418,0.6762,137.16,1.543,1.6129,1.4686,9.32,7.7895,1.7622
2005-09-09,1.2415,0.67535,136.63,1.5435,1.607,1.4602,9.337,7.798,1.7581
2005-09-12,1.2313,0.67435,135.2,1.5443,1.5945,1.4587,9.2834,7.8015,1.7446
2005-09-13,1.2276,0.6741,136.17,1.5474,1.5988,1.4552,9.309,7.821,1.7483
2005-09-14,1.2314,0.6734,135.42,1.5469,1.5953,1.4523,9.333,7.814,1.7414
2005-09-15,1.2223,0.6765,134.89,1.5469,1.589,1.4483,9.316,7.7915,1.7279
2005-09-16,1.2243,0.6765,135.78,1.551,1.5933,1.4487,9.3305,7.7945,1.7347
2005-09-19,1.2139,0.6728,135.31,1.5511,1.5887,1.4316,9.33,7.794,1.7356
2005-09-20,1.2154,0.6734,135.43,1.5524,1.5768,1.4178,9.3393,7.777,1.7303
2005-09-21,1.2225,0.67505,135.95,1.5519,1.5834,1.4264,9.3345,7.7925,1.7449
2005-09-22,1.2224,0.6787,135.89,1.5534,1.5909,1.4244,9.3615,7.779,1.7506
2005-09-23,1.2118,0.6785,135.07,1.5557,1.5935,1.4209,9.3683,7.791,1.7559
2005-09-26,1.2031,0.67895,135.21,1.5566,1.5919,1.4167,9.357,7.8215,1.7561
2005-09-27,1.2005,0.68025,136.01,1.5578,1.5907,1.4095,9.3875,7.8205,1.7647
2005-09-28,1.2037,0.681,136.08,1.5556,1.5858,1.4171,9.3887,7.8265,1.7548
2005-09-29,1.2063,0.6826,135.92,1.5578,1.5831,1.4155,9.3715,7.816,1.7386
2005-09-30,1.2042,0.68195,136.25,1.5561,1.5828,1.4063,9.3267,7.877,1.7414
2005-10-03,1.1933,0.68,136.07,1.5537,1.5653,1.3903,9.3086,7.8855,1.7261
2005-10-04,1.1938,0.6786,136.44,1.5508,1.5627,1.3935,9.321,7.8815,1.7183
2005-10-05,1.1947,0.6779,136.06,1.5506,1.5726,1.4027,9.3014,7.891,1.7169
2005-10-06,1.2061,0.68175,137.3,1.546,1.5929,1.4261,9.3108,7.8735,1.7301
2005-10-07,1.2144,0.687,137.82,1.5484,1.6016,1.4325,9.3375,7.888,1.7423
2005-10-10,1.2088,0.68825,137.9,1.5496,1.5929,1.4208,9.3537,7.8715,1.731
2005-10-11,1.2022,0.6865,137.22,1.5474,1.5929,1.4203,9.3353,7.845,1.7318
2005-10-12,1.2008,0.6865,137.49,1.5478,1.5927,1.4079,9.3507,7.802,1.73
2005-10-13,1.198,0.6849,137.54,1.5514,1.5993,1.4062,9.372,7.8145,1.7296
2005-10-14,1.1999,0.6854,137.67,1.5506,1.5982,1.4209,9.4369,7.8335,1.7294
2005-10-17,1.2022,0.6846,138.0,1.5536,1.6024,1.4235,9.463,7.8175,1.7279
2005-10-18,1.1937,0.68415,138.29,1.5558,1.5997,1.4167,9.4712,7.821,1.7171
2005-10-19,1.195,0.68005,138.07,1.5516,1.5961,1.4068,9.4695,7.8035,1.713
2005-10-20,1.1953,0.6767,138.19,1.5511,1.5919,1.4062,9.465,7.8,1.7123
2005-10-21,1.2012,0.6771,138.87,1.5463,1.6005,1.4162,9.49,7.7925,1.7141
2005-10-24,1.1944,0.6759,138.15,1.5446,1.5969,1.4226,9.5297,7.8265,1.7043
2005-10-25,1.2017,0.67665,138.78,1.5441,1.5976,1.4261,9.488,7.834,1.7114
2005-10-26,1.2059,0.6798,139.67,1.5474,1.5981,1.4189,9.493,7.822,1.7149
2005-10-27,1.213,0.6794,139.89,1.5462,1.5983,1.4168,9.5045,7.811,1.7161
2005-10-28,1.2138,0.6809,140.03,1.5459,1.6114,1.4211,9.5295,7.809,1.7188
2005-10-31,1.2023,0.67665,139.64,1.5455,1.6037,1.4161,9.536,7.806,1.7108
2005-11-01,1.2008,0.679,140.02,1.5466,1.609,1.4201,9.578,7.7825,1.7181
2005-11-02,1.1992,0.67895,140.26,1.5422,1.6192,1.4153,9.5973,7.785,1.7329
2005-11-03,1.2041,0.67825,140.76,1.5428,1.6222,1.4164,9.6148,7.8075,1.7351
2005-11-04,1.1933,0.6764,140.52,1.5439,1.6207,1.409,9.5915,7.7975,1.7345
2005-11-07,1.1824,0.67655,139.23,1.5429,1.6138,1.4021,9.6045,7.782,1.7384
2005-11-08,1.1741,0.6761,138.22,1.5412,1.6055,1.4036,9.5525,7.794,1.7279
2005-11-09,1.1738,0.6753,137.68,1.5431,1.5995,1.3951,9.5645,7.7485,1.7167
2005-11-10,1.1762,0.6729,138.41,1.5393,1.6041,1.3966,9.5918,7.737,1.7071
2005-11-11,1.1697,0.6731,138.11,1.5381,1.5989,1.3939,9.5888,7.745,1.7043
2005-11-14,1.1713,0.67285,139.06,1.5397,1.607,1.4003,9.5458,7.779,1.7151
2005-11-15,1.1667,0.6732,139.11,1.5413,1.602,1.3961,9.6325,7.793,1.7106
2005-11-16,1.1677,0.6769,139.4,1.5469,1.6026,1.3961,9.6126,7.8135,1.7087
2005-11-17,1.1692,0.6795,138.82,1.5467,1.5944,1.3892,9.6133,7.8545,1.7028
2005-11-18,1.1679,0.6815,139.27,1.5468,1.5966,1.3892,9.5675,7.882,1.7028
2005-11-21,1.1811,0.68675,140.41,1.5488,1.6022,1.4062,9.5722,7.8935,1.7128
2005-11-22,1.1701,0.68465,139.72,1.5471,1.5965,1.385,9.5426,7.8505,1.7052
2005-11-23,1.1776,0.6846,139.78,1.5491,1.5988,1.3817,9.5162,7.863,1.7035
2005-11-24,1.1783,0.68345,140.03,1.5501,1.5939,1.3796,9.511,7.873,1.6945
2005-11-25,1.1763,0.6834,140.44,1.5473,1.5975,1.3762,9.4647,7.877,1.69
2005-11-28,1.1726,0.6855,140.39,1.5471,1.5949,1.3716,9.4585,7.87,1.6797
2005-11-29,1.1793,0.6843,140.57,1.5476,1.5933,1.3787,9.502,7.949,1.679
2005-11-30,1.1769,0.68215,140.8,1.5485,1.5925,1.3741,9.5272,7.9715,1.6737
2005-12-01,1.1745,0.6798,141.18,1.5467,1.5852,1.3723,9.5163,7.972,1.6666
2005-12-02,1.1697,0.67745,141.36,1.5437,1.572,1.3612,9.426,7.917,1.6537
2005-12-05,1.1767,0.6773,142.19,1.5442,1.5698,1.3599,9.4243,7.894,1.6406
2005-12-06,1.1783,0.67905,142.64,1.541,1.5644,1.3607,9.3862,7.875,1.6417
2005-12-07,1.171,0.6769,141.68,1.5401,1.5686,1.3626,9.3949,7.926,1.6585
2005-12-08,1.1764,0.67495,141.82,1.5387,1.5762,1.3677,9.4217,7.925,1.6833
2005-12-09,1.1785,0.6732,142.01,1.5398,1.5709,1.3665,9.4224,7.927,1.677
2005-12-12,1.1925,0.6743,143.46,1.5413,1.5831,1.3747,9.4405,7.9775,1.6836
2005-12-13,1.1925,0.67425,143.47,1.5433,1.5822,1.3739,9.4415,7.952,1.6864
2005-12-14,1.202,0.6783,142.23,1.5421,1.5892,1.3776,9.44,7.951,1.6943
2005-12-15,1.1999,0.6767,139.28,1.542,1.6026,1.3888,9.418,7.9595,1.7279
2005-12-16,1.1983,0.67745,139.28,1.546,1.6122,1.386,9.479,7.9685,1.7376
2005-12-19,1.1977,0.6796,139.24,1.5505,1.611,1.3932,9.4295,8.011,1.733
2005-12-20,1.1955,0.6782,139.36,1.5521,1.6181,1.402,9.3887,8.033,1.7383
2005-12-21,1.1872,0.67895,139.18,1.5529,1.6184,1.3918,9.43,8.0495,1.7444
2005-12-22,1.1822,0.681,138.84,1.5551,1.6171,1.3799,9.4327,8.0325,1.7521
2005-12-23,1.1859,0.6834,138.34,1.5566,1.627,1.3842,9.46,8.029,1.765
2005-12-27,1.1852,0.68295,138.61,1.5573,1.6261,1.3832,9.4753,8.018,1.7555
2005-12-28,1.1916,0.6863,139.61,1.5581,1.632,1.3948,9.4367,8.029,1.7495
2005-12-29,1.1825,0.6883,139.43,1.5585,1.6197,1.3796,9.4104,8.0165,1.7348
2005-12-30,1.1797,0.6853,138.9,1.5551,1.6109,1.3725,9.3885,7.985,1.727
2006-01-02,1.1826,0.6865,139.56,1.5536,1.6125,1.3737,9.3977,7.9805,1.734
2006-01-03,1.1875,0.68725,139.45,1.5535,1.6145,1.3809,9.355,7.9615,1.7427
2006-01-04,1.2083,0.68815,140.19,1.5512,1.6243,1.3934,9.3521,7.9335,1.7575
2006-01-05,1.2088,0.6888,140.31,1.5463,1.6206,1.3941,9.3263,7.9325,1.7667
2006-01-06,1.2093,0.6888,140.21,1.5452,1.6174,1.4158,9.3139,7.9295,1.7642
2006-01-09,1.2078,0.6834,137.85,1.5426,1.6077,1.4142,9.338,7.935,1.7433
2006-01-10,1.2064,0.6833,138.12,1.5437,1.6045,1.4092,9.353,7.981,1.7408
2006-01-11,1.2088,0.6884,138.31,1.5474,1.6061,1.4073,9.3499,8.031,1.7392
2006-01-12,1.2113,0.6846,137.5,1.5477,1.6059,1.4049,9.3322,8.078,1.7359
2006-01-13,1.2039,0.6814,138.13,1.5491,1.604,1.3972,9.3063,8.0475,1.7344
2006-01-16,1.2112,0.68545,139.23,1.5497,1.6066,1.4055,9.3293,8.049,1.734
2006-01-17,1.2075,0.68535,139.23,1.5489,1.6045,1.3996,9.3325,8.1065,1.7475
2006-01-18,1.2125,0.6864,139.51,1.5468,1.6181,1.4122,9.3297,8.124,1.762
2006-01-19,1.2073,0.68785,139.06,1.5537,1.6217,1.4223,9.3395,8.129,1.7822
2006-01-20,1.2068,0.68525,139.15,1.5512,1.6129,1.403,9.3035,8.0845,1.776
2006-01-23,1.2277,0.6878,140.35,1.5471,1.6287,1.4133,9.26,8.0495,1.794
2006-01-24,1.2272,0.6878,140.45,1.5489,1.6363,1.4123,9.2698,8.046,1.8094
2006-01-25,1.2294,0.6867,141.12,1.5479,1.6273,1.415,9.2687,8.031,1.7887
2006-01-26,1.2254,0.6859,141.85,1.55,1.6223,1.4149,9.2512,8.069,1.7788
2006-01-27,1.2172,0.6846,142.19,1.5526,1.6188,1.396,9.2584,8.088,1.7835
2006-01-30,1.2082,0.68365,141.99,1.5555,1.6118,1.3826,9.2265,8.1275,1.7715
2006-01-31,1.2118,0.6843,142.17,1.5547,1.607,1.387,9.2503,8.092,1.7698
2006-02-01,1.2092,0.6806,142.22,1.5538,1.6042,1.3782,9.2352,8.0585,1.7624
2006-02-02,1.2066,0.6788,143.04,1.5555,1.6029,1.3786,9.2835,8.0505,1.7557
2006-02-03,1.2061,0.6791,143.05,1.5549,1.6037,1.3821,9.278,8.0225,1.7482
2006-02-06,1.1981,0.6833,142.28,1.5558,1.6051,1.3706,9.2972,8.047,1.7527
2006-02-07,1.1973,0.6859,141.24,1.5549,1.6123,1.3734,9.307,8.0465,1.7546
2006-02-08,1.1948,0.6861,141.51,1.5529,1.6195,1.3808,9.2713,8.0165,1.7669
2006-02-09,1.1972,0.6881,141.91,1.5563,1.6212,1.3761,9.2617,8.0155,1.7702
2006-02-10,1.197,0.6839,140.77,1.5551,1.614,1.3755,9.2623,8.0755,1.7544
2006-02-13,1.1888,0.6837,140.35,1.5559,1.6125,1.3741,9.3379,8.102,1.7524
2006-02-14,1.1898,0.6858,139.57,1.5574,1.6139,1.3788,9.335,8.136,1.7689
2006-02-15,1.1904,0.6835,139.96,1.5577,1.6042,1.3734,9.3325,8.1375,1.7573
2006-02-16,1.1858,0.68425,140.11,1.5588,1.609,1.3742,9.394,8.107,1.7666
2006-02-17,1.1863,0.6839,140.77,1.5621,1.6119,1.3725,9.381,8.06,1.7892
2006-02-20,1.1932,0.6848,141.11,1.5617,1.6108,1.3715,9.3635,8.0555,1.7844
2006-02-21,1.1906,0.6821,141.61,1.5598,1.6116,1.3668,9.3887,8.0545,1.7931
2006-02-22,1.1875,0.6828,140.91,1.5593,1.6162,1.364,9.3762,8.0575,1.8055
2006-02-23,1.1957,0.68185,139.88,1.5587,1.612,1.3718,9.4103,8.046,1.806
2006-02-24,1.1896,0.6803,139.11,1.5602,1.6062,1.3715,9.42,8.0465,1.7949
2006-02-27,1.1852,0.68105,137.77,1.5637,1.6072,1.359,9.444,8.0265,1.7984
2006-02-28,1.1875,0.6796,138.18,1.5661,1.6051,1.3532,9.449,8.024,1.7993
2006-03-01,1.1954,0.6806,138.56,1.5614,1.6047,1.3607,9.4475,8.029,1.7955
2006-03-02,1.1921,0.6831,138.73,1.5646,1.5974,1.3524,9.4623,8.0095,1.79
2006-03-03,1.202,0.685,139.96,1.5628,1.6123,1.3627,9.4603,8.012,1.8028
2006-03-06,1.2017,0.6855,141.04,1.5607,1.6169,1.3686,9.4543,7.979,1.8185
2006-03-07,1.1913,0.6858,140.34,1.5616,1.618,1.3636,9.4733,7.9875,1.8357
2006-03-08,1.1914,0.68605,140.35,1.5598,1.6227,1.3733,9.472,8.0075,1.8358
2006-03-09,1.192,0.6858,140.1,1.5635,1.6194,1.3793,9.4299,8.0235,1.8328
2006-03-10,1.1919,0.6862,141.11,1.5664,1.6217,1.3867,9.3925,7.9735,1.8524
2006-03-13,1.1922,0.69015,141.94,1.5686,1.6284,1.3841,9.3786,7.9755,1.8584
2006-03-14,1.1948,0.68855,141.31,1.5671,1.6301,1.3864,9.382,7.96,1.8784
2006-03-15,1.2026,0.6892,141.31,1.5653,1.6277,1.3885,9.3875,7.968,1.8681
2006-03-16,1.2069,0.69085,142.06,1.5674,1.6389,1.399,9.3637,7.9995,1.8887
2006-03-17,1.2185,0.6945,141.47,1.5735,1.6669,1.4072,9.3396,7.9765,1.9215
2006-03-20,1.2174,0.6937,141.07,1.5717,1.6921,1.4213,9.334,7.9535,1.9453
2006-03-21,1.2144,0.6942,141.61,1.5738,1.6903,1.4143,9.373,7.953,1.9489
2006-03-22,1.2069,0.6914,141.34,1.5736,1.6859,1.4139,9.3775,7.9435,1.9425
2006-03-23,1.2055,0.69175,141.12,1.577,1.6783,1.4049,9.3525,7.967,1.9183
2006-03-24,1.1969,0.6908,141.52,1.5763,1.6894,1.3995,9.373,7.969,1.9571
2006-03-27,1.2025,0.6883,140.15,1.5733,1.6999,1.41,9.355,7.967,1.9753
2006-03-28,1.2084,0.6907,141.09,1.5715,1.6992,1.408,9.3677,7.9385,1.979
2006-03-29,1.2012,0.69185,141.58,1.5742,1.706,1.4098,9.4148,7.945,1.9914
2006-03-30,1.2096,0.6946,141.9,1.5746,1.6962,1.4108,9.4163,7.977,1.984
2006-03-31,1.2104,0.6964,142.42,1.5801,1.6997,1.4084,9.4315,7.9675,1.9774
2006-04-03,1.2063,0.6977,142.77,1.5802,1.6828,1.4172,9.4195,7.9165,1.9628
2006-04-04,1.2217,0.69835,143.69,1.5804,1.6951,1.4281,9.382,7.884,2.007
2006-04-05,1.2262,0.7006,144.16,1.5791,1.6921,1.424,9.3584,7.8865,2.0012
2006-04-06,1.2312,0.70055,144.81,1.5793,1.6799,1.4225,9.322,7.892,1.9998
2006-04-07,1.2179,0.69645,143.57,1.5757,1.6653,1.3975,9.3415,7.876,1.9828
2006-04-10,1.2099,0.6938,143.22,1.5756,1.6616,1.3878,9.3669,7.8575,1.9904
2006-04-11,1.2105,0.6939,143.73,1.5776,1.656,1.3864,9.3345,7.8225,1.9855
2006-04-12,1.2125,0.69165,143.22,1.5727,1.6582,1.3883,9.3285,7.8263,1.972
2006-04-13,1.2094,0.6903,143.48,1.5705,1.6634,1.3885,9.326,7.8562,1.9605
2006-04-18,1.2252,0.6915,144.53,1.5645,1.66,1.4029,9.3068,7.854,1.9576
2006-04-19,1.2346,0.69135,144.6,1.5688,1.6596,1.4063,9.322,7.8105,1.9462
2006-04-20,1.2346,0.6924,145.27,1.5723,1.6594,1.4039,9.2882,7.79,1.9535
2006-04-21,1.2315,0.69245,144.36,1.5755,1.6623,1.4008,9.308,7.843,1.9497
2006-04-24,1.2365,0.6919,142.17,1.5712,1.6562,1.4064,9.342,7.831,1.9478
2006-04-25,1.2425,0.6944,142.11,1.5733,1.6636,1.413,9.3326,7.8475,1.9728
2006-04-26,1.2425,0.696,142.87,1.5776,1.6623,1.4058,9.3135,7.797,1.9734
2006-04-27,1.2414,0.6958,142.71,1.5814,1.6546,1.4043,9.3328,7.796,1.9751
2006-04-28,1.2537,0.6942,143.29,1.5713,1.6599,1.4097,9.297,7.757,1.9818
2006-05-02,1.2643,0.68865,143.48,1.5622,1.661,1.4005,9.3173,7.775,1.9813
2006-05-03,1.2622,0.6869,143.38,1.5623,1.6417,1.3979,9.309,7.7615,1.9603
2006-05-04,1.2592,0.684,143.62,1.5616,1.6393,1.4003,9.3255,7.748,1.9693
2006-05-05,1.2688,0.6868,144.51,1.5615,1.6482,1.4063,9.322,7.767,1.9807
2006-05-08,1.2756,0.6846,141.88,1.5581,1.6515,1.4137,9.2985,7.7865,2.0067
2006-05-09,1.2697,0.6835,141.62,1.5582,1.6515,1.4114,9.321,7.7995,2.0292
2006-05-10,1.2779,0.6861,141.27,1.5591,1.6483,1.4047,9.3266,7.767,2.04
2006-05-11,1.2716,0.6824,141.41,1.5592,1.6484,1.4044,9.3379,7.761,2.0206
2006-05-12,1.2914,0.6808,141.56,1.5496,1.6609,1.4214,9.37,7.7645,2.0525
2006-05-15,1.2826,0.6812,141.32,1.5509,1.6791,1.4305,9.3865,7.7885,2.0618
2006-05-16,1.2817,0.6811,141.33,1.5525,1.6822,1.4263,9.3985,7.836,2.0625
2006-05-17,1.2882,0.6793,140.88,1.5518,1.671,1.422,9.3777,7.821,2.0533
2006-05-18,1.277,0.67755,141.94,1.5493,1.6739,1.4235,9.3755,7.839,2.0469
2006-05-19,1.2767,0.6801,142.64,1.5561,1.6787,1.4321,9.3705,7.805,2.0563
2006-05-22,1.2753,0.6803,143.55,1.5509,1.6991,1.4352,9.3513,7.806,2.0648
2006-05-23,1.2841,0.6821,143.04,1.5517,1.6996,1.4327,9.3095,7.823,2.0609
2006-05-24,1.2851,0.68285,143.86,1.5509,1.7023,1.4418,9.3189,7.8255,2.05
2006-05-25,1.2755,0.68315,143.08,1.5558,1.6862,1.4235,9.3156,7.816,1.9929
2006-05-26,1.2797,0.685,143.5,1.5589,1.6884,1.4182,9.3065,7.823,2.0067
2006-05-29,1.2758,0.6855,143.23,1.5617,1.6812,1.4088,9.2955,7.8195,2.0111
2006-05-30,1.2839,0.6847,144.05,1.5585,1.6848,1.4138,9.2726,7.825,2.0054
2006-05-31,1.2868,0.6859,144.32,1.56,1.6953,1.4107,9.2757,7.8155,2.0141
2006-06-01,1.2736,0.6847,144.19,1.5628,1.7081,1.4099,9.2655,7.7835,2.0205
2006-06-02,1.2815,0.68685,144.59,1.5629,1.7151,1.4148,9.2315,7.7765,2.0479
2006-06-05,1.2958,0.6884,144.66,1.5597,1.7254,1.4235,9.1893,7.7603,2.0478
2006-06-06,1.2847,0.6887,144.74,1.5608,1.7253,1.4257,9.2095,7.7655,2.0386
2006-06-07,1.2789,0.6878,144.89,1.5613,1.726,1.4264,9.223,7.8045,2.0444
2006-06-08,1.2735,0.6903,145.66,1.5617,1.71,1.424,9.2123,7.831,2.0302
2006-06-09,1.2659,0.68685,144.25,1.5569,1.6902,1.4067,9.2243,7.8165,1.9999
2006-06-12,1.2572,0.6824,143.89,1.554,1.6856,1.3871,9.208,7.788,1.9929
2006-06-13,1.2571,0.68335,144.14,1.5517,1.697,1.3905,9.2553,7.808,2.0254
2006-06-14,1.2563,0.68265,144.68,1.5514,1.7004,1.3993,9.2708,7.837,2.0125
2006-06-15,1.261,0.68225,144.84,1.5522,1.7078,1.4045,9.2765,7.8475,2.0227
2006-06-16,1.2651,0.6829,145.41,1.5562,1.7054,1.4101,9.2689,7.8605,2.0312
2006-06-19,1.2591,0.68175,145.43,1.5573,1.706,1.413,9.2809,7.8555,2.0426
2006-06-20,1.2546,0.6824,144.43,1.5596,1.7017,1.4026,9.2345,7.898,2.0221
2006-06-21,1.2632,0.6855,145.22,1.5618,1.7181,1.4051,9.2023,7.914,2.0474
2006-06-22,1.2582,0.68735,145.48,1.5636,1.7112,1.4023,9.2349,7.971,2.0578
2006-06-23,1.2502,0.688,145.5,1.5641,1.7096,1.4041,9.2213,7.918,2.0633
2006-06-26,1.2561,0.6901,146.13,1.5632,1.7157,1.4056,9.2182,7.9285,2.0775
2006-06-27,1.2567,0.6907,146.42,1.5669,1.717,1.4112,9.2313,7.9435,2.0847
2006-06-28,1.257,0.69035,146.12,1.5631,1.7228,1.4138,9.2337,7.9035,2.1122
2006-06-29,1.2529,0.6911,146.0,1.5644,1.718,1.4025,9.2373,7.8825,2.1093
2006-06-30,1.2713,0.6921,145.75,1.5672,1.7117,1.4132,9.2385,7.936,2.0864
2006-07-03,1.279,0.6933,146.66,1.5674,1.7214,1.4212,9.2165,7.98,2.1067
2006-07-04,1.2791,0.69285,146.57,1.5677,1.715,1.4205,9.1883,7.97,2.0951
2006-07-05,1.2794,0.6937,146.74,1.5677,1.7172,1.4152,9.1776,7.9545,2.0963
2006-07-06,1.2735,0.694,147.09,1.5685,1.7157,1.4182,9.1818,7.939,2.1103
2006-07-07,1.2778,0.69445,146.59,1.569,1.7095,1.4228,9.1693,7.953,2.1043
2006-07-10,1.2752,0.69205,145.17,1.5672,1.7039,1.4335,9.1716,7.986,2.0824
2006-07-11,1.2736,0.69225,145.69,1.5665,1.6945,1.4357,9.1891,7.9905,2.0724
2006-07-12,1.2722,0.6915,146.56,1.5658,1.688,1.4452,9.1625,7.9475,2.0633
2006-07-13,1.2692,0.6897,146.33,1.562,1.6827,1.4378,9.1818,7.928,2.0546
2006-07-14,1.2666,0.6875,146.83,1.5607,1.6806,1.4289,9.2043,7.9155,2.0437
2006-07-17,1.2541,0.6884,146.66,1.5628,1.6753,1.4186,9.2365,7.905,2.0198
2006-07-18,1.2531,0.6849,146.61,1.5641,1.6684,1.4213,9.2527,7.9295,1.9956
2006-07-19,1.2482,0.68365,146.91,1.5692,1.6766,1.4214,9.2585,7.969,2.0069
2006-07-20,1.2643,0.683,147.68,1.5707,1.6829,1.4334,9.2305,7.932,2.0303
2006-07-21,1.268,0.6829,146.96,1.5708,1.6833,1.4347,9.2441,7.933,2.0316
2006-07-24,1.2633,0.6816,147.32,1.5746,1.6773,1.4405,9.2595,7.954,2.0321
2006-07-25,1.2636,0.6833,147.52,1.5737,1.6727,1.4406,9.2655,7.94,2.017
2006-07-26,1.2587,0.68415,147.1,1.5756,1.6599,1.4323,9.2452,7.934,2.0171
2006-07-27,1.2737,0.6842,147.25,1.5743,1.6671,1.442,9.2495,7.9065,2.0495
2006-07-28,1.2664,0.6825,146.57,1.5725,1.6652,1.4387,9.24,7.8825,2.0571
2006-07-31,1.2767,0.6843,145.82,1.5713,1.6672,1.4346,9.233,7.8615,2.0708
2006-08-01,1.2759,0.6837,146.42,1.5718,1.6754,1.4457,9.2103,7.8745,2.068
2006-08-02,1.2798,0.68215,146.88,1.5729,1.6711,1.4441,9.1991,7.8745,2.0698
2006-08-03,1.2781,0.67805,146.84,1.5746,1.6772,1.438,9.2035,7.8705,2.0559
2006-08-04,1.2792,0.6759,147.66,1.5779,1.6817,1.4492,9.2287,7.8835,2.0666
2006-08-07,1.285,0.674,147.87,1.572,1.6863,1.447,9.185,7.8785,2.0623
2006-08-08,1.2839,0.6738,147.7,1.5738,1.6894,1.4369,9.183,7.9095,2.0561
2006-08-09,1.2879,0.6753,148.17,1.5754,1.6846,1.442,9.1655,7.945,2.0449
2006-08-10,1.2857,0.6752,147.62,1.5768,1.6706,1.4391,9.189,7.95,2.0269
2006-08-11,1.2775,0.6738,148.21,1.5798,1.6638,1.4353,9.1948,7.9565,2.0171
2006-08-14,1.2718,0.67435,148.34,1.5807,1.6692,1.4338,9.2005,7.998,2.0143
2006-08-15,1.2725,0.67365,148.36,1.5817,1.6703,1.4393,9.216,8.029,2.015
2006-08-16,1.2793,0.6762,148.7,1.5787,1.6733,1.4342,9.2107,8.016,2.0065
2006-08-17,1.2879,0.6791,148.56,1.5779,1.6808,1.4384,9.194,8.078,2.0072
2006-08-18,1.2802,0.68035,148.33,1.5818,1.6879,1.4372,9.2085,8.072,2.0005
2006-08-21,1.2919,0.6808,149.43,1.5785,1.692,1.444,9.2095,8.048,2.0158
2006-08-22,1.2812,0.6784,149.17,1.5777,1.6804,1.4317,9.1973,8.0275,2.0089
2006-08-23,1.2812,0.6773,149.09,1.5799,1.6735,1.4243,9.201,8.043,2.0027
2006-08-24,1.2831,0.6774,149.28,1.5808,1.6794,1.4235,9.1906,8.0755,2.0117
2006-08-25,1.2762,0.6762,149.64,1.5809,1.6797,1.4122,9.2231,8.0655,2.0083
2006-08-28,1.28,0.6755,149.85,1.5802,1.6895,1.4184,9.2465,8.0345,2.0098
2006-08-29,1.2808,0.6745,149.54,1.5774,1.6773,1.4206,9.2493,8.0425,1.9874
2006-08-30,1.2818,0.67405,150.08,1.5768,1.679,1.419,9.252,8.0655,1.9785
2006-08-31,1.2851,0.6741,150.56,1.5751,1.681,1.423,9.2667,8.0795,1.972
2006-09-01,1.2817,0.6728,150.3,1.5791,1.6753,1.4163,9.316,8.107,1.9546
2006-09-04,1.2852,0.67475,149.22,1.5812,1.668,1.4219,9.3177,8.126,1.9691
2006-09-05,1.281,0.67495,148.47,1.5809,1.6647,1.4242,9.3225,8.132,1.9809
2006-09-06,1.2793,0.6791,149.23,1.5844,1.6672,1.4228,9.3013,8.1465,1.9732
2006-09-07,1.2731,0.67955,148.05,1.5822,1.6728,1.4066,9.3285,8.1875,1.9746
2006-09-08,1.2713,0.6793,147.91,1.5817,1.6777,1.4155,9.3195,8.2185,1.9862
2006-09-11,1.2713,0.6816,149.14,1.5792,1.6872,1.4245,9.2685,8.308,1.984
2006-09-12,1.2709,0.6785,149.49,1.5795,1.687,1.4227,9.229,8.295,1.9815
2006-09-13,1.2677,0.67655,149.23,1.5892,1.6885,1.4228,9.2478,8.3825,1.9653
2006-09-14,1.2723,0.6743,149.58,1.5878,1.6839,1.4207,9.2488,8.332,1.9203
2006-09-15,1.2675,0.6739,149.09,1.5946,1.6853,1.4203,9.225,8.2775,1.9248
2006-09-18,1.2665,0.6748,149.47,1.5887,1.6821,1.42,9.1928,8.283,1.909
2006-09-19,1.2654,0.6732,148.81,1.5903,1.6802,1.4201,9.174,8.2735,1.9091
2006-09-20,1.2676,0.6731,148.7,1.5875,1.6844,1.4299,9.2168,8.279,1.9273
2006-09-21,1.2731,0.6706,148.84,1.5887,1.6856,1.4302,9.2193,8.281,1.9258
2006-09-22,1.2817,0.67365,148.89,1.5812,1.7013,1.4264,9.258,8.3455,1.9468
2006-09-25,1.2768,0.6712,148.78,1.5799,1.6987,1.4259,9.3019,8.3895,1.9136
2006-09-26,1.2695,0.6695,147.83,1.5776,1.6859,1.4149,9.2895,8.3135,1.8974
2006-09-27,1.2684,0.67105,148.9,1.5796,1.6915,1.4143,9.277,8.265,1.9264
2006-09-28,1.2713,0.67715,149.57,1.5838,1.6959,1.4132,9.2623,8.223,1.9377
2006-09-29,1.266,0.6777,149.34,1.5881,1.6992,1.4136,9.2797,8.235,1.9427
2006-10-02,1.2685,0.6779,149.99,1.5841,1.7042,1.4226,9.3317,8.3425,1.9372
2006-10-03,1.2737,0.6742,149.86,1.5848,1.7052,1.4246,9.326,8.3735,1.9285
2006-10-04,1.2684,0.6743,149.8,1.5888,1.7049,1.4299,9.3225,8.3995,1.9228
2006-10-05,1.2721,0.6761,149.45,1.5887,1.7019,1.4321,9.2895,8.378,1.9154
2006-10-06,1.2664,0.6729,149.47,1.5881,1.6969,1.4234,9.2778,8.4315,1.9065
2006-10-09,1.2603,0.6756,150.09,1.589,1.6927,1.4154,9.28,8.42,1.916
2006-10-10,1.2538,0.67475,149.97,1.5909,1.6853,1.4154,9.274,8.361,1.8995
2006-10-11,1.2543,0.67575,149.96,1.5932,1.683,1.4239,9.256,8.418,1.8987
2006-10-12,1.2531,0.6753,149.87,1.5932,1.6723,1.4251,9.24,8.453,1.899
2006-10-13,1.255,0.6744,149.84,1.5932,1.6689,1.4246,9.2564,8.4285,1.9006
2006-10-16,1.2515,0.6727,149.13,1.5918,1.6623,1.4231,9.243,8.461,1.9008
2006-10-17,1.2524,0.6708,148.67,1.5895,1.6616,1.4232,9.2694,8.471,1.8876
2006-10-18,1.2543,0.67005,148.83,1.5897,1.6618,1.4286,9.263,8.471,1.8901
2006-10-19,1.2561,0.6723,149.08,1.5897,1.6603,1.4266,9.2485,8.476,1.8895
2006-10-20,1.2618,0.6693,149.29,1.5867,1.6607,1.4156,9.2108,8.4135,1.8853
2006-10-23,1.2556,0.6706,149.71,1.5904,1.6555,1.4158,9.2045,8.426,1.889
2006-10-24,1.2541,0.67015,149.98,1.5918,1.657,1.418,9.2002,8.3855,1.8933
2006-10-25,1.258,0.6702,149.93,1.5916,1.6561,1.4191,9.2125,8.338,1.9038
2006-10-26,1.2653,0.67155,150.4,1.5924,1.66,1.4259,9.2265,8.2875,1.9332
2006-10-27,1.2683,0.6706,150.26,1.5911,1.6561,1.4262,9.2215,8.311,1.9279
2006-10-30,1.2717,0.668,149.17,1.5882,1.6542,1.4255,9.2073,8.3335,1.9143
2006-10-31,1.2696,0.6685,149.59,1.5887,1.6509,1.4331,9.212,8.332,1.9072
2006-11-01,1.2757,0.66845,149.24,1.588,1.648,1.4471,9.2017,8.3005,1.8976
2006-11-02,1.2767,0.6691,149.4,1.5894,1.6511,1.4489,9.1966,8.243,1.8958
2006-11-03,1.276,0.6688,149.62,1.5929,1.6527,1.4402,9.1685,8.2445,1.8935
2006-11-06,1.2702,0.6698,150.45,1.5965,1.6507,1.4418,9.1465,8.251,1.9073
2006-11-07,1.2755,0.66975,150.37,1.5963,1.65,1.4385,9.1445,8.251,1.9067
2006-11-08,1.2776,0.67045,150.35,1.5952,1.6601,1.4448,9.1465,8.243,1.9109
2006-11-09,1.2796,0.6724,151.16,1.5967,1.6689,1.4489,9.1195,8.2315,1.9259
2006-11-10,1.2864,0.6723,151.17,1.5933,1.6755,1.4531,9.0888,8.2005,1.9336
2006-11-13,1.283,0.6737,151.28,1.5937,1.6796,1.4572,9.0936,8.197,1.9355
2006-11-14,1.2824,0.67605,150.88,1.5956,1.6765,1.4602,9.0723,8.212,1.9437
2006-11-15,1.2792,0.6784,151.01,1.599,1.6733,1.4572,9.087,8.246,1.9406
2006-11-16,1.2804,0.6781,151.16,1.5977,1.668,1.4572,9.0705,8.2225,1.9279
2006-11-17,1.2774,0.6776,151.17,1.6008,1.6706,1.4651,9.0621,8.268,1.9294
2006-11-20,1.2841,0.6768,151.57,1.5928,1.6687,1.4676,9.0823,8.262,1.9225
2006-11-21,1.2814,0.6748,151.24,1.5933,1.6646,1.4676,9.087,8.266,1.9126
2006-11-22,1.2886,0.6749,150.75,1.5884,1.6669,1.4686,9.0965,8.252,1.9249
2006-11-23,1.2953,0.6765,150.61,1.5843,1.6725,1.4769,9.0595,8.26,1.9321
2006-11-24,1.3078,0.6769,151.36,1.5826,1.6817,1.4817,9.0375,8.2625,1.9538
2006-11-27,1.3114,0.6777,152.24,1.5855,1.6848,1.4866,9.0423,8.269,1.9591
2006-11-28,1.3147,0.67625,152.99,1.5866,1.6861,1.4863,9.0683,8.281,1.9525
2006-11-29,1.3157,0.6743,153.01,1.5889,1.68,1.4953,9.0801,8.252,1.9398
2006-11-30,1.32,0.67425,153.29,1.5916,1.6753,1.5053,9.0661,8.166,1.933
2006-12-01,1.3244,0.6729,153.77,1.5884,1.6778,1.5139,9.036,8.1625,1.938
2006-12-04,1.3309,0.6734,153.89,1.5932,1.6904,1.5208,9.033,8.1565,1.9359
2006-12-05,1.3331,0.6743,152.74,1.5885,1.6946,1.5204,9.0495,8.13,1.9422
2006-12-06,1.3274,0.6754,152.66,1.5888,1.6892,1.5177,9.0757,8.135,1.9429
2006-12-07,1.3297,0.6761,152.87,1.5875,1.6827,1.5275,9.0345,8.0945,1.9261
2006-12-08,1.3276,0.6776,153.48,1.5891,1.6823,1.5269,9.0555,8.118,1.9262
2006-12-11,1.3177,0.6762,154.33,1.5916,1.6835,1.5135,9.0585,8.122,1.9176
2006-12-12,1.3244,0.6746,154.94,1.5928,1.685,1.5246,9.0605,8.132,1.9185
2006-12-13,1.3265,0.6728,155.34,1.5951,1.6811,1.5273,9.0407,8.152,1.9172
2006-12-14,1.3192,0.67155,155.04,1.5987,1.6848,1.5242,9.0602,8.15,1.9172
2006-12-15,1.3106,0.6699,155.04,1.5977,1.6803,1.5151,9.0633,8.16,1.9064
2006-12-18,1.3095,0.67155,154.34,1.5993,1.6779,1.5114,9.0555,8.141,1.8997
2006-12-19,1.3158,0.67125,155.48,1.6024,1.6824,1.5217,9.0252,8.164,1.8981
2006-12-20,1.3203,0.6702,156.0,1.6039,1.682,1.5137,9.0038,8.161,1.8915
2006-12-21,1.3178,0.6716,155.85,1.6032,1.6785,1.5155,8.9661,8.133,1.8946
2006-12-22,1.3192,0.6715,156.26,1.6029,1.6792,1.524,8.9888,8.177,1.888
2006-12-27,1.3159,0.67085,156.1,1.6058,1.6765,1.5297,9.023,8.228,1.8729
2006-12-28,1.3173,0.67115,156.61,1.6058,1.6699,1.5268,9.0463,8.2375,1.8731
2006-12-29,1.317,0.6715,156.93,1.6069,1.6691,1.5281,9.0404,8.238,1.8725
2007-01-02,1.327,0.6735,157.76,1.6104,1.6694,1.5452,9.0245,8.208,1.876
2007-01-03,1.3231,0.6747,157.76,1.6132,1.6645,1.5457,9.019,8.2385,1.8773
2007-01-04,1.3106,0.6739,156.11,1.6132,1.6681,1.539,9.0696,8.273,1.8753
2007-01-05,1.3084,0.6747,154.55,1.6097,1.6697,1.5374,9.0726,8.283,1.8885
2007-01-08,1.3006,0.6731,154.42,1.6097,1.6675,1.5282,9.061,8.264,1.8972
2007-01-09,1.3018,0.67025,155.26,1.6127,1.6675,1.5327,9.096,8.2555,1.8796
2007-01-10,1.2988,0.6702,154.99,1.6138,1.6664,1.5301,9.1198,8.2985,1.8851
2007-01-11,1.2984,0.6654,156.16,1.6129,1.6573,1.5296,9.1431,8.3525,1.8773
2007-01-12,1.2893,0.66165,155.24,1.6125,1.6544,1.5136,9.1115,8.3435,1.8692
2007-01-15,1.2941,0.65845,156.0,1.6127,1.6503,1.5108,9.0829,8.329,1.863
2007-01-16,1.2953,0.6592,156.27,1.6138,1.6511,1.5127,9.0621,8.314,1.8585
2007-01-17,1.2909,0.65685,155.75,1.6143,1.6429,1.5166,9.0776,8.348,1.8689
2007-01-18,1.2922,0.6565,156.79,1.6182,1.6423,1.5207,9.0995,8.364,1.8611
2007-01-19,1.2958,0.6565,157.13,1.6178,1.6453,1.5189,9.1195,8.368,1.8633
2007-01-22,1.2936,0.65485,157.53,1.6185,1.6382,1.5203,9.1249,8.3675,1.8538
2007-01-23,1.304,0.6552,158.02,1.6167,1.6436,1.5399,9.0855,8.35,1.8548
2007-01-24,1.3005,0.6595,158.06,1.6195,1.6631,1.5336,9.0595,8.2635,1.8634
2007-01-25,1.2978,0.6585,156.88,1.6154,1.6639,1.5287,9.075,8.212,1.8468
2007-01-26,1.2901,0.65825,156.71,1.6184,1.6684,1.5255,9.0835,8.1935,1.8566
2007-01-29,1.2921,0.6602,157.7,1.6216,1.6728,1.5306,9.0725,8.175,1.8571
2007-01-30,1.2972,0.6603,157.99,1.6236,1.679,1.5342,9.0383,8.168,1.8677
2007-01-31,1.2954,0.66325,157.27,1.6214,1.6786,1.5325,9.052,8.148,1.8975
2007-02-01,1.302,0.6613,156.85,1.6175,1.6782,1.5331,9.0395,8.1255,1.8957
2007-02-02,1.302,0.66135,157.63,1.6175,1.6821,1.541,9.0575,8.1355,1.9169
2007-02-05,1.2925,0.66115,155.85,1.617,1.6683,1.5312,9.1163,8.12,1.8966
2007-02-06,1.2955,0.6578,155.56,1.61,1.6674,1.5322,9.1365,8.112,1.8998
2007-02-07,1.2987,0.6585,156.74,1.6111,1.6695,1.537,9.1175,8.0895,1.9025
2007-02-08,1.2991,0.6632,157.68,1.6232,1.6669,1.5413,9.0947,8.0955,1.8954
2007-02-09,1.3007,0.66755,158.06,1.6249,1.6751,1.5296,9.0933,8.131,1.9053
2007-02-12,1.2956,0.66565,157.94,1.6238,1.6745,1.5177,9.105,8.0955,1.8933
2007-02-13,1.3022,0.66995,157.99,1.6233,1.6811,1.5253,9.166,8.111,1.8953
2007-02-14,1.3082,0.6693,158.55,1.6268,1.6734,1.5265,9.141,8.089,1.8923
2007-02-15,1.3137,0.67115,157.78,1.6267,1.6721,1.5326,9.2235,8.0825,1.8885
2007-02-16,1.3119,0.6731,156.27,1.6212,1.6705,1.5259,9.2701,8.0445,1.8854
2007-02-19,1.3132,0.6751,157.01,1.6215,1.6718,1.5308,9.2425,8.044,1.8753
2007-02-20,1.3145,0.6733,158.01,1.6256,1.6709,1.5323,9.253,8.0415,1.8756
2007-02-21,1.3145,0.6726,158.91,1.6267,1.664,1.5349,9.3099,8.0625,1.8642
2007-02-22,1.3106,0.6719,159.0,1.6281,1.661,1.5214,9.3155,8.0635,1.856
2007-02-23,1.3134,0.6692,159.35,1.6262,1.663,1.522,9.306,8.066,1.8608
2007-02-26,1.316,0.6706,158.7,1.6203,1.6614,1.5256,9.2815,8.063,1.8578
2007-02-27,1.323,0.6737,157.68,1.6183,1.6695,1.5359,9.246,8.059,1.8735
2007-02-28,1.3211,0.67365,156.45,1.6136,1.6761,1.5419,9.2763,8.12,1.887
2007-03-01,1.3225,0.67365,155.42,1.61,1.6814,1.5497,9.2777,8.109,1.9036
2007-03-02,1.3163,0.6768,153.91,1.6107,1.6806,1.5456,9.2927,8.116,1.915
2007-03-05,1.3083,0.6822,150.93,1.6,1.6897,1.545,9.3308,8.183,1.9367
2007-03-06,1.31,0.67965,152.69,1.604,1.6951,1.5434,9.2785,8.1615,1.927
2007-03-07,1.3135,0.6812,152.81,1.605,1.6867,1.5451,9.2648,8.1475,1.9183
2007-03-08,1.3152,0.6814,154.02,1.6066,1.689,1.5494,9.285,8.153,1.9149
2007-03-09,1.3155,0.6806,154.28,1.6137,1.6889,1.5469,9.2933,8.112,1.9085
2007-03-12,1.3156,0.6822,154.44,1.6137,1.6833,1.5387,9.293,8.122,1.9048
2007-03-13,1.3218,0.6831,154.14,1.6095,1.6793,1.5453,9.291,8.0945,1.9006
2007-03-14,1.3183,0.68535,153.66,1.607,1.6838,1.5495,9.3068,8.1225,1.9137
2007-03-15,1.3226,0.68275,155.09,1.6088,1.679,1.5548,9.268,8.087,1.91
2007-03-16,1.3325,0.6842,155.62,1.6059,1.6757,1.5637,9.2625,8.1395,1.9088
2007-03-19,1.3303,0.68325,156.17,1.6107,1.6633,1.5626,9.2916,8.148,1.896
2007-03-20,1.3296,0.6791,156.15,1.6123,1.662,1.5522,9.3019,8.165,1.8887
2007-03-21,1.3293,0.6789,156.64,1.6153,1.659,1.5409,9.3034,8.195,1.8861
2007-03-22,1.3351,0.67855,157.27,1.619,1.6542,1.545,9.2983,8.168,1.8736
2007-03-23,1.3327,0.6778,156.65,1.6164,1.6519,1.5432,9.3135,8.115,1.8654
2007-03-26,1.3265,0.67635,157.05,1.6208,1.6456,1.5416,9.3083,8.127,1.8588
2007-03-27,1.3347,0.679,157.91,1.6211,1.649,1.5429,9.3182,8.127,1.8579
2007-03-28,1.3348,0.6795,156.38,1.6164,1.6532,1.5477,9.319,8.1335,1.8702
2007-03-29,1.3352,0.6793,156.75,1.6215,1.6506,1.5487,9.337,8.102,1.8713
2007-03-30,1.3318,0.6798,157.32,1.6247,1.6484,1.5366,9.3462,8.119,1.8644
2007-04-02,1.3366,0.6761,157.35,1.6226,1.6371,1.5459,9.367,8.1585,1.8571
2007-04-03,1.3358,0.6761,158.53,1.6275,1.6409,1.5467,9.3631,8.17,1.8538
2007-04-04,1.3352,0.67665,158.7,1.6292,1.6413,1.5441,9.3355,8.1675,1.859
2007-04-05,1.3373,0.6797,159.0,1.6309,1.6351,1.541,9.2715,8.133,1.8499
2007-04-10,1.3426,0.6803,160.05,1.6361,1.6283,1.5424,9.2826,8.106,1.8471
2007-04-11,1.3418,0.6788,160.0,1.6382,1.6263,1.5348,9.257,8.093,1.8422
2007-04-12,1.3467,0.6807,160.62,1.6404,1.6304,1.5328,9.258,8.0885,1.8497
2007-04-13,1.3532,0.6809,160.55,1.6361,1.6249,1.5351,9.2823,8.0985,1.8354
2007-04-16,1.355,0.68055,161.96,1.6431,1.6249,1.5352,9.224,8.0925,1.831
2007-04-17,1.3549,0.6763,161.81,1.6406,1.6215,1.5333,9.2204,8.079,1.8231
2007-04-18,1.3577,0.6773,160.77,1.6367,1.6291,1.5386,9.2176,8.11,1.8342
2007-04-19,1.3601,0.6793,160.13,1.6343,1.6336,1.5312,9.2195,8.1075,1.8367
2007-04-20,1.3606,0.6793,161.45,1.6414,1.629,1.5334,9.1953,8.1075,1.8266
2007-04-23,1.3557,0.678,160.91,1.6423,1.6277,1.5225,9.1979,8.107,1.821
2007-04-24,1.3582,0.6793,161.39,1.6387,1.6424,1.5223,9.193,8.103,1.8305
2007-04-25,1.3649,0.681,161.95,1.6416,1.6405,1.5298,9.1746,8.164,1.8321
2007-04-26,1.3596,0.68215,162.26,1.6432,1.6409,1.5236,9.152,8.1185,1.8405
2007-04-27,1.3643,0.68225,162.76,1.6431,1.6423,1.5235,9.1435,8.138,1.8385
2007-04-30,1.3605,0.6827,162.82,1.6458,1.6427,1.5187,9.1523,8.1265,1.8393
2007-05-02,1.3588,0.6821,163.28,1.6518,1.645,1.5096,9.165,8.1265,1.8398
2007-05-03,1.3613,0.6828,163.47,1.6479,1.6496,1.5086,9.1413,8.122,1.8428
2007-05-04,1.3561,0.6828,163.15,1.6479,1.6562,1.4985,9.1575,8.128,1.8463
2007-05-07,1.3615,0.6823,163.31,1.6471,1.6483,1.5028,9.1655,8.122,1.8442
2007-05-08,1.3558,0.6803,162.29,1.6489,1.6355,1.4946,9.189,8.136,1.8363
2007-05-09,1.3535,0.67985,162.35,1.6486,1.6331,1.4984,9.1935,8.134,1.8381
2007-05-10,1.3527,0.6807,162.86,1.6473,1.6258,1.4983,9.2065,8.159,1.8439
2007-05-11,1.3486,0.6813,161.46,1.6439,1.624,1.5036,9.226,8.177,1.8468
2007-05-14,1.3549,0.68435,163.06,1.6515,1.6276,1.5012,9.2313,8.1985,1.8334
2007-05-15,1.3538,0.68485,163.08,1.6505,1.6279,1.4931,9.196,8.1935,1.841
2007-05-16,1.3574,0.68485,163.64,1.6545,1.636,1.4931,9.1985,8.1725,1.8434
2007-05-17,1.3516,0.68385,163.77,1.6555,1.6421,1.4862,9.2065,8.1721,1.8483
2007-05-18,1.3477,0.6839,163.0,1.6536,1.6401,1.4767,9.219,8.175,1.8505
2007-05-21,1.3444,0.68265,163.32,1.6562,1.6408,1.4611,9.2187,8.167,1.8452
2007-05-22,1.3454,0.68175,163.47,1.6561,1.6363,1.4579,9.192,8.1325,1.8462
2007-05-23,1.349,0.6794,163.85,1.6537,1.6336,1.461,9.1909,8.121,1.8464
2007-05-24,1.3448,0.6767,163.2,1.6508,1.6351,1.4552,9.1957,8.1055,1.8453
2007-05-25,1.3441,0.6775,163.5,1.6499,1.6399,1.457,9.1912,8.0945,1.8506
2007-05-28,1.3453,0.67853,163.71,1.6525,1.6413,1.4541,9.2032,8.0951,1.8509
2007-05-29,1.3509,0.6798,164.23,1.6504,1.6473,1.4614,9.2555,8.099,1.8539
2007-05-30,1.342,0.6795,163.26,1.6467,1.639,1.4398,9.2965,8.1175,1.8463
2007-05-31,1.3453,0.68005,163.56,1.6477,1.6269,1.4388,9.2945,8.1195,1.8312
2007-06-01,1.3436,0.67925,163.81,1.6514,1.6214,1.4335,9.316,8.111,1.8163
2007-06-04,1.3482,0.67795,164.34,1.6504,1.6177,1.4252,9.3243,8.1085,1.8071
2007-06-05,1.3532,0.6783,164.42,1.6483,1.6122,1.4305,9.325,8.084,1.7956
2007-06-06,1.3513,0.6783,163.67,1.6452,1.6053,1.4341,9.34,8.08,1.802
2007-06-07,1.347,0.679,163.43,1.6477,1.5926,1.4267,9.3205,8.082,1.7842
2007-06-08,1.3349,0.67885,162.4,1.6475,1.587,1.4261,9.3425,8.1005,1.7756
2007-06-11,1.3355,0.6784,162.55,1.6534,1.5849,1.4186,9.3367,8.1195,1.781
2007-06-12,1.3345,0.676,162.56,1.6556,1.5845,1.4175,9.3923,8.1115,1.7753
2007-06-13,1.3287,0.6745,162.52,1.6532,1.5829,1.423,9.4157,8.101,1.7724
2007-06-14,1.3304,0.67605,163.56,1.6549,1.5937,1.4202,9.4166,8.1075,1.7746
2007-06-15,1.3314,0.67595,164.42,1.6576,1.5922,1.4159,9.427,8.0935,1.7696
2007-06-18,1.3404,0.6763,165.46,1.662,1.5931,1.4373,9.4345,8.075,1.7768
2007-06-19,1.3403,0.67465,165.46,1.6627,1.5876,1.4302,9.4172,8.079,1.7742
2007-06-20,1.3427,0.6737,165.88,1.6605,1.5851,1.431,9.299,8.0525,1.7625
2007-06-21,1.3397,0.6721,165.5,1.6613,1.5819,1.4303,9.2543,8.0345,1.7546
2007-06-22,1.3441,0.67305,166.75,1.6576,1.5847,1.4411,9.2448,7.987,1.755
2007-06-25,1.3461,0.6735,166.21,1.6538,1.585,1.4424,9.2452,8.004,1.7563
2007-06-26,1.346,0.67315,165.78,1.6547,1.5849,1.4402,9.2816,8.01,1.7528
2007-06-27,1.3438,0.67295,164.69,1.652,1.5965,1.4384,9.2815,7.9725,1.7627
2007-06-28,1.3467,0.67215,165.61,1.6544,1.5918,1.4293,9.2415,7.952,1.7513
2007-06-29,1.3505,0.674,166.63,1.6553,1.5885,1.4245,9.2525,7.9725,1.7502
2007-07-02,1.3588,0.67565,166.66,1.649,1.5859,1.4395,9.2655,7.969,1.7446
2007-07-03,1.3601,0.6751,166.63,1.655,1.5902,1.438,9.2373,7.938,1.7384
2007-07-04,1.3618,0.67535,166.87,1.6558,1.5875,1.4415,9.173,7.9365,1.7407
2007-07-05,1.364,0.6756,167.1,1.6553,1.5854,1.4426,9.157,7.924,1.7318
2007-07-06,1.3596,0.67635,167.57,1.6589,1.5875,1.4303,9.1585,7.9125,1.7368
2007-07-09,1.3621,0.6763,168.13,1.6582,1.5832,1.4264,9.1677,7.913,1.7432
2007-07-10,1.3666,0.67735,167.86,1.6553,1.5876,1.4329,9.1873,7.966,1.7562
2007-07-11,1.3753,0.67695,167.39,1.6535,1.5963,1.4569,9.1663,7.9655,1.7719
2007-07-12,1.3788,0.6783,168.39,1.6574,1.5967,1.4484,9.1448,7.9325,1.763
2007-07-13,1.3782,0.67795,168.68,1.6579,1.5879,1.4414,9.156,7.913,1.7531
2007-07-16,1.3781,0.67655,167.84,1.6556,1.5774,1.4419,9.1503,7.9025,1.7409
2007-07-17,1.3771,0.6732,168.07,1.6554,1.5755,1.438,9.1613,7.8845,1.7398
2007-07-18,1.3779,0.672,168.3,1.6572,1.5702,1.4417,9.172,7.9225,1.7405
2007-07-19,1.382,0.67455,168.66,1.6585,1.5722,1.442,9.1757,7.9035,1.7433
2007-07-20,1.3803,0.6722,168.46,1.662,1.5676,1.4405,9.1677,7.902,1.7339
2007-07-23,1.3821,0.67155,167.58,1.6633,1.5645,1.4436,9.1855,7.912,1.7229
2007-07-24,1.3833,0.6707,167.22,1.6645,1.5631,1.4456,9.1775,7.9135,1.7103
2007-07-25,1.3743,0.66905,165.55,1.666,1.5536,1.4276,9.2103,7.951,1.7072
2007-07-26,1.3722,0.6708,164.52,1.6607,1.5561,1.4396,9.2266,7.976,1.7262
2007-07-27,1.3651,0.672,162.12,1.6525,1.5839,1.4456,9.2272,8.04,1.7568
2007-07-30,1.3659,0.6753,161.58,1.6437,1.6121,1.46,9.1945,8.0,1.8048
2007-07-31,1.3707,0.674,163.59,1.6519,1.5951,1.454,9.19,7.9595,1.775
2007-08-01,1.3663,0.6746,161.9,1.6436,1.6049,1.4557,9.2597,7.993,1.7936
2007-08-02,1.3664,0.67325,162.8,1.6492,1.596,1.4444,9.2325,7.9635,1.7849
2007-08-03,1.3694,0.6733,163.24,1.6501,1.5985,1.4473,9.2137,7.9305,1.7858
2007-08-06,1.3818,0.68015,162.88,1.6385,1.613,1.455,9.2192,7.9425,1.8153
2007-08-07,1.3794,0.68055,163.67,1.6447,1.6141,1.4569,9.2162,7.9765,1.81
2007-08-08,1.3794,0.67795,164.5,1.6468,1.6039,1.4496,9.2347,7.9625,1.8044
2007-08-09,1.3729,0.67705,162.68,1.6401,1.6058,1.4479,9.2788,7.942,1.8134
2007-08-10,1.365,0.67685,160.37,1.6314,1.6219,1.4399,9.2924,7.9985,1.8403
2007-08-13,1.3651,0.67775,161.47,1.6394,1.6183,1.4372,9.3143,7.9845,1.8461
2007-08-14,1.3591,0.6788,160.74,1.6421,1.6184,1.4352,9.315,7.975,1.8571
2007-08-15,1.3476,0.6775,157.39,1.6383,1.6381,1.4508,9.3633,7.991,1.886
2007-08-16,1.3405,0.6756,153.19,1.6302,1.7072,1.4469,9.413,8.035,1.979
2007-08-17,1.3454,0.6792,152.74,1.6245,1.7213,1.4416,9.359,8.0375,1.9727
2007-08-20,1.3476,0.6789,155.14,1.6284,1.6791,1.4298,9.3296,7.991,1.9336
2007-08-21,1.3508,0.68105,154.98,1.6248,1.682,1.4297,9.3645,7.9985,1.9269
2007-08-22,1.3493,0.67865,155.32,1.6306,1.6752,1.4299,9.3852,7.992,1.9281
2007-08-23,1.3574,0.6765,158.26,1.6387,1.6554,1.425,9.369,7.9645,1.8914
2007-08-24,1.3615,0.67885,157.7,1.6362,1.6581,1.4328,9.378,7.954,1.9036
2007-08-27,1.3658,0.6777,158.63,1.6436,1.6425,1.4327,9.372,7.9515,1.887
2007-08-28,1.3664,0.6789,157.55,1.6366,1.6552,1.4421,9.3721,7.9475,1.9197
2007-08-29,1.3631,0.6772,156.48,1.637,1.6713,1.4464,9.3987,7.9565,1.9527
2007-08-30,1.361,0.678,157.33,1.6402,1.6677,1.4454,9.3832,7.959,1.9404
2007-08-31,1.3705,0.67795,159.25,1.6451,1.6692,1.4446,9.3662,7.944,1.9347
2007-09-03,1.3632,0.67575,157.86,1.6479,1.6592,1.4362,9.382,7.9315,1.9395
2007-09-04,1.358,0.6752,156.84,1.6466,1.6466,1.4305,9.389,7.929,1.9415
2007-09-05,1.3588,0.676,157.11,1.6462,1.6553,1.4329,9.3948,7.9105,1.9643
2007-09-06,1.3669,0.6773,157.32,1.6427,1.6571,1.4433,9.345,7.9075,1.9828
2007-09-07,1.3696,0.6773,157.79,1.6437,1.6564,1.4398,9.326,7.9085,1.9834
2007-09-10,1.3795,0.67945,156.64,1.6377,1.6757,1.4569,9.3725,7.896,1.9891
2007-09-11,1.3824,0.6802,157.31,1.6401,1.6715,1.4467,9.32,7.8515,1.9819
2007-09-12,1.3885,0.6837,158.14,1.6422,1.6613,1.4461,9.2903,7.8325,1.964
2007-09-13,1.3897,0.68525,159.52,1.6415,1.6565,1.436,9.2766,7.8345,1.9437
2007-09-14,1.386,0.68915,159.2,1.6463,1.6499,1.4286,9.2735,7.8275,1.9407
2007-09-17,1.3877,0.6943,159.45,1.6458,1.653,1.4252,9.2845,7.802,1.9516
2007-09-18,1.3867,0.6952,160.16,1.6479,1.6594,1.4226,9.2953,7.807,1.9612
2007-09-19,1.3975,0.69865,161.8,1.6493,1.6407,1.4155,9.2565,7.7775,1.9131
2007-09-20,1.403,0.6988,161.43,1.6461,1.6248,1.4037,9.214,7.7815,1.8878
2007-09-21,1.4049,0.6973,162.46,1.6517,1.6324,1.4071,9.206,7.7865,1.8987
2007-09-24,1.4113,0.6969,162.35,1.654,1.6249,1.4113,9.1815,7.783,1.8904
2007-09-25,1.4106,0.70035,161.24,1.6488,1.6339,1.4137,9.2181,7.806,1.923
2007-09-26,1.4127,0.7005,162.93,1.6527,1.6153,1.4208,9.2095,7.771,1.8995
2007-09-27,1.418,0.6993,163.29,1.6577,1.6079,1.4163,9.2207,7.75,1.8862
2007-09-28,1.4179,0.6968,163.55,1.6601,1.6073,1.4122,9.2147,7.7185,1.8737
2007-10-01,1.4232,0.69735,164.76,1.6603,1.6022,1.4142,9.194,7.6875,1.8666
2007-10-02,1.4165,0.6938,163.92,1.6646,1.5972,1.4122,9.2163,7.6965,1.8619
2007-10-03,1.4195,0.6956,164.86,1.6633,1.596,1.4131,9.2037,7.699,1.8642
2007-10-04,1.4109,0.69355,164.51,1.6626,1.5943,1.4082,9.1755,7.693,1.8736
2007-10-05,1.4136,0.69285,164.6,1.6623,1.5846,1.3947,9.1848,7.653,1.8662
2007-10-08,1.4089,0.69125,165.49,1.6679,1.568,1.3863,9.1665,7.67,1.8448
2007-10-09,1.4037,0.69185,164.54,1.6669,1.569,1.3869,9.163,7.7055,1.8466
2007-10-10,1.4146,0.6926,166.05,1.672,1.5757,1.388,9.1532,7.697,1.8558
2007-10-11,1.4199,0.697,166.96,1.6733,1.5721,1.3874,9.1093,7.6815,1.8445
2007-10-12,1.4173,0.6985,166.51,1.6803,1.572,1.3865,9.1145,7.649,1.8388
2007-10-15,1.4226,0.69695,167.52,1.6792,1.5685,1.3835,9.0923,7.661,1.842
2007-10-16,1.415,0.6965,165.17,1.6753,1.5929,1.3878,9.1538,7.666,1.893
2007-10-17,1.42,0.6973,166.27,1.6767,1.5901,1.387,9.1456,7.672,1.8886
2007-10-18,1.4299,0.698,165.0,1.6697,1.6054,1.395,9.153,7.6705,1.9132
2007-10-19,1.4288,0.6973,164.86,1.6714,1.5932,1.3809,9.1677,7.6715,1.8958
2007-10-22,1.4166,0.6975,161.4,1.665,1.612,1.3866,9.2145,7.7335,1.9136
2007-10-23,1.4254,0.69575,163.5,1.6707,1.5948,1.3734,9.19,7.69,1.8909
2007-10-24,1.423,0.6955,162.67,1.6706,1.5833,1.3797,9.2127,7.7455,1.8941
2007-10-25,1.4309,0.69765,163.64,1.6701,1.5813,1.3785,9.2103,7.73,1.8902
2007-10-26,1.4384,0.701,164.5,1.6732,1.5734,1.383,9.18,7.7095,1.8792
2007-10-29,1.4391,0.69895,165.17,1.6776,1.5652,1.3822,9.192,7.722,1.872
2007-10-30,1.4407,0.6972,165.41,1.6751,1.5688,1.3763,9.1782,7.721,1.8779
2007-10-31,1.4447,0.6973,166.49,1.6762,1.5658,1.3768,9.2191,7.791,1.8863
2007-11-01,1.4423,0.6924,166.29,1.6735,1.5626,1.3664,9.2225,7.8295,1.8817
2007-11-02,1.4479,0.6951,166.88,1.673,1.5696,1.3531,9.253,7.843,1.8921
2007-11-05,1.4488,0.6962,165.39,1.6687,1.5765,1.3527,9.258,7.8155,1.8896
2007-11-06,1.4547,0.69685,166.9,1.6658,1.5695,1.3482,9.25,7.78,1.8733
2007-11-07,1.4722,0.6996,166.07,1.6589,1.5703,1.3354,9.2535,7.766,1.8767
2007-11-08,1.4666,0.69625,165.9,1.6601,1.5783,1.3629,9.262,7.741,1.8923
2007-11-09,1.4683,0.7004,163.22,1.6483,1.5993,1.379,9.2908,7.8115,1.9056
2007-11-12,1.4579,0.70445,159.55,1.6403,1.6516,1.3956,9.3214,7.874,1.9524
2007-11-13,1.4607,0.7047,160.96,1.6436,1.6294,1.3945,9.2805,7.909,1.922
2007-11-14,1.47,0.7104,163.26,1.645,1.6308,1.4041,9.247,7.9275,1.9227
2007-11-15,1.4639,0.71485,161.98,1.6454,1.6425,1.4273,9.248,7.9935,1.9329
2007-11-16,1.4651,0.71625,161.98,1.6406,1.6399,1.4302,9.2587,8.0315,1.9241
2007-11-19,1.4654,0.71445,161.58,1.6379,1.6456,1.4318,9.2829,8.078,1.9313
2007-11-20,1.4785,0.71715,162.85,1.6408,1.6657,1.4525,9.2823,7.995,1.9433
2007-11-21,1.4814,0.7197,160.92,1.6379,1.6952,1.4639,9.317,8.0415,1.9601
2007-11-22,1.4829,0.71855,161.22,1.6352,1.7011,1.4628,9.329,8.0255,1.9674
2007-11-23,1.4809,0.72025,159.87,1.6322,1.6968,1.4616,9.3188,8.0485,1.9691
2007-11-26,1.4845,0.71795,160.96,1.6372,1.684,1.4633,9.289,8.0375,1.9599
2007-11-27,1.4874,0.71855,160.11,1.6326,1.7044,1.4767,9.3135,8.08,1.9705
2007-11-28,1.4747,0.71375,162.02,1.6463,1.6719,1.4676,9.3367,8.1075,1.9184
2007-11-29,1.4738,0.71475,162.26,1.6505,1.6717,1.4605,9.3689,8.0925,1.9114
2007-11-30,1.4761,0.71455,163.43,1.6541,1.6643,1.4695,9.3715,8.114,1.9105
2007-12-03,1.4666,0.7107,161.82,1.6568,1.6612,1.4682,9.3775,8.102,1.9159
2007-12-04,1.4741,0.7149,161.85,1.648,1.6843,1.4815,9.42,8.109,1.9334
2007-12-05,1.472,0.7224,162.33,1.6458,1.695,1.4975,9.3985,8.07,1.9216
2007-12-06,1.4554,0.7185,161.55,1.6503,1.6726,1.4817,9.3905,8.046,1.8866
2007-12-07,1.4649,0.7202,163.38,1.655,1.6712,1.4708,9.401,8.017,1.8795
2007-12-10,1.4718,0.7195,164.53,1.6557,1.6707,1.48,9.4182,7.992,1.892
2007-12-11,1.4672,0.716,164.24,1.665,1.6575,1.482,9.405,7.9975,1.8709
2007-12-12,1.4675,0.7196,163.41,1.6631,1.6644,1.486,9.4289,7.9565,1.8663
2007-12-13,1.4683,0.71935,164.21,1.6683,1.6724,1.4915,9.4398,7.932,1.8766
2007-12-14,1.4509,0.7157,163.99,1.6668,1.6704,1.485,9.4217,7.975,1.8701
2007-12-17,1.4393,0.7137,163.12,1.6612,1.6766,1.4561,9.4593,7.978,1.9042
2007-12-18,1.4416,0.71485,163.44,1.6602,1.6703,1.4503,9.4381,8.026,1.9034
2007-12-19,1.4385,0.7175,162.54,1.66,1.6724,1.4461,9.4754,8.0385,1.9016
2007-12-20,1.4349,0.7215,162.3,1.6603,1.672,1.4338,9.461,8.03,1.8978
2007-12-21,1.438,0.7236,163.27,1.6612,1.6613,1.4356,9.4453,8.034,1.8786
2007-12-24,1.4398,0.7271,164.25,1.6629,1.6527,1.4217,9.4685,7.9918,1.8785
2007-12-27,1.4516,0.72885,166.22,1.6682,1.6624,1.4265,9.4685,7.9955,1.8882
2007-12-28,1.4692,0.7348,166.13,1.6604,1.6731,1.4389,9.4483,7.974,1.8991
2007-12-31,1.4721,0.73335,164.93,1.6547,1.6757,1.4449,9.4415,7.958,1.9024
2008-01-02,1.4688,0.7413,163.83,1.6529,1.6673,1.4515,9.4257,7.9855,1.8949
2008-01-03,1.4753,0.7448,160.68,1.6422,1.674,1.4666,9.4078,7.925,1.9066
2008-01-04,1.4727,0.74495,160.86,1.6406,1.671,1.4553,9.3755,7.865,1.9043
2008-01-07,1.4723,0.74625,160.65,1.6396,1.6856,1.4714,9.3625,7.8685,1.9228
2008-01-08,1.4705,0.7445,161.23,1.6428,1.6712,1.4724,9.3806,7.8895,1.9084
2008-01-09,1.468,0.74865,160.61,1.6362,1.661,1.4739,9.403,7.891,1.8981
2008-01-10,1.4662,0.7493,161.08,1.6294,1.6611,1.4787,9.4087,7.839,1.8926
2008-01-11,1.4792,0.7555,161.18,1.6312,1.6545,1.5082,9.398,7.8185,1.8822
2008-01-14,1.4895,0.76,160.55,1.6265,1.6555,1.5172,9.3987,7.8275,1.8852
2008-01-15,1.4886,0.7565,160.02,1.6218,1.6533,1.5096,9.3965,7.833,1.8842
2008-01-16,1.4792,0.754,157.29,1.6142,1.6806,1.5122,9.4194,7.942,1.9255
2008-01-17,1.4691,0.74615,157.07,1.6144,1.6642,1.5007,9.4097,7.954,1.9069
2008-01-18,1.4674,0.7481,157.7,1.6144,1.6697,1.5024,9.4283,7.9915,1.9127
2008-01-21,1.4482,0.74325,153.85,1.5991,1.6734,1.493,9.4752,8.0265,1.9287
2008-01-22,1.4494,0.74265,154.13,1.599,1.6876,1.4953,9.4995,8.044,1.9336
2008-01-23,1.4574,0.7472,153.5,1.5879,1.6883,1.4987,9.5105,8.063,1.9231
2008-01-24,1.4663,0.74685,156.3,1.598,1.6763,1.4893,9.486,8.036,1.9065
2008-01-25,1.4705,0.7425,158.35,1.6136,1.6652,1.4819,9.4603,8.024,1.9011
2008-01-28,1.4755,0.743,157.67,1.6093,1.6703,1.4843,9.483,8.0655,1.9053
2008-01-29,1.4773,0.74295,158.02,1.6154,1.6641,1.4759,9.4487,8.035,1.8988
2008-01-30,1.481,0.7434,158.39,1.6135,1.6654,1.4724,9.4399,8.045,1.9013
2008-01-31,1.487,0.7477,157.93,1.6051,1.6682,1.4846,9.4725,8.076,1.896
2008-02-01,1.4889,0.74955,158.51,1.6065,1.651,1.4847,9.451,8.0265,1.8783
2008-02-04,1.4829,0.7502,158.5,1.6158,1.6336,1.4824,9.41,8.029,1.8662
2008-02-05,1.4688,0.74605,157.79,1.6177,1.6263,1.467,9.4074,8.0095,1.8638
2008-02-06,1.4621,0.747,155.58,1.6061,1.6315,1.4705,9.4288,8.0555,1.8634
2008-02-07,1.4569,0.7491,154.59,1.5985,1.6367,1.4732,9.4403,8.07,1.8565
2008-02-08,1.4513,0.7448,155.89,1.6014,1.6233,1.4537,9.4125,8.0245,1.8466
2008-02-11,1.4542,0.7462,155.42,1.6005,1.6061,1.4536,9.4202,8.0265,1.8394
2008-02-12,1.4538,0.7451,156.18,1.6041,1.6057,1.4525,9.4163,8.003,1.8344
2008-02-13,1.4586,0.74315,156.83,1.6083,1.6251,1.4562,9.3493,7.983,1.8576
2008-02-14,1.4626,0.7416,158.22,1.6112,1.6164,1.456,9.3288,7.951,1.8522
2008-02-15,1.4674,0.7478,157.78,1.6022,1.6189,1.4635,9.314,7.9255,1.8602
2008-02-18,1.4636,0.7503,158.36,1.6129,1.604,1.4732,9.3001,7.915,1.8432
2008-02-19,1.4742,0.7555,158.64,1.6123,1.5984,1.4836,9.3164,7.8605,1.841
2008-02-20,1.4656,0.7544,158.32,1.6116,1.6031,1.4899,9.3196,7.877,1.8449
2008-02-21,1.4736,0.7527,159.27,1.6205,1.6037,1.4925,9.3136,7.8615,1.8415
2008-02-22,1.4848,0.7548,158.76,1.61,1.6079,1.4995,9.304,7.8895,1.8412
2008-02-25,1.4817,0.7537,159.71,1.6133,1.6017,1.4885,9.3154,7.881,1.831
2008-02-26,1.4874,0.7536,160.45,1.6163,1.6048,1.4722,9.3005,7.8845,1.8338
2008-02-27,1.5044,0.7576,159.95,1.6074,1.6021,1.4742,9.3356,7.854,1.8365
2008-02-28,1.5121,0.76135,160.57,1.6037,1.6038,1.4779,9.3686,7.8665,1.8606
2008-02-29,1.5167,0.7652,158.03,1.5885,1.6226,1.4895,9.3948,7.914,1.8854
2008-03-03,1.5203,0.766,156.79,1.5787,1.6274,1.4948,9.3655,7.925,1.9065
2008-03-04,1.5206,0.7656,156.78,1.5773,1.6304,1.5035,9.361,7.8535,1.8939
2008-03-05,1.5196,0.7685,157.65,1.5807,1.6405,1.5084,9.3627,7.8565,1.9076
2008-03-06,1.5319,0.7638,158.55,1.5818,1.6351,1.5097,9.3581,7.834,1.9075
2008-03-07,1.5417,0.7647,157.47,1.5735,1.6481,1.5069,9.3911,7.9145,1.9299
2008-03-10,1.534,0.7605,156.87,1.5696,1.6601,1.5194,9.3918,7.8855,1.9314
2008-03-11,1.5379,0.76455,158.37,1.579,1.6603,1.5261,9.3765,7.878,1.9158
2008-03-12,1.5477,0.7666,158.45,1.5817,1.6654,1.5302,9.3978,7.8905,1.9273
2008-03-13,1.5577,0.7658,156.45,1.5727,1.6616,1.5362,9.451,7.9005,1.9281
2008-03-14,1.5561,0.76755,157.07,1.5741,1.6531,1.5479,9.4361,7.9885,1.8998
2008-03-17,1.577,0.7857,152.5,1.5519,1.7102,1.5689,9.473,8.057,1.9646
2008-03-18,1.5771,0.7817,154.42,1.561,1.6974,1.5674,9.455,8.0675,1.9509
2008-03-19,1.5692,0.7859,156.16,1.5662,1.6841,1.5635,9.4241,8.0448,1.9268
2008-03-20,1.5423,0.7783,153.2,1.5632,1.7087,1.5817,9.4121,8.1178,1.9458
2008-03-25,1.5569,0.78105,155.9,1.5728,1.7036,1.587,9.419,8.0865,1.9376
2008-03-26,1.571,0.7881,155.89,1.5684,1.7043,1.5949,9.3964,8.0475,1.9455
2008-03-27,1.5786,0.7829,157.53,1.5688,1.7088,1.6085,9.3937,8.017,1.959
2008-03-28,1.5796,0.7908,157.86,1.5735,1.7171,1.608,9.3769,8.0475,1.9677
2008-03-31,1.5812,0.7958,157.37,1.5738,1.7334,1.6226,9.397,8.051,2.0079
2008-04-01,1.566,0.7888,157.55,1.5737,1.7215,1.6069,9.3945,8.072,2.0044
2008-04-02,1.5632,0.7885,159.4,1.5814,1.7145,1.5896,9.3697,8.065,1.9759
2008-04-03,1.5526,0.7832,159.75,1.5845,1.7065,1.5722,9.342,8.003,1.9821
2008-04-04,1.5722,0.7855,160.88,1.5872,1.711,1.5822,9.368,7.998,1.9972
2008-04-07,1.5693,0.78935,161.13,1.5917,1.6977,1.5804,9.3687,7.9685,1.976
2008-04-08,1.5694,0.7974,160.75,1.5914,1.6968,1.591,9.361,7.9565,1.9781
2008-04-09,1.5726,0.7977,161.36,1.5935,1.6941,1.6022,9.3622,7.941,1.9766
2008-04-10,1.5875,0.8011,159.18,1.5735,1.702,1.6166,9.386,7.927,1.984
2008-04-11,1.5833,0.8017,159.83,1.5808,1.7024,1.6139,9.412,7.9415,1.9913
2008-04-14,1.5869,0.7986,159.38,1.5777,1.7158,1.6223,9.406,7.9445,2.0049
2008-04-15,1.5828,0.8049,159.87,1.5817,1.7121,1.6168,9.419,7.9105,2.0184
2008-04-16,1.5928,0.8061,161.41,1.5896,1.7069,1.6073,9.4038,7.8985,2.0223
2008-04-17,1.5872,0.8017,162.74,1.5992,1.6935,1.5896,9.3845,7.9105,2.0173
2008-04-18,1.578,0.7907,163.99,1.6138,1.6882,1.5957,9.394,7.951,1.9972
2008-04-21,1.5898,0.8007,164.43,1.6059,1.6873,1.5935,9.3805,7.9445,2.004
2008-04-22,1.5931,0.7998,164.43,1.6065,1.6851,1.6039,9.3605,7.923,1.9987
2008-04-23,1.594,0.80345,164.3,1.6077,1.6755,1.6154,9.3185,7.925,1.9923
2008-04-24,1.5769,0.798,163.07,1.6156,1.6689,1.6042,9.302,7.9595,1.9922
2008-04-25,1.5596,0.78605,163.01,1.617,1.6744,1.5861,9.338,8.024,1.9992
2008-04-28,1.5628,0.7847,163.55,1.6181,1.6666,1.5853,9.3514,7.9655,1.9906
2008-04-29,1.5571,0.78895,161.73,1.6153,1.671,1.5782,9.3578,7.98,2.0097
2008-04-30,1.554,0.79015,162.62,1.6147,1.6614,1.5689,9.3575,7.974,1.9992
2008-05-02,1.5458,0.779,161.94,1.6238,1.6554,1.5715,9.3555,7.926,1.9772
2008-05-05,1.546,0.7852,162.73,1.6305,1.6424,1.5717,9.3485,7.915,1.9738
2008-05-06,1.5528,0.7881,162.25,1.6274,1.6448,1.5719,9.336,7.869,1.9739
2008-05-07,1.543,0.78865,162.55,1.63,1.6312,1.5462,9.2953,7.8545,1.9644
2008-05-08,1.5347,0.78505,160.15,1.621,1.6312,1.5548,9.302,7.874,1.9929
2008-05-09,1.5458,0.7938,158.81,1.6086,1.6466,1.5592,9.2904,7.844,2.0175
2008-05-12,1.543,0.78885,160.42,1.622,1.6374,1.5509,9.2873,7.8413,2.0107
2008-05-13,1.5473,0.7938,160.71,1.6227,1.6408,1.5562,9.294,7.846,2.0118
2008-05-14,1.5439,0.7951,162.48,1.631,1.6558,1.5407,9.3078,7.844,2.0295
2008-05-15,1.5474,0.7972,162.61,1.6341,1.6541,1.5496,9.322,7.859,2.0525
2008-05-16,1.5498,0.79585,162.29,1.6342,1.632,1.5466,9.337,7.856,2.0131
2008-05-19,1.5577,0.7976,162.04,1.6308,1.6325,1.5487,9.2875,7.7885,2.0053
2008-05-20,1.5639,0.7964,162.84,1.6294,1.6294,1.5502,9.279,7.819,2.0146
2008-05-21,1.5753,0.80145,162.82,1.6228,1.6346,1.5509,9.2993,7.855,2.0216
2008-05-22,1.5755,0.79405,162.71,1.6194,1.64,1.5494,9.3045,7.8545,2.0031
2008-05-23,1.5742,0.7944,162.97,1.6175,1.6376,1.5533,9.3024,7.901,1.999
2008-05-26,1.5761,0.79655,162.97,1.6156,1.642,1.5588,9.309,7.8895,2.0022
2008-05-27,1.576,0.797,163.65,1.6159,1.6371,1.5571,9.2845,7.876,1.9938
2008-05-28,1.5656,0.79315,164.07,1.6255,1.6339,1.5578,9.322,7.8655,1.9946
2008-05-29,1.5551,0.7866,163.76,1.6291,1.6214,1.5302,9.33,7.876,1.9895
2008-05-30,1.5508,0.786,163.74,1.6276,1.6212,1.5382,9.328,7.908,1.9812
2008-06-02,1.5521,0.7915,162.64,1.6182,1.6243,1.546,9.3454,7.9425,1.9796
2008-06-03,1.5593,0.79105,163.0,1.611,1.6272,1.562,9.3408,7.9615,1.9822
2008-06-04,1.5466,0.7902,161.82,1.6037,1.61,1.561,9.3448,7.9755,1.974
2008-06-05,1.5402,0.7897,163.46,1.6147,1.6169,1.5727,9.3118,7.968,2.0168
2008-06-06,1.5597,0.7971,165.75,1.6184,1.626,1.5906,9.3338,7.9415,2.0322
2008-06-09,1.5784,0.7974,166.76,1.6103,1.6414,1.6136,9.348,7.937,2.0563
2008-06-10,1.5526,0.79335,165.77,1.608,1.6335,1.5979,9.3145,7.969,2.0598
2008-06-11,1.5515,0.79145,166.37,1.6117,1.6376,1.5777,9.3571,7.99,2.0518
2008-06-12,1.5417,0.7912,166.08,1.6112,1.6495,1.5806,9.3805,8.0375,2.0564
2008-06-13,1.5336,0.78835,166.05,1.6113,1.6394,1.5747,9.365,8.05,2.0552
2008-06-16,1.5459,0.7873,167.26,1.6129,1.6434,1.5888,9.3458,8.031,2.0534
2008-06-17,1.5477,0.7944,167.59,1.6169,1.6472,1.5816,9.3581,8.0235,2.0533
2008-06-18,1.5493,0.7933,167.62,1.616,1.6461,1.5797,9.3838,8.0405,2.0529
2008-06-19,1.5481,0.7863,166.94,1.6196,1.6344,1.5712,9.403,8.0365,2.0432
2008-06-20,1.561,0.78965,167.83,1.6165,1.6352,1.5805,9.398,8.0435,2.0448
2008-06-23,1.5521,0.79155,167.46,1.6223,1.6305,1.5768,9.3931,8.013,2.0468
2008-06-24,1.5568,0.79095,168.0,1.6185,1.6326,1.5823,9.4026,7.9745,2.0576
2008-06-25,1.5599,0.7907,168.4,1.6218,1.6308,1.5786,9.4128,7.9405,2.0609
2008-06-26,1.5731,0.79195,169.23,1.6184,1.6389,1.5899,9.4162,7.959,2.076
2008-06-27,1.5748,0.79235,167.08,1.6053,1.6383,1.585,9.4263,7.979,2.0737
2008-06-30,1.5764,0.79225,166.44,1.6056,1.6371,1.5942,9.4703,8.009,2.0632
2008-07-01,1.5775,0.7909,166.57,1.6055,1.6519,1.6063,9.4578,8.004,2.074
2008-07-02,1.5806,0.7952,168.41,1.6135,1.6438,1.6142,9.4538,8.04,2.0833
2008-07-03,1.5885,0.7992,168.62,1.6097,1.6509,1.6117,9.4538,8.0475,2.0941
2008-07-04,1.5671,0.7908,167.31,1.6085,1.628,1.593,9.3935,7.986,2.0693
2008-07-07,1.5651,0.7963,168.47,1.6149,1.6363,1.5988,9.4065,7.9855,2.0781
2008-07-08,1.5687,0.7944,167.96,1.6098,1.6476,1.5973,9.4185,8.0135,2.0909
2008-07-09,1.5715,0.79655,168.87,1.6225,1.6502,1.5953,9.4484,8.048,2.0834
2008-07-10,1.5708,0.79565,168.5,1.6223,1.6357,1.5878,9.44,8.0605,2.0734
2008-07-11,1.5835,0.79915,168.35,1.6197,1.6423,1.609,9.4795,8.0605,2.0816
2008-07-14,1.5847,0.7975,169.24,1.6232,1.6369,1.5995,9.4674,8.0525,2.083
2008-07-15,1.599,0.79555,167.48,1.6065,1.628,1.5979,9.4932,8.037,2.0696
2008-07-16,1.5888,0.79395,165.66,1.604,1.627,1.592,9.5163,8.066,2.0591
2008-07-17,1.5849,0.7914,167.43,1.6145,1.6246,1.586,9.4778,8.064,2.0661
2008-07-18,1.5816,0.79315,169.03,1.6207,1.6288,1.5901,9.4496,8.059,2.0719
2008-07-21,1.5858,0.7946,169.65,1.622,1.626,1.5921,9.4539,8.0585,2.083
2008-07-22,1.5919,0.79355,169.26,1.6174,1.6284,1.5943,9.4763,8.0555,2.0876
2008-07-23,1.5741,0.7872,169.75,1.6287,1.633,1.5869,9.47,8.09,2.0966
2008-07-24,1.5677,0.789,168.92,1.6273,1.6319,1.5832,9.4665,8.1,2.1145
2008-07-25,1.5734,0.7888,168.77,1.6268,1.6438,1.5968,9.461,8.0815,2.1159
2008-07-28,1.5746,0.7925,169.63,1.6285,1.6466,1.6087,9.4538,8.075,2.1163
2008-07-29,1.5705,0.78975,169.33,1.63,1.6454,1.6087,9.45,8.0725,2.1236
2008-07-30,1.5589,0.7867,168.2,1.6315,1.6468,1.5945,9.449,8.043,2.1256
2008-07-31,1.5611,0.78895,169.02,1.6354,1.6545,1.597,9.4649,8.0205,2.1296
2008-08-01,1.5574,0.78785,167.44,1.6324,1.6662,1.598,9.4451,7.996,2.1377
2008-08-04,1.5566,0.79165,168.39,1.6346,1.6697,1.6035,9.456,7.9995,2.1317
2008-08-05,1.5487,0.79285,167.06,1.6312,1.689,1.6168,9.4622,8.0315,2.1388
2008-08-06,1.5478,0.79205,168.16,1.6291,1.692,1.6159,9.4458,8.028,2.1398
2008-08-07,1.5471,0.79255,169.16,1.6322,1.6986,1.6201,9.4127,7.997,2.1537
2008-08-08,1.5074,0.7841,165.61,1.6238,1.6885,1.6075,9.3945,7.9915,2.1394
2008-08-11,1.5012,0.78165,164.73,1.6202,1.685,1.6013,9.3977,7.9975,2.1315
2008-08-12,1.4907,0.7844,163.97,1.6215,1.7048,1.5936,9.3889,8.012,2.1389
2008-08-13,1.4903,0.7942,162.05,1.6211,1.712,1.5916,9.3771,7.996,2.1369
2008-08-14,1.4907,0.7953,163.36,1.6219,1.701,1.5775,9.3838,8.006,2.1197
2008-08-15,1.4729,0.7907,162.7,1.6158,1.7031,1.5685,9.355,7.9665,2.1044
2008-08-18,1.4704,0.7881,162.2,1.617,1.6837,1.5558,9.3475,7.974,2.0603
2008-08-19,1.4677,0.7885,161.11,1.6109,1.6931,1.5637,9.36,7.9525,2.0688
2008-08-20,1.4734,0.79315,162.22,1.6177,1.6924,1.564,9.3895,7.956,2.0705
2008-08-21,1.4814,0.7936,160.35,1.6172,1.7011,1.5598,9.3825,7.945,2.0738
2008-08-22,1.4808,0.7966,162.55,1.6228,1.702,1.5502,9.3777,7.9335,2.0782
2008-08-25,1.4767,0.7966,162.32,1.6214,1.7021,1.5424,9.351,7.933,2.0837
2008-08-26,1.4598,0.7953,160.19,1.6138,1.712,1.5379,9.3755,7.9155,2.1083
2008-08-27,1.4767,0.7997,160.98,1.6132,1.7114,1.5417,9.3877,7.926,2.103
2008-08-28,1.4771,0.8047,161.44,1.6108,1.7045,1.5456,9.438,7.917,2.0958
2008-08-29,1.4735,0.805,160.22,1.6164,1.7066,1.551,9.4381,7.9435,2.089
2008-09-01,1.4621,0.81165,157.72,1.6064,1.7136,1.5585,9.4608,7.9635,2.0974
2008-09-02,1.4516,0.81295,158.01,1.6096,1.7394,1.5483,9.462,8.0065,2.1153
2008-09-03,1.4441,0.8133,156.75,1.605,1.7343,1.55,9.4661,8.011,2.119
2008-09-04,1.4488,0.813,156.76,1.6035,1.7328,1.5344,9.4839,8.022,2.1107
2008-09-05,1.4247,0.8093,151.54,1.5888,1.7608,1.5194,9.4789,8.0065,2.1447
2008-09-08,1.4214,0.8072,154.42,1.6052,1.7346,1.5091,9.4591,7.9975,2.1086
2008-09-09,1.4144,0.803,152.9,1.5995,1.7387,1.503,9.4684,8.033,2.097
2008-09-10,1.4094,0.802,150.52,1.5928,1.7541,1.509,9.5115,8.06,2.1118
2008-09-11,1.3934,0.7941,148.69,1.5857,1.7524,1.495,9.5135,8.097,2.1506
2008-09-12,1.4066,0.7962,150.91,1.5998,1.7442,1.5036,9.5173,8.1165,2.1452
2008-09-15,1.4151,0.79395,149.87,1.5903,1.7544,1.514,9.5519,8.183,2.1524
2008-09-16,1.4267,0.7975,148.07,1.5823,1.7958,1.5283,9.6408,8.246,2.1729
2008-09-17,1.4224,0.79515,150.26,1.5921,1.7905,1.5176,9.6125,8.29,2.1589
2008-09-18,1.4502,0.7944,151.96,1.5838,1.7961,1.539,9.5995,8.334,2.1449
2008-09-19,1.4236,0.7873,153.03,1.5975,1.7505,1.5154,9.5383,8.258,2.1003
2008-09-22,1.4571,0.792,155.2,1.5988,1.7436,1.5305,9.536,8.1675,2.1166
2008-09-23,1.4731,0.79505,155.42,1.5926,1.7511,1.5233,9.5924,8.215,2.1393
2008-09-24,1.469,0.79235,155.57,1.5951,1.7558,1.5205,9.6435,8.259,2.1489
2008-09-25,1.47,0.792,155.91,1.5944,1.7491,1.5205,9.6829,8.271,2.1372
2008-09-26,1.464,0.79475,154.13,1.5879,1.7664,1.5148,9.687,8.268,2.1354
2008-09-29,1.4349,0.7959,152.3,1.5845,1.7615,1.4929,9.7009,8.308,2.1223
2008-09-30,1.4303,0.7903,150.47,1.5774,1.7739,1.4961,9.7943,8.333,2.1143
2008-10-01,1.4081,0.7919,149.55,1.5818,1.7658,1.4912,9.7268,8.26,2.0839
2008-10-02,1.3903,0.7872,146.45,1.5732,1.7676,1.4804,9.7273,8.291,2.0754
2008-10-03,1.3834,0.78355,145.09,1.5654,1.78,1.4899,9.7017,8.292,2.0878
2008-10-06,1.3634,0.7728,140.78,1.5534,1.8218,1.4787,9.766,8.348,2.1021
2008-10-07,1.3632,0.77725,139.51,1.5526,1.8785,1.4991,9.6586,8.381,2.1437
2008-10-08,1.3731,0.7809,138.42,1.5541,2.0022,1.5105,9.68,8.3975,2.248
2008-10-09,1.3682,0.7895,137.84,1.5462,1.9503,1.5398,9.6575,8.364,2.2093
2008-10-10,1.3579,0.798,134.68,1.5175,2.0538,1.5839,9.651,8.4175,2.2677
2008-10-13,1.3639,0.7854,136.63,1.5416,2.032,1.5903,9.6689,8.4285,2.2551
2008-10-14,1.3752,0.78105,141.25,1.5526,1.9066,1.565,9.677,8.4375,2.1744
2008-10-15,1.3625,0.77615,138.18,1.5425,1.9571,1.5833,9.8413,8.6035,2.1744
2008-10-16,1.3507,0.78265,135.91,1.5294,2.0018,1.6056,10.0475,8.9,2.2124
2008-10-17,1.3404,0.7751,135.57,1.5213,1.9617,1.5936,10.0191,8.895,2.1852
2008-10-20,1.3424,0.77165,136.45,1.5299,1.936,1.59,9.919,8.787,2.179
2008-10-21,1.3184,0.777,133.06,1.5224,1.928,1.5928,9.992,8.894,2.1557
2008-10-22,1.2843,0.78815,126.88,1.4991,1.9073,1.6088,10.1225,9.0135,2.1554
2008-10-23,1.281,0.7917,124.41,1.4928,1.9372,1.6285,10.0615,9.155,2.1802
2008-10-24,1.2596,0.8061,117.4,1.4566,2.0506,1.5994,9.9815,8.8,2.2829
2008-10-27,1.246,0.8063,115.75,1.4438,2.0396,1.5969,10.096,8.815,2.3002
2008-10-28,1.2526,0.7979,119.42,1.452,2.0037,1.6133,9.9473,8.55,2.2684
2008-10-29,1.277,0.7958,124.0,1.4695,1.9672,1.6075,9.9045,8.554,2.2182
2008-10-30,1.3035,0.7907,128.73,1.48,1.9204,1.5697,9.811,8.52,2.2015
2008-10-31,1.2757,0.7869,124.97,1.4686,1.9247,1.5681,9.906,8.53,2.1887
2008-11-03,1.2822,0.7969,126.38,1.4832,1.9102,1.534,9.8512,8.48,2.1836
2008-11-04,1.282,0.8075,127.35,1.4943,1.8554,1.4949,9.8978,8.5615,2.1103
2008-11-05,1.287,0.8065,127.4,1.5051,1.8609,1.4858,9.9369,8.66,2.1342
2008-11-06,1.277,0.805,124.86,1.4988,1.8773,1.4972,10.0075,8.718,2.1367
2008-11-07,1.2756,0.80845,124.29,1.4983,1.9096,1.5224,10.0545,8.721,2.1712
2008-11-10,1.2891,0.8165,127.89,1.5133,1.8641,1.511,9.9747,8.689,2.143
2008-11-11,1.2747,0.8147,124.77,1.4978,1.9028,1.5168,10.039,8.744,2.1838
2008-11-12,1.253,0.8231,121.81,1.4868,1.8992,1.5193,10.1065,8.7825,2.1801
2008-11-13,1.2525,0.8442,120.34,1.4917,1.9596,1.5465,10.118,8.867,2.2515
2008-11-14,1.2675,0.8598,122.17,1.51,1.9301,1.5504,9.9948,8.7525,2.2742
2008-11-17,1.266,0.84825,121.93,1.515,1.943,1.5502,10.0126,8.792,2.2725
2008-11-18,1.2653,0.8421,121.92,1.5166,1.9511,1.5554,10.1845,8.9,2.2983
2008-11-19,1.2634,0.8398,122.07,1.5228,1.9547,1.5634,10.1375,8.87,2.3031
2008-11-20,1.2542,0.8421,119.87,1.529,1.9927,1.5814,10.2395,8.87,2.3209
2008-11-21,1.2602,0.841,119.3,1.5369,2.0278,1.6151,10.371,8.927,2.3854
2008-11-24,1.2773,0.8517,122.52,1.5437,1.9936,1.6134,10.4025,8.938,2.3619
2008-11-25,1.2811,0.85375,123.08,1.544,2.0086,1.5912,10.3445,9.0815,2.3779
2008-11-26,1.2935,0.8456,123.1,1.5456,1.9992,1.5985,10.3173,9.034,2.3578
2008-11-27,1.29,0.8358,123.04,1.545,1.9689,1.5937,10.2543,8.88,2.3399
2008-11-28,1.2727,0.8299,121.46,1.5455,1.9533,1.5775,10.3057,8.92,2.3212
2008-12-01,1.2608,0.84155,118.42,1.5262,1.9649,1.5725,10.3588,8.8915,2.361
2008-12-02,1.2697,0.84695,118.56,1.5311,1.9602,1.5756,10.534,8.965,2.3804
2008-12-03,1.2623,0.85475,117.39,1.5332,1.9625,1.5853,10.4545,8.905,2.3804
2008-12-04,1.262,0.8626,117.1,1.5335,1.9634,1.5948,10.5315,9.0365,2.3593
2008-12-05,1.2665,0.8666,116.91,1.538,1.9895,1.6354,10.5788,9.142,2.4016
2008-12-08,1.2854,0.8651,120.1,1.559,1.9377,1.6067,10.415,9.127,2.369
2008-12-09,1.2838,0.8711,118.85,1.5593,1.9596,1.6171,10.5063,9.15,2.373
2008-12-10,1.2925,0.87325,119.77,1.5587,1.9665,1.6295,10.567,9.1285,2.3696
2008-12-11,1.3215,0.8869,120.67,1.5737,1.9889,1.6383,10.58,9.2065,2.399
2008-12-12,1.334,0.89235,120.21,1.5746,2.0291,1.6598,10.6625,9.211,2.45
2008-12-15,1.351,0.8994,122.42,1.5789,2.0246,1.6555,10.865,9.322,2.4441
2008-12-16,1.369,0.8936,123.2,1.5814,2.0374,1.6832,11.044,9.515,2.4318
2008-12-17,1.4059,0.91855,124.35,1.564,2.0469,1.7004,11.0075,9.515,2.4298
2008-12-18,1.4616,0.9509,129.22,1.5368,2.0735,1.7433,11.0475,9.865,2.4415
2008-12-19,1.394,0.9287,124.74,1.5448,2.047,1.71,10.8585,9.8335,2.4309
2008-12-22,1.397,0.9432,125.66,1.5367,2.0393,1.6763,10.8335,9.855,2.4247
2008-12-23,1.3978,0.94395,126.03,1.5175,2.0442,1.7041,10.9555,9.76,2.4471
2008-12-24,1.4005,0.9493,126.65,1.5043,2.054,1.6984,11.2305,9.915,2.4371
2008-12-29,1.427,0.97855,128.98,1.4931,2.0595,1.7408,10.9795,9.945,2.4559
2008-12-30,1.4098,0.9742,127.4,1.4963,2.0435,1.7331,10.95,9.84,2.4448
2008-12-31,1.3917,0.9525,126.14,1.485,2.0274,1.6998,10.87,9.75,2.4191
2009-01-02,1.3866,0.961,126.64,1.4874,1.9884,1.6942,10.8425,9.695,2.3969
2009-01-05,1.3582,0.9358,126.81,1.506,1.9189,1.6475,10.7075,9.395,2.3301
2009-01-06,1.3332,0.9176,125.84,1.5018,1.8727,1.585,10.5675,9.385,2.27
2009-01-07,1.3595,0.9043,126.77,1.5006,1.8831,1.6061,10.5763,9.3915,2.2717
2009-01-08,1.3617,0.8933,124.34,1.4941,1.9357,1.6344,10.712,9.4825,2.3103
2009-01-09,1.3684,0.8948,124.4,1.4998,1.9371,1.6186,10.7215,9.4975,2.316
2009-01-12,1.3394,0.8956,120.48,1.5005,1.9478,1.6021,10.7605,9.413,2.3103
2009-01-13,1.3262,0.9112,118.54,1.4858,1.9874,1.632,10.9242,9.4575,2.3997
2009-01-14,1.3173,0.9083,117.66,1.4761,1.9769,1.6144,10.9475,9.431,2.4262
2009-01-15,1.3085,0.8966,116.97,1.4725,1.9818,1.6373,10.9925,9.4275,2.438
2009-01-16,1.327,0.8893,120.11,1.4863,1.9611,1.6434,10.7665,9.2125,2.4182
2009-01-19,1.3182,0.9047,119.16,1.4812,1.9628,1.6492,10.787,9.12,2.4223
2009-01-20,1.293,0.9311,116.9,1.4807,1.9662,1.6364,10.8895,9.1915,2.4482
2009-01-21,1.291,0.9386,116.11,1.4764,1.9937,1.6345,10.768,9.0555,2.4882
2009-01-22,1.2984,0.9441,114.98,1.5036,1.9799,1.6392,10.6905,9.03,2.4582
2009-01-23,1.2795,0.9387,113.65,1.4955,1.9836,1.6087,10.7058,8.994,2.4592
2009-01-26,1.299,0.9395,115.82,1.5031,1.9773,1.5864,10.6,8.8935,2.4621
2009-01-27,1.3174,0.9352,117.59,1.5017,1.9884,1.619,10.5375,8.8975,2.4922
2009-01-28,1.326,0.92725,118.57,1.5163,1.9815,1.6161,10.6145,8.887,2.5024
2009-01-29,1.3111,0.91725,118.07,1.5063,1.9942,1.5963,10.5341,8.8,2.5294
2009-01-30,1.2816,0.89785,114.98,1.4871,2.0115,1.5895,10.609,8.8875,2.5268
2009-02-02,1.276,0.90335,114.04,1.4872,2.0318,1.585,10.6765,8.9415,2.5535
2009-02-03,1.2849,0.9029,115.02,1.4898,2.0113,1.6058,10.7506,9.039,2.5418
2009-02-04,1.2818,0.8901,114.28,1.4896,2.0006,1.5928,10.6693,8.892,2.5325
2009-02-05,1.2829,0.878,115.04,1.4919,1.9772,1.5807,10.6265,8.779,2.5033
2009-02-06,1.2796,0.8706,116.7,1.5012,1.9407,1.6001,10.5655,8.773,2.4684
2009-02-09,1.3008,0.871,119.21,1.506,1.9257,1.5969,10.4375,8.662,2.4248
2009-02-10,1.2967,0.8771,118.39,1.5061,1.94,1.5866,10.5205,8.641,2.4176
2009-02-11,1.2938,0.9,116.5,1.4972,1.9745,1.6138,10.8175,8.69,2.4693
2009-02-12,1.2833,0.903,115.46,1.4885,1.9844,1.5994,10.7945,8.8155,2.4738
2009-02-13,1.2823,0.88415,117.59,1.4931,1.9404,1.5833,10.7455,8.719,2.4325
2009-02-16,1.2765,0.8945,117.33,1.4883,1.9622,1.5912,10.923,8.777,2.4638
2009-02-17,1.2634,0.8851,116.2,1.4813,1.975,1.5959,10.978,8.794,2.479
2009-02-18,1.2596,0.8846,116.83,1.4792,1.9726,1.5882,11.1088,8.86,2.4691
2009-02-19,1.2705,0.8823,118.99,1.4922,1.9597,1.5868,10.8987,8.679,2.4653
2009-02-20,1.2591,0.881,118.62,1.4921,1.9746,1.5911,11.0728,8.7495,2.4957
2009-02-23,1.2798,0.878,121.09,1.4908,1.9796,1.6001,11.135,8.719,2.4967
2009-02-24,1.2763,0.8797,122.4,1.4805,1.9797,1.5996,11.3423,8.735,2.5072
2009-02-25,1.2795,0.8884,123.76,1.4848,1.9685,1.5947,11.306,8.746,2.4847
2009-02-26,1.2782,0.8913,125.33,1.4848,1.959,1.5885,11.3175,8.778,2.4953
2009-02-27,1.2644,0.8931,123.23,1.4841,1.9891,1.5985,11.4524,8.886,2.5275
2009-03-02,1.2596,0.8933,122.52,1.4809,1.9869,1.6229,11.5755,9.028,2.5511
2009-03-03,1.2615,0.89575,123.64,1.4826,1.9619,1.6219,11.4853,9.0125,2.5303
2009-03-04,1.2555,0.8902,124.67,1.4782,1.957,1.6156,11.5175,8.94,2.508
2009-03-05,1.2555,0.8903,124.71,1.4765,1.9573,1.6139,11.4825,8.906,2.5065
2009-03-06,1.2658,0.89,122.53,1.4637,1.9783,1.6258,11.7135,8.953,2.5134
2009-03-09,1.2565,0.9114,124.4,1.4669,1.9883,1.6405,11.5655,8.974,2.5399
2009-03-10,1.2783,0.9229,125.45,1.4667,1.9842,1.6349,11.4625,8.936,2.5472
2009-03-11,1.2786,0.9255,125.35,1.4772,1.9657,1.6325,11.2475,8.832,2.5266
2009-03-12,1.2782,0.9308,124.3,1.5225,1.9785,1.646,11.2122,8.892,2.4984
2009-03-13,1.2905,0.922,127.03,1.536,1.9587,1.6413,11.1025,8.823,2.4607
2009-03-16,1.3042,0.92055,128.51,1.5421,1.9679,1.6534,10.9869,8.765,2.4568
2009-03-17,1.2942,0.9265,128.1,1.5327,1.9624,1.6495,11.0265,8.8315,2.441
2009-03-18,1.313,0.9391,128.94,1.5332,1.984,1.6563,10.963,8.809,2.4753
2009-03-19,1.3671,0.9405,129.67,1.5385,1.9771,1.6732,10.8663,8.645,2.4601
2009-03-20,1.3549,0.9395,129.87,1.5291,1.9685,1.677,11.056,8.65,2.424
2009-03-23,1.3558,0.92945,131.12,1.5301,1.9475,1.6753,11.076,8.6345,2.3938
2009-03-24,1.3507,0.9206,132.68,1.5267,1.9341,1.656,10.9165,8.6365,2.3877
2009-03-25,1.3494,0.92425,132.24,1.523,1.931,1.6598,10.9565,8.7275,2.3847
2009-03-26,1.3607,0.9316,133.63,1.5266,1.9349,1.6707,10.8765,8.8175,2.3497
2009-03-27,1.3295,0.9285,129.91,1.5189,1.923,1.6446,10.8935,8.8,2.3312
2009-03-30,1.3193,0.9291,127.93,1.5159,1.9386,1.6533,10.9662,8.951,2.3448
2009-03-31,1.3308,0.9308,131.17,1.5152,1.9216,1.6685,10.94,8.89,2.3288
2009-04-01,1.3246,0.9206,130.86,1.5106,1.9081,1.6764,10.9303,8.885,2.3525
2009-04-02,1.3392,0.9129,133.48,1.526,1.8797,1.6725,10.8215,8.848,2.3258
2009-04-03,1.3425,0.9093,134.08,1.5236,1.8813,1.6664,10.7751,8.7975,2.2968
2009-04-06,1.3496,0.9052,136.02,1.5247,1.8954,1.6656,10.74,8.785,2.2923
2009-04-07,1.3255,0.90505,132.8,1.5169,1.8715,1.6501,10.878,8.8085,2.2998
2009-04-08,1.3231,0.89935,132.37,1.517,1.8644,1.634,10.8975,8.896,2.2963
2009-04-09,1.3273,0.9044,133.05,1.526,1.8595,1.6328,10.859,8.793,2.2875
2009-04-14,1.3276,0.8915,132.57,1.5151,1.8221,1.6117,10.846,8.788,2.2546
2009-04-15,1.3173,0.8821,130.7,1.51,1.8352,1.6004,10.865,8.8405,2.2912
2009-04-16,1.3196,0.8856,130.5,1.5127,1.8315,1.5874,10.934,8.837,2.3137
2009-04-17,1.3058,0.8828,129.67,1.5218,1.8125,1.5815,11.0405,8.744,2.2891
2009-04-20,1.2966,0.8896,127.8,1.5174,1.8386,1.5985,11.118,8.7925,2.3149
2009-04-21,1.2932,0.8886,126.82,1.5114,1.8509,1.6051,11.176,8.794,2.3347
2009-04-22,1.2947,0.8882,126.85,1.5121,1.837,1.6106,11.0375,8.7605,2.3269
2009-04-23,1.305,0.8968,128.28,1.513,1.8304,1.6108,10.9158,8.69,2.3258
2009-04-24,1.3232,0.906,128.3,1.5102,1.8402,1.6121,10.831,8.69,2.3294
2009-04-27,1.3125,0.90075,126.82,1.5078,1.8397,1.5953,10.7273,8.763,2.3234
2009-04-28,1.2992,0.89035,125.08,1.5038,1.8511,1.5918,10.7475,8.764,2.331
2009-04-29,1.3266,0.89875,128.53,1.5064,1.8434,1.5942,10.7597,8.732,2.3233
2009-04-30,1.3275,0.89335,130.34,1.5066,1.8146,1.5786,10.6915,8.7245,2.3378
2009-05-04,1.3223,0.8897,131.52,1.5093,1.803,1.5681,10.6665,8.69,2.3137
2009-05-05,1.3403,0.8859,132.59,1.5113,1.7998,1.5669,10.5865,8.687,2.2994
2009-05-06,1.3322,0.8861,131.17,1.5089,1.7917,1.5689,10.616,8.735,2.2857
2009-05-07,1.3363,0.8847,132.72,1.5166,1.7591,1.5569,10.477,8.62,2.2385
2009-05-08,1.3425,0.8907,133.36,1.5142,1.7702,1.5582,10.512,8.6415,2.2531
2009-05-11,1.3574,0.8986,132.82,1.5057,1.7835,1.5676,10.5205,8.702,2.2537
2009-05-12,1.3683,0.8934,132.9,1.5088,1.7858,1.5865,10.6218,8.751,2.2555
2009-05-13,1.3623,0.8998,130.9,1.5054,1.7883,1.5832,10.6525,8.84,2.2749
2009-05-14,1.3563,0.8981,129.41,1.5053,1.8115,1.5971,10.771,8.832,2.3066
2009-05-15,1.3518,0.8905,128.67,1.5023,1.7924,1.5894,10.6372,8.817,2.3
2009-05-18,1.3494,0.8825,129.28,1.5115,1.7776,1.5779,10.6049,8.7785,2.2861
2009-05-19,1.3612,0.8794,130.91,1.5146,1.7563,1.5754,10.4705,8.745,2.2512
2009-05-20,1.369,0.8826,131.06,1.5124,1.7655,1.5724,10.4915,8.81,2.2609
2009-05-21,1.3771,0.879,130.84,1.5174,1.7861,1.5754,10.4476,8.8382,2.2779
2009-05-22,1.3972,0.8781,131.41,1.5217,1.7832,1.5744,10.48,8.875,2.2555
2009-05-25,1.401,0.8803,133.22,1.5178,1.7924,1.5777,10.472,8.862,2.2652
2009-05-26,1.3908,0.876,132.06,1.5144,1.7949,1.5698,10.5545,8.951,2.2622
2009-05-27,1.3901,0.8706,132.48,1.5135,1.7773,1.5536,10.654,8.871,2.2501
2009-05-28,1.3856,0.87,134.38,1.5117,1.7753,1.5544,10.7353,8.9615,2.2223
2009-05-29,1.4098,0.8729,135.22,1.5128,1.7671,1.5501,10.6678,8.8785,2.2135
2009-06-01,1.422,0.868,134.89,1.514,1.7552,1.5397,10.5965,8.81,2.1916
2009-06-02,1.4238,0.8652,136.09,1.5137,1.7443,1.5433,10.6375,8.7725,2.1767
2009-06-03,1.4207,0.8597,136.33,1.5175,1.7414,1.5459,10.7766,8.921,2.2013
2009-06-04,1.4095,0.8689,136.32,1.5126,1.7732,1.5694,10.8115,8.9055,2.248
2009-06-05,1.4177,0.8792,137.48,1.5191,1.7606,1.5657,10.925,8.97,2.2263
2009-06-08,1.3866,0.8709,136.53,1.5166,1.759,1.5548,10.8925,8.936,2.2337
2009-06-09,1.3959,0.8632,136.8,1.5158,1.7571,1.5402,10.7995,8.9135,2.2385
2009-06-10,1.4102,0.8583,138.03,1.5158,1.7387,1.55,10.7296,8.843,2.2257
2009-06-11,1.3969,0.8507,137.39,1.512,1.7209,1.5428,10.8025,8.914,2.1835
2009-06-12,1.4004,0.8538,137.55,1.5099,1.7255,1.5708,10.7555,8.8845,2.1893
2009-06-15,1.385,0.8472,136.08,1.511,1.7285,1.569,10.8345,8.9055,2.1953
2009-06-16,1.389,0.8437,134.78,1.507,1.7324,1.5612,10.8595,8.917,2.1809
2009-06-17,1.384,0.8522,133.28,1.5096,1.7528,1.5794,10.8932,8.918,2.2077
2009-06-18,1.392,0.8583,133.57,1.5013,1.7528,1.5758,10.966,8.8825,2.1923
2009-06-19,1.3932,0.84715,134.84,1.5102,1.7283,1.5708,10.9725,8.8995,2.1685
2009-06-22,1.3858,0.84255,133.02,1.5074,1.742,1.5871,11.0785,8.986,2.1844
2009-06-23,1.3978,0.85735,133.49,1.5031,1.7744,1.6101,11.1025,9.099,2.2046
2009-06-24,1.4029,0.8493,133.77,1.5183,1.7566,1.6105,11.026,9.009,2.1806
2009-06-25,1.394,0.8567,134.34,1.5311,1.7488,1.62,11.0718,9.076,2.187
2009-06-26,1.4096,0.8543,134.5,1.5275,1.7457,1.6168,10.9595,9.04,2.1795
2009-06-29,1.4058,0.84865,134.03,1.526,1.7451,1.6236,10.8658,9.034,2.1673
2009-06-30,1.4134,0.8521,135.51,1.5265,1.7359,1.6275,10.8125,9.018,2.1656
2009-07-01,1.4096,0.8562,136.53,1.5241,1.7485,1.6224,10.72,8.98,2.2017
2009-07-02,1.4049,0.8573,135.95,1.5235,1.7525,1.6201,10.84,8.9375,2.2168
2009-07-03,1.4009,0.85625,134.32,1.5228,1.7552,1.6203,10.9135,8.966,2.2119
2009-07-06,1.3897,0.8612,132.44,1.5198,1.7605,1.6193,10.9205,9.054,2.2175
2009-07-07,1.4019,0.8638,133.61,1.5181,1.7484,1.6223,10.965,9.0565,2.1996
2009-07-08,1.3901,0.86495,131.02,1.5162,1.7728,1.6206,11.06,9.077,2.2168
2009-07-09,1.399,0.8606,130.05,1.5119,1.7831,1.6182,10.9785,9.074,2.2194
2009-07-10,1.3901,0.858,128.21,1.514,1.794,1.6212,11.0022,9.084,2.225
2009-07-13,1.3975,0.8678,129.03,1.5133,1.801,1.6239,11.0518,9.07,2.2407
2009-07-14,1.3991,0.85755,130.34,1.5159,1.7689,1.6018,10.9725,9.0355,2.1988
2009-07-15,1.4089,0.8576,131.57,1.5179,1.7551,1.5813,10.9746,9.019,2.178
2009-07-16,1.413,0.8591,132.63,1.5154,1.7582,1.5787,11.0135,9.0015,2.1852
2009-07-17,1.409,0.8653,132.06,1.5193,1.7621,1.5734,11.0476,8.996,2.1884
2009-07-20,1.4217,0.8601,134.44,1.5198,1.751,1.5702,11.0023,9.0085,2.1714
2009-07-21,1.4223,0.8653,134.1,1.5186,1.7438,1.5689,10.8925,8.9515,2.1647
2009-07-22,1.4191,0.8648,132.49,1.5164,1.7455,1.5704,10.8073,8.92,2.1657
2009-07-23,1.4229,0.8617,134.23,1.5203,1.7376,1.5606,10.7567,8.925,2.1579
2009-07-24,1.4227,0.867,134.92,1.5217,1.7413,1.5407,10.5995,8.86,2.1663
2009-07-27,1.4269,0.8653,135.61,1.5237,1.7331,1.5433,10.5265,8.801,2.1697
2009-07-28,1.4229,0.8622,134.53,1.5224,1.7138,1.5378,10.585,8.766,2.1531
2009-07-29,1.4104,0.8611,133.86,1.5268,1.722,1.5335,10.5849,8.789,2.1457
2009-07-30,1.4053,0.8524,133.89,1.5314,1.7042,1.524,10.4515,8.749,2.1555
2009-07-31,1.4138,0.8556,135.33,1.5317,1.706,1.5234,10.3358,8.715,2.1578
2009-08-03,1.4303,0.8492,135.86,1.5246,1.702,1.5274,10.2983,8.68,2.1445
2009-08-04,1.4384,0.84845,136.22,1.5286,1.7116,1.5369,10.3043,8.704,2.1609
2009-08-05,1.441,0.84695,137.38,1.5316,1.708,1.5507,10.2683,8.6685,2.1347
2009-08-06,1.437,0.8524,137.31,1.529,1.7067,1.5416,10.2707,8.6635,2.1435
2009-08-07,1.4357,0.8567,136.89,1.5288,1.7161,1.554,10.3008,8.7515,2.1315
2009-08-10,1.4202,0.85355,138.01,1.5345,1.6895,1.5361,10.2129,8.694,2.0985
2009-08-11,1.4166,0.8584,136.72,1.5301,1.6965,1.5537,10.3486,8.8265,2.1126
2009-08-12,1.417,0.85965,135.77,1.5276,1.7201,1.5633,10.2656,8.7325,2.1294
2009-08-13,1.4293,0.85865,137.52,1.5328,1.6931,1.5451,10.196,8.608,2.1021
2009-08-14,1.4294,0.8616,135.61,1.5267,1.6939,1.5509,10.1835,8.6165,2.0785
2009-08-17,1.4072,0.8629,132.94,1.5212,1.7208,1.5621,10.288,8.7265,2.1155
2009-08-18,1.4101,0.8566,134.12,1.5207,1.7116,1.5606,10.2375,8.6735,2.0985
2009-08-19,1.4112,0.8608,132.55,1.5152,1.7239,1.5657,10.2585,8.67,2.1108
2009-08-20,1.4243,0.8638,134.11,1.5169,1.7124,1.56,10.1977,8.5955,2.1055
2009-08-21,1.433,0.8657,134.19,1.516,1.7197,1.5541,10.1432,8.555,2.1015
2009-08-24,1.4323,0.8682,135.57,1.5184,1.7032,1.5444,10.1046,8.5845,2.0865
2009-08-25,1.4324,0.87405,135.05,1.5171,1.7054,1.5411,10.0895,8.6095,2.0832
2009-08-26,1.427,0.878,134.32,1.5189,1.7163,1.557,10.1445,8.624,2.0879
2009-08-27,1.4268,0.8804,133.61,1.5234,1.7101,1.5598,10.1615,8.644,2.0902
2009-08-28,1.4364,0.8784,134.75,1.517,1.6995,1.5522,10.148,8.629,2.0908
2009-08-31,1.4272,0.88135,133.1,1.5168,1.7087,1.5793,10.2191,8.607,2.0973
2009-09-01,1.4314,0.8815,133.26,1.5153,1.7096,1.5672,10.22,8.612,2.0953
2009-09-02,1.422,0.8751,131.63,1.5167,1.7112,1.572,10.3186,8.68,2.1078
2009-09-03,1.4335,0.8747,132.47,1.5143,1.7037,1.5742,10.3138,8.62,2.1025
2009-09-04,1.4262,0.872,132.45,1.5157,1.6915,1.5581,10.2844,8.608,2.0851
2009-09-07,1.433,0.8735,133.33,1.5181,1.6748,1.5429,10.1955,8.585,2.0696
2009-09-08,1.4473,0.87365,133.57,1.5159,1.677,1.5483,10.1867,8.569,2.079
2009-09-09,1.4522,0.8793,134.13,1.5173,1.6836,1.569,10.2308,8.611,2.0819
2009-09-10,1.4545,0.87575,133.92,1.5151,1.6965,1.5791,10.2425,8.6635,2.0901
2009-09-11,1.4594,0.8739,132.62,1.5137,1.6908,1.5728,10.2128,8.634,2.066
2009-09-14,1.4561,0.879,132.3,1.5133,1.6963,1.5879,10.2627,8.6685,2.0818
2009-09-15,1.4611,0.8869,133.26,1.5162,1.7014,1.5869,10.2438,8.639,2.0883
2009-09-16,1.4671,0.8897,132.6,1.5196,1.6843,1.5696,10.1396,8.6065,2.0591
2009-09-17,1.4712,0.8905,134.38,1.5187,1.6863,1.5672,10.1134,8.6265,2.0708
2009-09-18,1.4705,0.9003,134.17,1.5146,1.6934,1.5752,10.1125,8.641,2.0708
2009-09-21,1.4658,0.9066,135.46,1.5182,1.7017,1.578,10.139,8.65,2.083
2009-09-22,1.478,0.9047,135.09,1.5149,1.6922,1.5787,10.094,8.628,2.0484
2009-09-23,1.4783,0.8994,134.96,1.5123,1.6906,1.5794,10.0778,8.564,2.0368
2009-09-24,1.4768,0.91065,133.85,1.5117,1.688,1.5843,10.1105,8.51,2.0391
2009-09-25,1.467,0.91875,132.59,1.5118,1.6952,1.6035,10.1538,8.502,2.0462
2009-09-28,1.465,0.92265,131.15,1.5114,1.6906,1.6027,10.2295,8.5275,2.0548
2009-09-29,1.4549,0.9118,130.91,1.5124,1.669,1.5861,10.233,8.515,2.0361
2009-09-30,1.4643,0.9093,131.07,1.5078,1.6596,1.5709,10.232,8.46,2.0287
2009-10-01,1.4539,0.91085,130.78,1.5165,1.6539,1.5601,10.189,8.4455,2.0141
2009-10-02,1.4537,0.9172,129.95,1.5107,1.6838,1.5856,10.249,8.447,2.0358
2009-10-05,1.4616,0.9171,131.41,1.5102,1.6713,1.5693,10.303,8.446,2.0255
2009-10-06,1.4722,0.92605,131.21,1.5118,1.6574,1.5648,10.257,8.385,2.0037
2009-10-07,1.4694,0.9249,130.68,1.515,1.6512,1.5546,10.361,8.364,2.0025
2009-10-08,1.4763,0.92,130.46,1.5166,1.6346,1.5619,10.3134,8.3533,1.9954
2009-10-09,1.475,0.92285,131.12,1.5187,1.6288,1.5398,10.2763,8.3025,2.0016
2009-10-12,1.4765,0.9333,132.99,1.5175,1.6289,1.5248,10.2978,8.3275,2.0106
2009-10-13,1.4864,0.9408,133.02,1.517,1.6341,1.5308,10.339,8.328,2.0118
2009-10-14,1.4881,0.93025,133.39,1.5166,1.6326,1.5311,10.3029,8.284,2.0212
2009-10-15,1.4864,0.9147,134.07,1.5132,1.6214,1.536,10.3355,8.335,2.0027
2009-10-16,1.4869,0.91175,135.6,1.518,1.6213,1.5458,10.3907,8.35,2.0138
2009-10-19,1.4918,0.9143,135.66,1.5138,1.6206,1.5445,10.3978,8.3525,2.0001
2009-10-20,1.4971,0.9117,135.53,1.5121,1.6121,1.5443,10.369,8.3225,1.9835
2009-10-21,1.4921,0.9001,135.82,1.5112,1.6175,1.5754,10.3155,8.328,1.9862
2009-10-22,1.5,0.9053,136.9,1.5105,1.6235,1.574,10.3234,8.327,1.9872
2009-10-23,1.502,0.9172,137.97,1.5132,1.6235,1.5807,10.2338,8.3275,1.9872
2009-10-26,1.5019,0.9194,138.09,1.5131,1.6253,1.5872,10.2,8.3255,1.9935
2009-10-27,1.4874,0.90775,136.91,1.5145,1.6199,1.5839,10.2595,8.385,1.9897
2009-10-28,1.4785,0.9057,134.76,1.5109,1.6327,1.5855,10.3912,8.4,2.0125
2009-10-29,1.4788,0.8975,135.13,1.5109,1.6276,1.5865,10.3359,8.3835,2.0305
2009-10-30,1.48,0.89375,134.66,1.5123,1.6274,1.5952,10.3845,8.3915,2.0346
2009-11-02,1.4772,0.9033,132.95,1.5093,1.6323,1.5958,10.3936,8.43,2.0512
2009-11-03,1.4658,0.8986,132.25,1.5121,1.635,1.5834,10.4635,8.5135,2.0521
2009-11-04,1.4761,0.8936,134.3,1.5113,1.6277,1.5682,10.4384,8.4415,2.0413
2009-11-05,1.4867,0.8953,134.3,1.5114,1.6362,1.5804,10.4402,8.4365,2.0606
2009-11-06,1.4862,0.896,134.76,1.5115,1.6235,1.5923,10.387,8.434,2.0552
2009-11-09,1.4984,0.89365,134.81,1.5103,1.6141,1.5923,10.3005,8.4195,2.0271
2009-11-10,1.4966,0.8986,134.51,1.5115,1.6145,1.5852,10.285,8.3835,2.0224
2009-11-11,1.5037,0.9029,135.11,1.5104,1.6133,1.5693,10.2233,8.36,2.0278
2009-11-12,1.4922,0.902,134.32,1.5106,1.6062,1.5702,10.248,8.3915,2.0287
2009-11-13,1.4868,0.89125,133.51,1.5098,1.6019,1.5655,10.2375,8.3645,2.0172
2009-11-16,1.4965,0.89485,134.02,1.5093,1.6004,1.5635,10.1943,8.337,2.0102
2009-11-17,1.4875,0.88625,132.76,1.5111,1.6023,1.5735,10.222,8.3475,1.994
2009-11-18,1.4957,0.8895,133.39,1.5112,1.6026,1.5657,10.212,8.352,1.9959
2009-11-19,1.4863,0.89385,132.05,1.5131,1.6193,1.5776,10.2855,8.392,2.0364
2009-11-20,1.4815,0.89915,131.87,1.5126,1.6299,1.5876,10.3543,8.425,2.053
2009-11-23,1.4968,0.90075,133.03,1.5108,1.6212,1.5846,10.2985,8.376,2.0436
2009-11-24,1.4969,0.9031,132.57,1.511,1.6254,1.5815,10.3145,8.3765,2.0541
2009-11-25,1.5083,0.9031,132.1,1.5095,1.6236,1.5787,10.357,8.416,2.0652
2009-11-26,1.5071,0.911,130.7,1.5098,1.6436,1.5882,10.4548,8.5,2.0987
2009-11-27,1.4918,0.9091,129.2,1.5064,1.6507,1.5992,10.4323,8.492,2.1087
2009-11-30,1.5023,0.91155,129.77,1.5071,1.6452,1.5882,10.4533,8.5125,2.1019
2009-12-01,1.5074,0.90985,131.02,1.5079,1.6355,1.5761,10.4185,8.4805,2.0769
2009-12-02,1.509,0.9043,131.55,1.5072,1.6262,1.5766,10.3413,8.421,2.0742
2009-12-03,1.512,0.90915,133.17,1.5083,1.6276,1.5873,10.3159,8.439,2.0881
2009-12-04,1.5068,0.9048,133.08,1.5063,1.6259,1.5778,10.3716,8.49,2.0776
2009-12-07,1.4787,0.90505,133.24,1.5123,1.6271,1.5664,10.4306,8.4675,2.0828
2009-12-08,1.4774,0.907,130.74,1.5111,1.6247,1.5595,10.4841,8.4915,2.0785
2009-12-09,1.4768,0.9046,129.91,1.5114,1.6222,1.5643,10.4995,8.465,2.0709
2009-12-10,1.473,0.9043,130.03,1.5113,1.6074,1.5472,10.4367,8.4355,2.0236
2009-12-11,1.4757,0.90515,131.13,1.5125,1.6076,1.5481,10.449,8.4435,2.0274
2009-12-14,1.4647,0.9006,129.55,1.5122,1.6071,1.5584,10.4225,8.4685,2.0197
2009-12-15,1.4541,0.896,130.22,1.5123,1.6048,1.5459,10.4635,8.4735,2.0183
2009-12-16,1.456,0.88945,130.61,1.5126,1.6179,1.5432,10.4208,8.3695,2.0221
2009-12-17,1.4343,0.88995,129.27,1.5053,1.6195,1.5389,10.438,8.405,2.0194
2009-12-18,1.4337,0.887,129.68,1.4958,1.6156,1.5295,10.458,8.3955,2.0227
2009-12-21,1.4368,0.8918,130.1,1.4938,1.6211,1.5165,10.4035,8.352,2.0237
2009-12-22,1.4279,0.89305,130.83,1.4987,1.6259,1.5109,10.4295,8.365,2.0294
2009-12-23,1.4276,0.8947,130.95,1.4895,1.627,1.4983,10.4511,8.3525,2.0345
2009-12-24,1.4398,0.9008,131.73,1.4882,1.6294,1.5052,10.4543,8.3365,2.0391
2009-12-28,1.4405,0.90143,131.86,1.4888,1.6222,1.5069,10.3965,8.344,2.0312
2009-12-29,1.4433,0.9027,132.44,1.4882,1.6069,1.4999,10.355,8.3285,2.0057
2009-12-30,1.4338,0.904,132.35,1.4878,1.6036,1.5039,10.2953,8.322,1.9969
2009-12-31,1.4406,0.8881,133.16,1.4836,1.6008,1.5128,10.252,8.3,1.9803
2010-01-04,1.4389,0.8914,133.62,1.4873,1.5885,1.4953,10.193,8.229,1.9764
2010-01-05,1.4442,0.90045,132.54,1.4856,1.5769,1.4952,10.212,8.212,1.9608
2010-01-06,1.435,0.8986,132.69,1.4823,1.5677,1.492,10.187,8.188,1.957
2010-01-07,1.4304,0.8996,133.5,1.4832,1.5611,1.4789,10.212,8.198,1.9536
2010-01-08,1.4273,0.8934,133.36,1.4815,1.561,1.4781,10.2255,8.1695,1.9566
2010-01-11,1.4528,0.8989,134.23,1.4755,1.5593,1.4928,10.1995,8.1395,1.9594
2010-01-12,1.4481,0.8972,132.41,1.4743,1.5668,1.4959,10.2215,8.1825,1.9573
2010-01-13,1.4563,0.8946,133.02,1.4788,1.5729,1.5065,10.1978,8.1785,1.9632
2010-01-14,1.4486,0.8905,132.88,1.4804,1.5591,1.4942,10.1715,8.164,1.9531
2010-01-15,1.4374,0.88105,130.76,1.4756,1.5547,1.4752,10.143,8.143,1.9497
2010-01-18,1.4369,0.8795,130.33,1.4745,1.5511,1.4741,10.1295,8.1435,1.9456
2010-01-19,1.4279,0.8743,129.79,1.476,1.5541,1.4723,10.1518,8.1485,1.944
2010-01-20,1.4132,0.8692,128.65,1.4763,1.5468,1.4771,10.1165,8.1335,1.9587
2010-01-21,1.4064,0.87,129.14,1.4723,1.5463,1.474,10.1375,8.1455,1.959
2010-01-22,1.4135,0.8763,127.35,1.4708,1.5659,1.4891,10.2136,8.1955,1.9892
2010-01-25,1.4151,0.8773,127.74,1.4728,1.5635,1.4996,10.2075,8.202,1.9829
2010-01-26,1.4085,0.8733,126.31,1.4723,1.5693,1.4965,10.2723,8.2505,1.9932
2010-01-27,1.4072,0.86725,125.95,1.4721,1.5656,1.4973,10.2446,8.2195,1.9866
2010-01-28,1.3999,0.8616,126.36,1.4725,1.5537,1.4824,10.2021,8.179,1.9695
2010-01-29,1.3966,0.86655,126.15,1.4662,1.5639,1.4924,10.2388,8.212,1.9771
2010-02-01,1.3913,0.87485,125.6,1.4725,1.5748,1.4868,10.1417,8.1965,1.9774
2010-02-02,1.3937,0.87375,126.2,1.4733,1.5815,1.4768,10.1229,8.1435,1.9706
2010-02-03,1.3984,0.8762,126.73,1.4738,1.5759,1.4832,10.106,8.166,1.966
2010-02-04,1.3847,0.8731,125.68,1.469,1.5726,1.4701,10.133,8.169,1.9879
2010-02-05,1.3691,0.87325,122.49,1.4682,1.5822,1.4698,10.2405,8.2195,1.9862
2010-02-08,1.3675,0.8761,122.07,1.4659,1.5765,1.464,10.1616,8.1705,1.9914
2010-02-09,1.376,0.8804,123.4,1.4672,1.5729,1.468,10.1217,8.152,1.9877
2010-02-10,1.374,0.8798,123.01,1.4658,1.57,1.4667,10.0335,8.111,1.9827
2010-02-11,1.3718,0.8775,123.03,1.4663,1.5446,1.4502,9.9598,8.0975,1.9633
2010-02-12,1.3572,0.8691,122.33,1.465,1.5366,1.4269,9.9144,8.063,1.956
2010-02-15,1.3607,0.8676,122.42,1.4661,1.5304,1.4253,9.8805,8.053,1.951
2010-02-16,1.3649,0.8705,122.68,1.4678,1.5229,1.4264,9.877,8.052,1.9419
2010-02-17,1.3726,0.869,124.69,1.4679,1.5191,1.4306,9.8183,8.006,1.9398
2010-02-18,1.3567,0.8704,123.3,1.4651,1.5115,1.4177,9.7913,8.068,1.9358
2010-02-19,1.3519,0.8783,124.17,1.4658,1.5171,1.4215,9.846,8.1055,1.9477
2010-02-22,1.3626,0.8797,124.38,1.4649,1.5113,1.4133,9.809,8.035,1.9382
2010-02-23,1.3577,0.8802,123.19,1.4667,1.507,1.4172,9.7913,8.021,1.9383
2010-02-24,1.3547,0.8775,122.16,1.4641,1.5191,1.4306,9.785,8.029,1.9588
2010-02-25,1.3489,0.8809,120.66,1.4633,1.5186,1.4278,9.7496,8.0405,1.9539
2010-02-26,1.357,0.8927,120.92,1.4638,1.524,1.4354,9.726,8.0435,1.9549
2010-03-01,1.3525,0.9067,120.67,1.4644,1.5105,1.4266,9.7649,8.057,1.9442
2010-03-02,1.3548,0.90635,120.68,1.4628,1.4994,1.4029,9.7316,8.0485,1.9442
2010-03-03,1.3641,0.9057,121.1,1.4629,1.5116,1.4097,9.7945,8.0745,1.9767
2010-03-04,1.3668,0.905,120.86,1.4632,1.5149,1.4071,9.743,8.0505,1.9826
2010-03-05,1.3582,0.9025,121.48,1.4632,1.5043,1.4011,9.7178,8.049,1.9708
2010-03-08,1.3662,0.9024,123.48,1.4628,1.497,1.4023,9.6794,8.049,1.9457
2010-03-09,1.3557,0.9064,121.72,1.4626,1.4938,1.3962,9.728,8.041,1.9432
2010-03-10,1.361,0.9114,123.16,1.4618,1.4855,1.3969,9.718,8.0125,1.9262
2010-03-11,1.3657,0.9086,123.84,1.4622,1.4916,1.4027,9.7285,8.0115,1.9491
2010-03-12,1.3765,0.9083,124.57,1.4597,1.4991,1.4013,9.7288,8.033,1.9578
2010-03-15,1.3705,0.9105,124.3,1.4527,1.5022,1.3972,9.7143,8.0155,1.9567
2010-03-16,1.3723,0.9069,124.22,1.4516,1.5005,1.3944,9.7242,8.0145,1.9477
2010-03-17,1.3756,0.8962,124.43,1.4511,1.4898,1.3902,9.7403,8.01,1.9226
2010-03-18,1.366,0.894,123.33,1.4474,1.4821,1.3801,9.7243,7.999,1.9066
2010-03-19,1.3548,0.8945,122.86,1.4374,1.4727,1.3666,9.6775,7.973,1.9045
2010-03-22,1.3471,0.899,121.25,1.4348,1.4815,1.3788,9.7585,8.0445,1.9205
2010-03-23,1.3519,0.9005,122.16,1.4321,1.4742,1.3777,9.7285,8.042,1.9174
2010-03-24,1.3338,0.8946,122.62,1.4282,1.4655,1.3651,9.6922,8.028,1.903
2010-03-25,1.3356,0.8944,123.44,1.428,1.4619,1.359,9.665,8.077,1.8817
2010-03-26,1.3353,0.9004,124.0,1.4286,1.4778,1.3721,9.7083,8.098,1.8975
2010-03-29,1.3471,0.8994,124.75,1.4329,1.4734,1.375,9.776,8.067,1.8991
2010-03-30,1.3482,0.8933,124.8,1.4316,1.465,1.3731,9.7803,8.041,1.8925
2010-03-31,1.3479,0.8898,125.93,1.4276,1.4741,1.3687,9.7135,8.0135,1.9024
2010-04-01,1.3468,0.88485,126.28,1.4179,1.4685,1.3622,9.7288,8.0168,1.9129
2010-04-06,1.3396,0.8824,126.04,1.4325,1.4521,1.3408,9.663,8.0124,1.9195
2010-04-07,1.334,0.87885,125.04,1.4321,1.441,1.3363,9.6755,7.965,1.8915
2010-04-08,1.3296,0.875,123.76,1.4324,1.4394,1.3407,9.6785,7.9505,1.8935
2010-04-09,1.3384,0.872,125.34,1.4364,1.4378,1.3466,9.6941,7.9365,1.8798
2010-04-12,1.3585,0.8825,126.99,1.4393,1.4635,1.3688,9.746,8.0085,1.9073
2010-04-13,1.3583,0.8812,126.34,1.437,1.4646,1.363,9.7575,7.994,1.906
2010-04-14,1.3615,0.8814,127.42,1.4368,1.4583,1.3571,9.7327,7.9955,1.9089
2010-04-15,1.3544,0.87735,126.18,1.4343,1.4513,1.3536,9.7069,7.952,1.8972
2010-04-16,1.3535,0.8771,125.3,1.4338,1.4519,1.3567,9.687,7.955,1.8973
2010-04-19,1.3432,0.8805,123.5,1.4345,1.4625,1.368,9.698,7.983,1.8965
2010-04-20,1.3486,0.8765,125.32,1.4334,1.4478,1.3665,9.645,7.9475,1.8961
2010-04-21,1.3373,0.869,124.65,1.4329,1.4387,1.3335,9.5954,7.8955,1.8811
2010-04-22,1.3339,0.86675,124.03,1.4325,1.439,1.3341,9.6152,7.8995,1.8759
2010-04-23,1.3311,0.8673,125.11,1.4355,1.4464,1.3337,9.591,7.8765,1.8702
2010-04-26,1.3321,0.8624,125.46,1.4341,1.4336,1.331,9.568,7.8505,1.8417
2010-04-27,1.329,0.86705,124.7,1.4353,1.4395,1.334,9.577,7.844,1.8454
2010-04-28,1.3245,0.8708,124.48,1.4341,1.4343,1.3402,9.6258,7.875,1.8475
2010-04-29,1.3256,0.86785,124.76,1.4348,1.4272,1.3292,9.6267,7.843,1.8339
2010-04-30,1.3315,0.8703,125.81,1.4341,1.4292,1.3379,9.6217,7.8445,1.8254
2010-05-03,1.3238,0.868,124.95,1.4328,1.4289,1.3422,9.6095,7.8395,1.814
2010-05-04,1.3089,0.86325,123.66,1.4325,1.4293,1.3329,9.5896,7.8235,1.8045
2010-05-05,1.2924,0.8551,122.66,1.4325,1.425,1.328,9.6419,7.8165,1.8014
2010-05-06,1.2727,0.84295,119.34,1.4132,1.4075,1.3142,9.712,7.7855,1.7544
2010-05-07,1.2746,0.86805,117.84,1.4144,1.4345,1.3229,9.7633,7.954,1.7867
2010-05-10,1.2969,0.86405,120.97,1.4248,1.4311,1.3249,9.6861,7.8685,1.7848
2010-05-11,1.2698,0.8596,117.38,1.4095,1.42,1.3031,9.6563,7.841,1.7725
2010-05-12,1.2686,0.8494,118.06,1.4062,1.4143,1.289,9.5781,7.7865,1.7648
2010-05-13,1.2587,0.853,116.99,1.4011,1.4006,1.278,9.5306,7.7475,1.754
2010-05-14,1.2492,0.8571,115.55,1.402,1.4015,1.2832,9.5745,7.726,1.7572
2010-05-17,1.2349,0.8554,114.17,1.4014,1.4043,1.2792,9.6035,7.722,1.7619
2010-05-18,1.2428,0.85895,115.32,1.4028,1.4178,1.276,9.5545,7.728,1.7707
2010-05-19,1.227,0.85805,112.49,1.4043,1.4476,1.2837,9.6075,7.802,1.8111
2010-05-20,1.2334,0.8644,111.93,1.4179,1.492,1.312,9.7388,8.045,1.8412
2010-05-21,1.2497,0.87035,112.08,1.4408,1.5135,1.3407,9.831,8.143,1.8655
2010-05-24,1.236,0.8608,111.63,1.4339,1.4928,1.3095,9.796,8.0848,1.8429
2010-05-25,1.2223,0.85205,109.53,1.4244,1.5047,1.3204,9.8275,8.127,1.8474
2010-05-26,1.2309,0.8547,111.35,1.4206,1.478,1.309,9.699,7.9775,1.8321
2010-05-27,1.2255,0.84625,110.79,1.4164,1.462,1.2919,9.666,7.986,1.8252
2010-05-28,1.2384,0.84995,113.06,1.4258,1.4534,1.2954,9.658,7.9615,1.8165
2010-05-31,1.2307,0.84863,112.62,1.423,1.4576,1.2894,9.623,7.939,1.812
2010-06-01,1.2155,0.8347,110.65,1.4183,1.4595,1.2766,9.6163,7.942,1.8056
2010-06-02,1.2218,0.83345,112.36,1.4148,1.4641,1.2848,9.5668,7.922,1.8058
2010-06-03,1.2268,0.8357,113.74,1.4149,1.4469,1.2734,9.521,7.866,1.7896
2010-06-04,1.206,0.82745,111.73,1.3951,1.4364,1.2595,9.5495,7.851,1.7737
2010-06-07,1.1959,0.8246,109.86,1.3911,1.4607,1.2672,9.6449,7.937,1.7917
2010-06-08,1.1942,0.82805,109.32,1.3793,1.4579,1.2576,9.6597,7.982,1.8039
2010-06-09,1.201,0.8259,109.99,1.3762,1.4476,1.2529,9.6177,7.9535,1.7951
2010-06-10,1.2045,0.8252,109.84,1.3788,1.431,1.2486,9.5775,7.865,1.7686
2010-06-11,1.2127,0.8293,111.13,1.3893,1.4301,1.2501,9.581,7.835,1.7621
2010-06-14,1.2249,0.8308,112.43,1.391,1.4219,1.2583,9.567,7.8175,1.7588
2010-06-15,1.2258,0.832,111.77,1.3998,1.4301,1.2629,9.6215,7.8515,1.7668
2010-06-16,1.2277,0.83085,112.15,1.3888,1.4261,1.2631,9.6014,7.878,1.7651
2010-06-17,1.2363,0.8349,112.89,1.3778,1.4281,1.2668,9.574,7.8705,1.7627
2010-06-18,1.2372,0.8357,112.12,1.3745,1.4249,1.2723,9.5599,7.8615,1.7588
2010-06-21,1.2391,0.8341,113.1,1.3738,1.4032,1.2601,9.5178,7.8575,1.7349
2010-06-22,1.2258,0.834,111.09,1.3622,1.4012,1.2533,9.558,7.933,1.7364
2010-06-23,1.2271,0.8229,110.76,1.3611,1.4062,1.268,9.512,7.929,1.7276
2010-06-24,1.2262,0.8185,109.59,1.3555,1.4179,1.281,9.5741,7.978,1.7425
2010-06-25,1.2294,0.8236,109.99,1.3533,1.4219,1.2799,9.561,7.9885,1.7422
2010-06-28,1.2339,0.82,110.25,1.3387,1.4119,1.2757,9.5584,7.937,1.7407
2010-06-29,1.2198,0.8104,108.31,1.3258,1.425,1.2812,9.5241,7.9085,1.7579
2010-06-30,1.2271,0.81745,108.79,1.3283,1.4403,1.289,9.5259,7.9725,1.7761
2010-07-01,1.2328,0.82215,108.14,1.3178,1.4753,1.3124,9.6018,8.045,1.8062
2010-07-02,1.2548,0.8252,109.88,1.3376,1.4864,1.334,9.552,8.063,1.8056
2010-07-05,1.2531,0.8275,109.93,1.3325,1.4916,1.3343,9.5995,8.059,1.8181
2010-07-06,1.2579,0.8295,110.46,1.3373,1.4788,1.3339,9.625,8.0685,1.8112
2010-07-07,1.2567,0.8319,109.56,1.3312,1.4821,1.3311,9.616,8.101,1.816
2010-07-08,1.266,0.8356,111.49,1.3321,1.4471,1.3213,9.5474,8.066,1.7893
2010-07-09,1.2637,0.836,111.85,1.3331,1.4452,1.3072,9.4767,8.042,1.7854
2010-07-12,1.2572,0.8363,111.35,1.3349,1.4398,1.2986,9.456,8.016,1.7727
2010-07-13,1.2569,0.8318,110.95,1.3337,1.4336,1.2978,9.4033,7.957,1.7641
2010-07-14,1.2703,0.8343,112.49,1.3428,1.4405,1.3157,9.4118,7.926,1.7697
2010-07-15,1.2828,0.83565,113.11,1.342,1.4504,1.3201,9.4162,7.9265,1.7703
2010-07-16,1.3,0.84535,112.54,1.3543,1.4812,1.3586,9.481,8.053,1.8146
2010-07-19,1.2957,0.8483,112.84,1.364,1.4943,1.3667,9.5312,8.142,1.8358
2010-07-20,1.2844,0.84745,111.5,1.3537,1.4718,1.3583,9.5007,8.129,1.8122
2010-07-21,1.2817,0.83945,111.52,1.344,1.4487,1.3284,9.4595,8.0135,1.7831
2010-07-22,1.285,0.8428,111.57,1.3418,1.4476,1.3388,9.4495,7.975,1.7835
2010-07-23,1.2897,0.8372,112.48,1.3488,1.4427,1.3386,9.441,7.966,1.7741
2010-07-26,1.2931,0.83425,112.31,1.3574,1.4425,1.3395,9.4862,8.002,1.7756
2010-07-27,1.3033,0.8382,113.79,1.3775,1.4402,1.3382,9.4615,7.9995,1.7662
2010-07-28,1.2992,0.83395,114.01,1.376,1.4518,1.3391,9.4795,7.981,1.7801
2010-07-29,1.3069,0.8367,113.64,1.366,1.45,1.3504,9.4705,7.9705,1.7996
2010-07-30,1.3028,0.8349,112.62,1.3541,1.4466,1.3454,9.4333,7.9405,1.8013
2010-08-02,1.3073,0.826,113.27,1.366,1.4348,1.3372,9.357,7.8595,1.784
2010-08-03,1.3221,0.8298,113.51,1.3712,1.4509,1.3543,9.365,7.8815,1.803
2010-08-04,1.3206,0.8284,112.92,1.373,1.4464,1.3508,9.3843,7.887,1.8025
2010-08-05,1.3184,0.8293,113.66,1.382,1.4429,1.3358,9.3823,7.8765,1.8149
2010-08-06,1.3176,0.8301,113.14,1.383,1.4356,1.3467,9.38,7.8775,1.8031
2010-08-09,1.3253,0.8304,113.48,1.3771,1.4423,1.3633,9.394,7.8975,1.817
2010-08-10,1.3133,0.8352,113.23,1.3895,1.4468,1.3595,9.4029,7.898,1.8288
2010-08-11,1.3016,0.8278,110.56,1.3695,1.4401,1.3504,9.479,7.9665,1.8074
2010-08-12,1.279,0.8206,109.5,1.3492,1.4321,1.3398,9.478,7.9645,1.806
2010-08-13,1.2799,0.8212,109.78,1.3488,1.428,1.3329,9.5021,7.926,1.805
2010-08-16,1.282,0.8211,109.49,1.335,1.4379,1.3366,9.4943,7.954,1.8235
2010-08-17,1.286,0.823,109.66,1.3411,1.4251,1.3341,9.433,7.9065,1.8122
2010-08-18,1.288,0.8233,109.93,1.3423,1.4271,1.3236,9.4453,7.93,1.794
2010-08-19,1.2836,0.82055,109.82,1.3331,1.4258,1.318,9.4389,7.8945,1.8047
2010-08-20,1.2711,0.8191,108.54,1.3151,1.4314,1.3326,9.4761,7.964,1.8076
2010-08-23,1.2704,0.8169,108.23,1.316,1.4181,1.3292,9.394,7.903,1.7897
2010-08-24,1.2611,0.8193,106.19,1.3156,1.4301,1.3409,9.4165,7.941,1.7982
2010-08-25,1.2613,0.8185,106.49,1.2994,1.4349,1.3449,9.471,8.0165,1.8101
2010-08-26,1.2693,0.81745,107.15,1.3027,1.4318,1.3425,9.4297,8.004,1.806
2010-08-27,1.2713,0.8206,107.74,1.3004,1.4322,1.3487,9.3745,7.9785,1.802
2010-08-30,1.27,0.8165,107.54,1.3055,1.4161,1.3333,9.3872,7.965,1.7903
2010-08-31,1.268,0.8248,107.07,1.2935,1.4304,1.3489,9.389,8.0245,1.8187
2010-09-01,1.28,0.83105,107.54,1.2967,1.4141,1.356,9.349,7.9425,1.8112
2010-09-02,1.2818,0.83275,107.81,1.2953,1.4099,1.3451,9.3185,7.901,1.7898
2010-09-03,1.2834,0.8332,108.38,1.3043,1.4094,1.3561,9.3131,7.889,1.79
2010-09-06,1.2874,0.83825,108.42,1.307,1.4032,1.332,9.3013,7.88,1.7783
2010-09-07,1.2744,0.8316,106.86,1.2903,1.3982,1.3286,9.3185,7.891,1.7663
2010-09-08,1.2697,0.82205,106.41,1.2837,1.3845,1.331,9.271,7.881,1.7626
2010-09-09,1.2715,0.8258,106.46,1.2859,1.375,1.3131,9.2488,7.8725,1.7516
2010-09-10,1.2725,0.8234,106.84,1.302,1.3739,1.3118,9.2019,7.876,1.7446
2010-09-13,1.2801,0.8312,107.69,1.2991,1.3732,1.3185,9.184,7.852,1.749
2010-09-14,1.285,0.8343,107.04,1.2911,1.3758,1.3199,9.226,7.878,1.7615
2010-09-15,1.2989,0.8355,111.04,1.3019,1.3863,1.3335,9.195,7.897,1.7753
2010-09-16,1.3078,0.8372,111.93,1.3225,1.3958,1.3423,9.218,7.9555,1.8057
2010-09-17,1.306,0.83575,111.98,1.321,1.3886,1.341,9.2295,7.965,1.794
2010-09-20,1.3074,0.8383,112.07,1.316,1.3826,1.3487,9.178,7.954,1.7937
2010-09-21,1.312,0.84545,112.05,1.3156,1.3852,1.3536,9.1459,7.9295,1.7985
2010-09-22,1.3364,0.8553,113.14,1.3217,1.3983,1.3678,9.1276,7.8965,1.8122
2010-09-23,1.3323,0.8505,112.49,1.3138,1.4058,1.3795,9.2054,7.9195,1.8313
2010-09-24,1.3412,0.85345,113.2,1.3163,1.4047,1.3801,9.207,7.9475,1.8351
2010-09-27,1.3477,0.8504,113.52,1.3257,1.4026,1.3795,9.171,7.9145,1.8344
2010-09-28,1.346,0.84985,113.22,1.3272,1.4012,1.3897,9.224,7.967,1.8337
2010-09-29,1.3611,0.8618,113.85,1.3295,1.3999,1.3978,9.1545,7.967,1.8388
2010-09-30,1.3648,0.85995,113.68,1.3287,1.407,1.4073,9.1421,7.968,1.8436
2010-10-01,1.3726,0.8676,114.26,1.3423,1.4114,1.4085,9.2183,8.04,1.855
2010-10-04,1.3705,0.8656,114.1,1.3327,1.4153,1.3998,9.2398,8.03,1.8456
2010-10-05,1.378,0.8667,114.8,1.3348,1.4338,1.407,9.2626,8.041,1.8515
2010-10-06,1.3856,0.8726,114.98,1.3361,1.4221,1.4018,9.2993,8.034,1.8423
2010-10-07,1.397,0.87465,115.1,1.3415,1.4132,1.412,9.3208,8.083,1.8445
2010-10-08,1.3874,0.8751,114.21,1.342,1.4252,1.4168,9.317,8.1,1.8598
2010-10-11,1.3936,0.8746,114.24,1.3412,1.4153,1.41,9.2715,8.1235,1.8523
2010-10-12,1.3833,0.8736,113.35,1.3298,1.4076,1.4023,9.246,8.124,1.8334
2010-10-13,1.3958,0.8812,114.23,1.3352,1.4128,1.3999,9.2662,8.135,1.8407
2010-10-14,1.4101,0.8792,114.43,1.3386,1.4145,1.4088,9.234,8.0695,1.8538
2010-10-15,1.4089,0.8775,114.28,1.3423,1.4142,1.4165,9.223,8.0925,1.8565
2010-10-18,1.3896,0.8747,113.0,1.3359,1.4087,1.4192,9.2871,8.15,1.8442
2010-10-19,1.3859,0.8806,113.16,1.3405,1.4159,1.4217,9.335,8.169,1.8491
2010-10-20,1.3861,0.882,112.59,1.3355,1.4151,1.426,9.3115,8.1585,1.8489
2010-10-21,1.4016,0.8902,113.65,1.3493,1.4208,1.43,9.2675,8.1385,1.8637
2010-10-22,1.3934,0.8873,113.18,1.3533,1.4198,1.4299,9.2565,8.143,1.8636
2010-10-25,1.4031,0.89255,113.21,1.3618,1.4107,1.4291,9.199,8.0935,1.8623
2010-10-26,1.3912,0.87685,113.11,1.3558,1.4108,1.4245,9.3028,8.12,1.8549
2010-10-27,1.3803,0.87235,112.78,1.3639,1.4194,1.421,9.3317,8.145,1.85
2010-10-28,1.3857,0.8704,112.57,1.3668,1.4158,1.4195,9.3164,8.15,1.8459
2010-10-29,1.3857,0.8686,111.87,1.3708,1.4216,1.415,9.361,8.192,1.828
2010-11-01,1.3926,0.86675,111.94,1.3756,1.4094,1.416,9.2765,8.1455,1.813
2010-11-02,1.4018,0.8749,113.18,1.3766,1.4021,1.4168,9.323,8.203,1.8154
2010-11-03,1.4014,0.8703,113.67,1.3761,1.4058,1.4136,9.324,8.208,1.8093
2010-11-04,1.4244,0.87585,115.15,1.3782,1.4056,1.4269,9.255,8.148,1.7889
2010-11-05,1.4084,0.8679,114.41,1.3546,1.3865,1.41,9.291,8.119,1.7747
2010-11-08,1.3917,0.8627,112.88,1.3435,1.377,1.396,9.294,8.085,1.768
2010-11-09,1.3945,0.86235,112.44,1.342,1.3726,1.3931,9.3083,8.077,1.7681
2010-11-10,1.377,0.85685,113.48,1.3402,1.3766,1.3832,9.2975,8.076,1.768
2010-11-11,1.37,0.8491,112.78,1.3282,1.3682,1.3742,9.3102,8.091,1.7495
2010-11-12,1.3711,0.8507,112.59,1.3357,1.3835,1.3851,9.3582,8.133,1.7653
2010-11-15,1.3626,0.8479,113.31,1.3428,1.3822,1.3749,9.369,8.1355,1.7601
2010-11-16,1.3612,0.851,113.21,1.3408,1.3874,1.3817,9.3753,8.167,1.7655
2010-11-17,1.3481,0.84895,112.5,1.3426,1.3801,1.3778,9.398,8.185,1.7569
2010-11-18,1.3647,0.8522,113.72,1.3475,1.3812,1.3895,9.3573,8.162,1.7577
2010-11-19,1.3674,0.8552,114.09,1.3607,1.3903,1.3957,9.3945,8.2,1.762
2010-11-22,1.3647,0.8549,113.97,1.3505,1.3817,1.3865,9.3855,8.207,1.7669
2010-11-23,1.3496,0.84795,112.5,1.3338,1.3789,1.3799,9.3865,8.207,1.7626
2010-11-24,1.3339,0.8438,111.28,1.3276,1.3632,1.3556,9.2923,8.1445,1.7546
2010-11-25,1.3321,0.84645,111.35,1.3326,1.3595,1.3454,9.2705,8.1275,1.7547
2010-11-26,1.3225,0.8447,110.92,1.3252,1.3715,1.3523,9.307,8.177,1.7653
2010-11-29,1.3146,0.844,110.73,1.3186,1.3662,1.3429,9.2205,8.1285,1.764
2010-11-30,1.2998,0.83765,109.0,1.299,1.3595,1.3306,9.1715,8.091,1.7557
2010-12-01,1.3115,0.8393,110.37,1.3178,1.3615,1.336,9.154,8.06,1.7589
2010-12-02,1.3155,0.8445,110.97,1.316,1.3614,1.3291,9.1531,8.06,1.7553
2010-12-03,1.3246,0.848,110.86,1.3143,1.3508,1.3269,9.1265,8.005,1.7519
2010-12-06,1.328,0.8472,110.06,1.3084,1.3454,1.3366,9.1115,7.9785,1.7469
2010-12-07,1.3363,0.8467,110.43,1.3062,1.3419,1.3386,9.098,7.966,1.745
2010-12-08,1.32,0.8367,111.08,1.306,1.348,1.3361,9.1484,7.9625,1.763
2010-12-09,1.3214,0.8382,111.02,1.306,1.3432,1.3354,9.131,7.955,1.771
2010-12-10,1.3244,0.83715,110.8,1.2998,1.3399,1.3371,9.1077,7.9375,1.7628
2010-12-13,1.3267,0.84375,111.55,1.2987,1.339,1.3359,9.1464,7.9265,1.763
2010-12-14,1.3435,0.84865,111.63,1.2916,1.3433,1.3531,9.1284,7.896,1.7788
2010-12-15,1.336,0.8529,111.88,1.2826,1.3436,1.344,9.0798,7.866,1.7861
2010-12-16,1.3238,0.84795,111.28,1.2849,1.3373,1.3297,9.0381,7.895,1.7921
2010-12-17,1.326,0.85185,111.26,1.2738,1.3428,1.3358,9.0223,7.8925,1.7976
2010-12-20,1.3147,0.8462,110.1,1.2698,1.3232,1.3316,8.986,7.8605,1.7718
2010-12-21,1.3155,0.8503,110.0,1.2613,1.3183,1.341,8.9795,7.862,1.7666
2010-12-22,1.3112,0.8492,109.68,1.2502,1.3143,1.3322,8.9812,7.8715,1.765
2010-12-23,1.3064,0.8482,108.95,1.2553,1.3049,1.3273,8.963,7.837,1.7531
2010-12-24,1.3099,0.8496,108.63,1.2618,1.3052,1.3236,8.9885,7.826,1.7508
2010-12-27,1.3136,0.8523,108.89,1.2626,1.3113,1.324,8.9771,7.835,1.7569
2010-12-28,1.3195,0.85345,108.2,1.2513,1.3038,1.3221,8.9968,7.8255,1.745
2010-12-29,1.3136,0.8539,107.99,1.2483,1.2975,1.3155,8.9885,7.809,1.7272
2010-12-30,1.328,0.8602,108.24,1.2475,1.3079,1.3275,9.0133,7.819,1.7207
2010-12-31,1.3362,0.86075,108.65,1.2504,1.3136,1.3322,8.9655,7.8,1.72
2011-01-03,1.3348,0.86131,108.7,1.2465,1.3085,1.3232,8.937,7.78,1.7183
2011-01-04,1.3421,0.85875,110.2,1.2669,1.3298,1.333,8.9545,7.809,1.7483
2011-01-05,1.3213,0.8483,108.72,1.2617,1.3215,1.3218,8.9295,7.7895,1.7281
2011-01-06,1.3091,0.8445,108.92,1.2677,1.3138,1.3011,8.921,7.7475,1.7269
2011-01-07,1.2961,0.8383,108.29,1.2512,1.306,1.2867,8.9378,7.726,1.7112
2011-01-10,1.2903,0.8318,107.17,1.2459,1.3037,1.285,8.9205,7.7085,1.7011
2011-01-11,1.2948,0.8319,107.61,1.2538,1.3134,1.2839,8.874,7.726,1.7064
2011-01-12,1.2973,0.83155,108.17,1.2622,1.3098,1.2784,8.8435,7.706,1.7113
2011-01-13,1.3199,0.83575,109.5,1.2823,1.3203,1.3052,8.9005,7.797,1.7153
2011-01-14,1.3349,0.8422,110.71,1.2915,1.3528,1.33,8.9765,7.85,1.7396
2011-01-17,1.3311,0.8361,109.91,1.2854,1.3371,1.3139,8.916,7.786,1.7189
2011-01-18,1.3371,0.83565,110.29,1.2812,1.3416,1.3182,8.9203,7.82,1.7326
2011-01-19,1.3506,0.8433,110.85,1.2964,1.3425,1.3388,8.9325,7.826,1.7377
2011-01-20,1.3472,0.8436,110.93,1.2873,1.3583,1.3463,8.949,7.8745,1.7684
2011-01-21,1.3521,0.84825,111.87,1.3013,1.3666,1.3475,8.959,7.892,1.7844
2011-01-24,1.3571,0.8516,112.46,1.2989,1.369,1.3498,8.953,7.883,1.7871
2011-01-25,1.3596,0.862,112.08,1.2871,1.3724,1.3595,8.9074,7.848,1.781
2011-01-26,1.3681,0.86325,112.47,1.2922,1.3725,1.363,8.8585,7.8665,1.7834
2011-01-27,1.3716,0.85955,113.9,1.294,1.3845,1.3651,8.8452,7.923,1.7738
2011-01-28,1.371,0.8609,112.76,1.2942,1.3751,1.3644,8.853,7.933,1.7643
2011-01-31,1.3692,0.8609,112.49,1.2891,1.3763,1.3679,8.867,7.927,1.7763
2011-02-01,1.3755,0.8536,112.19,1.2954,1.3647,1.3717,8.805,7.882,1.7671
2011-02-02,1.3803,0.8519,112.35,1.2922,1.3676,1.3649,8.8615,7.884,1.7657
2011-02-03,1.3745,0.84865,112.46,1.2987,1.3582,1.3596,8.88,7.8585,1.7821
2011-02-04,1.3631,0.8472,111.42,1.2954,1.3406,1.3448,8.8185,7.8075,1.7685
2011-02-07,1.3553,0.8402,111.52,1.2953,1.3355,1.338,8.805,7.8385,1.7582
2011-02-08,1.3635,0.8486,112.09,1.303,1.3457,1.3502,8.7715,7.859,1.7587
2011-02-09,1.3647,0.85,112.65,1.3152,1.351,1.3573,8.7885,7.8685,1.7687
2011-02-10,1.3604,0.8478,112.71,1.3105,1.3559,1.3572,8.8234,7.932,1.7737
2011-02-11,1.3524,0.8457,113.01,1.3163,1.3544,1.3464,8.8022,7.93,1.7869
2011-02-14,1.344,0.84,112.15,1.3065,1.343,1.328,8.7562,7.877,1.7797
2011-02-15,1.351,0.8375,113.21,1.3124,1.3503,1.3317,8.7255,7.8335,1.7925
2011-02-16,1.351,0.8419,113.12,1.3073,1.3507,1.3328,8.7325,7.8275,1.7931
2011-02-17,1.356,0.8409,113.39,1.2973,1.3498,1.3327,8.743,7.8075,1.7951
2011-02-18,1.3627,0.8395,113.62,1.2973,1.3479,1.3398,8.7328,7.7555,1.7891
2011-02-21,1.3668,0.8425,113.68,1.296,1.3521,1.3444,8.762,7.769,1.7899
2011-02-22,1.3667,0.84584,113.63,1.2844,1.3635,1.3491,8.787,7.7515,1.8243
2011-02-23,1.3731,0.8459,113.69,1.2853,1.3691,1.3629,8.7935,7.739,1.8394
2011-02-24,1.3773,0.8513,112.69,1.2748,1.3682,1.355,8.7985,7.719,1.845
2011-02-25,1.3762,0.8553,112.52,1.2799,1.3577,1.3487,8.832,7.764,1.8337
2011-02-28,1.3834,0.8528,113.26,1.284,1.3601,1.3535,8.7445,7.709,1.839
2011-03-01,1.3825,0.8494,113.39,1.2849,1.3572,1.3408,8.709,7.712,1.8397
2011-03-02,1.3809,0.8478,113.33,1.2799,1.3619,1.3454,8.733,7.702,1.8634
2011-03-03,1.385,0.8513,113.43,1.2844,1.3609,1.3469,8.7576,7.7145,1.8581
2011-03-04,1.3957,0.85805,115.63,1.3,1.3791,1.3575,8.835,7.78,1.8965
2011-03-07,1.4028,0.861,115.15,1.296,1.3803,1.3616,8.8755,7.76,1.8985
2011-03-08,1.3898,0.8605,114.64,1.2949,1.3778,1.3539,8.847,7.755,1.8793
2011-03-09,1.3928,0.859,115.14,1.292,1.3759,1.3481,8.8055,7.751,1.8808
2011-03-10,1.3817,0.85655,114.78,1.2914,1.3782,1.3416,8.8115,7.782,1.8795
2011-03-11,1.3773,0.8612,113.24,1.2842,1.3768,1.3488,8.813,7.8055,1.8678
2011-03-14,1.3948,0.8659,114.16,1.2941,1.3846,1.3597,8.8405,7.829,1.8918
2011-03-15,1.3884,0.8674,112.39,1.2756,1.4105,1.3779,8.979,7.914,1.9086
2011-03-16,1.3951,0.8673,112.43,1.2755,1.4066,1.374,8.973,7.869,1.8991
2011-03-17,1.4004,0.86745,110.42,1.2625,1.4216,1.3808,8.9905,7.8985,1.9391
2011-03-18,1.413,0.8738,114.68,1.2758,1.424,1.3894,8.9065,7.883,1.9434
2011-03-21,1.4194,0.8717,115.04,1.2836,1.4114,1.386,8.9006,7.8795,1.9286
2011-03-22,1.4211,0.8678,115.15,1.2843,1.4039,1.3911,8.932,7.906,1.912
2011-03-23,1.4136,0.8699,114.42,1.2746,1.4006,1.389,8.931,7.891,1.9096
2011-03-24,1.4128,0.8741,114.34,1.2817,1.3888,1.3816,8.9455,7.883,1.8893
2011-03-25,1.4115,0.8778,114.57,1.2915,1.3807,1.3778,8.9922,7.884,1.8749
2011-03-28,1.4032,0.87825,114.59,1.2908,1.3678,1.3733,8.9729,7.8745,1.8707
2011-03-29,1.4066,0.88145,115.6,1.2957,1.3759,1.3737,8.985,7.904,1.8731
2011-03-30,1.409,0.8789,117.01,1.2993,1.3668,1.3674,8.9185,7.8675,1.8544
2011-03-31,1.4207,0.8837,117.61,1.3005,1.3736,1.3785,8.9329,7.833,1.8598
2011-04-01,1.4141,0.8815,118.56,1.3059,1.3649,1.3686,8.9382,7.8055,1.8518
2011-04-04,1.424,0.88095,119.56,1.313,1.3722,1.3719,8.988,7.8205,1.8524
2011-04-05,1.4166,0.87285,119.4,1.3091,1.373,1.3676,8.9895,7.791,1.8412
2011-04-06,1.43,0.8775,121.82,1.3097,1.3766,1.3714,9.0124,7.785,1.8455
2011-04-07,1.4283,0.8759,121.7,1.3118,1.3614,1.3695,9.0455,7.8175,1.8345
2011-04-08,1.4401,0.88095,122.8,1.3163,1.3687,1.3741,8.9895,7.802,1.8446
2011-04-11,1.4434,0.8836,122.26,1.3129,1.37,1.3812,9.0125,7.8125,1.8446
2011-04-12,1.447,0.88845,121.87,1.3017,1.3783,1.3864,9.0822,7.877,1.8409
2011-04-13,1.4493,0.8898,121.84,1.2995,1.3814,1.3938,9.03,7.862,1.836
2011-04-14,1.4401,0.8825,119.85,1.2879,1.3717,1.3906,9.0293,7.858,1.8238
2011-04-15,1.445,0.8838,120.37,1.2897,1.373,1.3934,8.966,7.808,1.8152
2011-04-18,1.4275,0.8775,118.25,1.2821,1.3575,1.3771,8.9352,7.788,1.813
2011-04-19,1.4302,0.878,118.23,1.2842,1.3622,1.3694,8.921,7.7635,1.8154
2011-04-20,1.4515,0.8867,120.13,1.2944,1.3611,1.3808,8.9011,7.7895,1.8206
2011-04-21,1.4584,0.8813,119.52,1.2851,1.3562,1.3826,8.8885,7.7842,1.82
2011-04-26,1.4617,0.88715,119.43,1.283,1.3591,1.3929,8.9257,7.78,1.8169
2011-04-27,1.4668,0.8864,120.66,1.2886,1.3563,1.3968,8.9364,7.7885,1.8212
2011-04-28,1.4794,0.8888,120.97,1.2954,1.3586,1.4065,8.928,7.809,1.8495
2011-04-29,1.486,0.8917,120.67,1.2867,1.356,1.4102,8.914,7.782,1.8414
2011-05-02,1.4837,0.8892,120.85,1.2856,1.3553,1.4088,8.9267,7.78,1.8366
2011-05-03,1.478,0.89695,119.36,1.278,1.3604,1.4096,8.9581,7.7995,1.8468
2011-05-04,1.4882,0.8999,120.62,1.2826,1.3727,1.4175,9.0105,7.871,1.878
2011-05-05,1.4814,0.89865,118.2,1.273,1.3883,1.4303,9.0682,7.93,1.8837
2011-05-06,1.4501,0.8839,116.5,1.2668,1.3581,1.3978,9.0215,7.945,1.8424
2011-05-09,1.4397,0.87925,116.28,1.2617,1.3389,1.3884,8.9791,7.8665,1.8179
2011-05-10,1.4358,0.8779,115.72,1.2602,1.3295,1.3777,8.9565,7.8035,1.8104
2011-05-11,1.4357,0.87075,116.47,1.2661,1.3255,1.3701,8.946,7.789,1.8074
2011-05-12,1.4153,0.87015,114.54,1.2584,1.3331,1.3677,8.9566,7.801,1.7977
2011-05-13,1.428,0.87795,115.32,1.2667,1.3369,1.3753,8.9951,7.8405,1.7997
2011-05-16,1.4143,0.8725,114.35,1.2542,1.3391,1.3781,9.009,7.867,1.8158
2011-05-17,1.4171,0.8729,115.69,1.2553,1.3393,1.3818,9.0015,7.9385,1.8157
2011-05-18,1.4227,0.88065,115.45,1.2545,1.3441,1.386,8.984,7.936,1.8079
2011-05-19,1.4265,0.8813,116.83,1.2616,1.3387,1.3804,8.964,7.8725,1.8071
2011-05-20,1.4237,0.87705,116.27,1.2477,1.3364,1.3799,8.9324,7.828,1.7907
2011-05-23,1.402,0.86975,114.68,1.238,1.3332,1.3725,8.9155,7.8475,1.7761
2011-05-24,1.4089,0.87285,115.45,1.2405,1.3328,1.378,8.92,7.8385,1.7608
2011-05-25,1.4069,0.8672,115.47,1.2324,1.3399,1.3768,8.915,7.824,1.7672
2011-05-26,1.4168,0.8685,115.95,1.2343,1.3383,1.3855,8.901,7.79,1.7496
2011-05-27,1.4265,0.86685,115.7,1.2221,1.3346,1.3925,8.9108,7.769,1.7479
2011-05-30,1.4272,0.8671,115.36,1.2147,1.335,1.3927,8.8914,7.7485,1.7454
2011-05-31,1.4385,0.87205,117.22,1.2275,1.3504,1.3985,8.8932,7.759,1.7489
2011-06-01,1.4408,0.87705,117.11,1.2182,1.341,1.3948,8.889,7.731,1.7502
2011-06-02,1.446,0.88295,116.6,1.2167,1.3563,1.4135,8.9607,7.7596,1.774
2011-06-03,1.4488,0.8875,116.89,1.2197,1.3592,1.4177,8.997,7.7965,1.786
2011-06-06,1.4596,0.8903,117.05,1.2235,1.3597,1.4317,8.9965,7.8235,1.79
2011-06-07,1.4652,0.89245,117.55,1.2237,1.3697,1.4297,9.0082,7.8395,1.7838
2011-06-08,1.4608,0.8929,116.6,1.2224,1.3776,1.4332,9.0442,7.8855,1.7922
2011-06-09,1.4614,0.8894,116.86,1.2242,1.3791,1.4298,9.0605,7.873,1.7685
2011-06-10,1.4486,0.8884,116.0,1.219,1.3644,1.4075,9.0885,7.8555,1.7531
2011-06-13,1.4354,0.8806,115.39,1.2023,1.3584,1.4031,9.1244,7.866,1.7675
2011-06-14,1.4448,0.881,115.91,1.2116,1.3573,1.4074,9.1183,7.7965,1.7663
2011-06-15,1.4292,0.8797,115.54,1.2164,1.3387,1.3862,9.1482,7.82,1.7574
2011-06-16,1.4088,0.8753,113.63,1.1958,1.3424,1.3929,9.2034,7.8785,1.7652
2011-06-17,1.427,0.8826,114.71,1.2103,1.344,1.3967,9.1887,7.8695,1.765
2011-06-20,1.4235,0.8795,114.24,1.2039,1.3528,1.4004,9.1708,7.9265,1.7662
2011-06-21,1.4373,0.8867,115.2,1.2127,1.3568,1.4023,9.1564,7.912,1.7694
2011-06-22,1.4397,0.8931,115.36,1.2109,1.3587,1.4007,9.155,7.8665,1.764
2011-06-23,1.4212,0.8896,114.58,1.1963,1.3524,1.3845,9.165,7.803,1.7507
2011-06-24,1.422,0.88855,114.06,1.1902,1.3473,1.3961,9.1802,7.7825,1.7482
2011-06-27,1.4205,0.8897,114.74,1.1849,1.3605,1.4056,9.1929,7.7845,1.7677
2011-06-28,1.4261,0.8942,115.31,1.1884,1.363,1.407,9.2475,7.802,1.7762
2011-06-29,1.4425,0.8998,116.93,1.2036,1.3585,1.4037,9.2047,7.8055,1.7559
2011-06-30,1.4453,0.90255,116.25,1.2071,1.3485,1.3951,9.1739,7.7875,1.7468
2011-07-01,1.4488,0.905,116.92,1.2267,1.3523,1.3964,9.128,7.79,1.7552
2011-07-04,1.45,0.9015,117.11,1.2324,1.3521,1.3919,9.0992,7.7605,1.7487
2011-07-05,1.4461,0.8984,117.23,1.2213,1.3526,1.3929,9.0806,7.7525,1.7457
2011-07-06,1.4318,0.89485,116.03,1.2059,1.342,1.3833,9.0902,7.7665,1.7335
2011-07-07,1.4247,0.8921,115.64,1.205,1.3275,1.3738,9.095,7.742,1.723
2011-07-08,1.4242,0.8932,115.98,1.2102,1.3231,1.3645,9.0838,7.745,1.7111
2011-07-11,1.4056,0.8807,113.16,1.1715,1.3168,1.3627,9.172,7.744,1.6877
2011-07-12,1.3975,0.88265,111.35,1.165,1.3184,1.3584,9.209,7.772,1.7046
2011-07-13,1.4073,0.8823,111.65,1.1695,1.3188,1.3527,9.2264,7.8355,1.7041
2011-07-14,1.4202,0.88095,112.24,1.1575,1.3202,1.36,9.1975,7.838,1.683
2011-07-15,1.4146,0.8775,111.97,1.1577,1.3264,1.3549,9.2121,7.8665,1.6815
2011-07-18,1.4045,0.87315,111.1,1.1485,1.3237,1.3472,9.2534,7.867,1.664
2011-07-19,1.416,0.8789,111.77,1.1607,1.3273,1.3534,9.23,7.862,1.6628
2011-07-20,1.4207,0.88065,112.05,1.1652,1.3218,1.3451,9.1713,7.804,1.6609
2011-07-21,1.4222,0.8787,112.09,1.169,1.3246,1.3447,9.1008,7.775,1.6579
2011-07-22,1.4391,0.8827,112.83,1.1789,1.3234,1.3658,9.0787,7.7675,1.6625
2011-07-25,1.438,0.8825,112.46,1.1563,1.3249,1.3599,9.1083,7.7715,1.6619
2011-07-26,1.4471,0.88235,113.02,1.163,1.3201,1.3623,9.0728,7.7575,1.6568
2011-07-27,1.4446,0.8831,112.46,1.1586,1.3087,1.3625,9.0632,7.7615,1.653
2011-07-28,1.426,0.8739,110.86,1.1437,1.2931,1.3521,9.0735,7.7245,1.6356
2011-07-29,1.426,0.87485,110.59,1.1418,1.305,1.3556,9.0689,7.737,1.6491
2011-08-01,1.4415,0.87955,110.84,1.127,1.3041,1.3713,9.007,7.6935,1.6348
2011-08-02,1.417,0.8718,109.61,1.1049,1.3075,1.362,9.013,7.646,1.6283
2011-08-03,1.43,0.87255,110.18,1.1022,1.331,1.3724,9.0875,7.682,1.6531
2011-08-04,1.4229,0.87145,113.24,1.1012,1.3466,1.3829,9.1494,7.7405,1.6764
2011-08-05,1.4155,0.86905,111.25,1.0847,1.3538,1.3899,9.207,7.784,1.69
2011-08-08,1.4225,0.8691,110.79,1.0849,1.373,1.4029,9.2259,7.768,1.7141
2011-08-09,1.4267,0.8731,110.24,1.0594,1.399,1.4143,9.2127,7.8295,1.7329
2011-08-10,1.4367,0.8843,109.84,1.0451,1.3891,1.4133,9.2323,7.8105,1.7183
2011-08-11,1.4143,0.8757,108.29,1.0499,1.3875,1.4091,9.2947,7.8205,1.7353
2011-08-12,1.425,0.87635,109.07,1.0984,1.378,1.4063,9.2376,7.826,1.7223
2011-08-15,1.4309,0.877,109.87,1.1334,1.375,1.4112,9.285,7.8705,1.726
2011-08-16,1.436,0.8785,110.12,1.1195,1.379,1.4165,9.2498,7.865,1.7338
2011-08-17,1.4477,0.8776,110.77,1.1402,1.3687,1.4167,9.1685,7.7985,1.7264
2011-08-18,1.4369,0.8706,110.08,1.141,1.3754,1.4175,9.159,7.8035,1.7293
2011-08-19,1.4385,0.86965,110.0,1.134,1.3783,1.4189,9.2204,7.8575,1.7404
2011-08-22,1.4413,0.87365,110.65,1.1341,1.3781,1.4194,9.1403,7.836,1.7447
2011-08-23,1.4462,0.876,110.72,1.141,1.3771,1.426,9.1046,7.808,1.736
2011-08-24,1.4433,0.8771,110.51,1.1403,1.3767,1.4266,9.1234,7.8425,1.7403
2011-08-25,1.4424,0.8812,111.31,1.1466,1.375,1.4219,9.1099,7.788,1.7335
2011-08-26,1.4402,0.88565,110.41,1.1458,1.3727,1.4241,9.1082,7.7735,1.7262
2011-08-29,1.4487,0.8846,111.05,1.1824,1.3647,1.4157,9.1157,7.774,1.7155
2011-08-30,1.4402,0.88365,110.55,1.1835,1.3536,1.4101,9.19,7.772,1.6979
2011-08-31,1.445,0.8856,110.55,1.167,1.3529,1.4141,9.164,7.7395,1.6929
2011-09-01,1.4285,0.8812,110.08,1.1417,1.3349,1.3954,9.096,7.685,1.6793
2011-09-02,1.4255,0.8789,109.56,1.1132,1.3328,1.3944,9.1237,7.6765,1.6737
2011-09-05,1.4126,0.8751,108.56,1.1111,1.3371,1.3968,9.0975,7.6725,1.688
2011-09-06,1.4099,0.8771,109.09,1.2036,1.3356,1.3992,9.0888,7.5965,1.6972
2011-09-07,1.4036,0.878,108.38,1.2052,1.3222,1.3877,8.9729,7.5425,1.6913
2011-09-08,1.4044,0.8767,108.41,1.2135,1.3212,1.3825,8.9556,7.5585,1.6815
2011-09-09,1.3817,0.8659,107.48,1.2165,1.3125,1.3718,8.8945,7.5315,1.6665
2011-09-12,1.3656,0.86015,105.32,1.2055,1.3225,1.3668,8.9905,7.5905,1.6658
2011-09-13,1.3645,0.86315,105.01,1.2037,1.3214,1.3545,9.126,7.7275,1.6557
2011-09-14,1.3729,0.8695,105.48,1.2033,1.3401,1.3583,9.172,7.746,1.6677
2011-09-15,1.3795,0.87295,105.67,1.2062,1.3416,1.3635,9.194,7.7355,1.6778
2011-09-16,1.376,0.8717,105.6,1.2058,1.3306,1.3562,9.161,7.738,1.6601
2011-09-19,1.3641,0.8681,104.62,1.2061,1.3326,1.3423,9.1684,7.741,1.6581
2011-09-20,1.371,0.8723,104.92,1.2064,1.3332,1.358,9.1198,7.7615,1.6632
2011-09-21,1.3636,0.8731,104.07,1.2208,1.3358,1.3594,9.117,7.757,1.6643
2011-09-22,1.3448,0.87325,102.59,1.2275,1.3691,1.3894,9.2762,7.827,1.7185
2011-09-23,1.343,0.87235,102.32,1.2195,1.3838,1.3856,9.3127,7.8855,1.7344
2011-09-26,1.35,0.8696,103.05,1.2206,1.3794,1.3889,9.2475,7.826,1.7376
2011-09-27,1.3579,0.8698,103.83,1.2232,1.369,1.3842,9.1774,7.79,1.7228
2011-09-28,1.3631,0.87175,104.22,1.2205,1.3775,1.3972,9.193,7.815,1.733
2011-09-29,1.3615,0.87065,104.46,1.2207,1.3864,1.4049,9.2116,7.843,1.7476
2011-09-30,1.3503,0.86665,103.79,1.217,1.3874,1.4105,9.258,7.888,1.766
2011-10-03,1.3327,0.8596,102.39,1.214,1.3838,1.3967,9.1592,7.826,1.7516
2011-10-04,1.3181,0.8565,101.08,1.2169,1.3984,1.3923,9.1628,7.836,1.7573
2011-10-05,1.3337,0.863,102.25,1.2265,1.3913,1.4025,9.119,7.8105,1.7536
2011-10-06,1.3269,0.8668,101.87,1.2316,1.3725,1.389,9.165,7.8245,1.7313
2011-10-07,1.3434,0.8648,103.02,1.2365,1.3726,1.3911,9.133,7.8,1.7384
2011-10-10,1.3593,0.8689,104.26,1.2326,1.368,1.3986,9.1249,7.8025,1.7415
2011-10-11,1.3607,0.8702,104.26,1.238,1.3684,1.3988,9.1202,7.781,1.7462
2011-10-12,1.3766,0.87535,105.77,1.2367,1.3609,1.3996,9.1171,7.783,1.7373
2011-10-13,1.3727,0.87585,105.48,1.2335,1.3536,1.403,9.1374,7.757,1.7352
2011-10-14,1.3807,0.8748,106.42,1.2388,1.3467,1.401,9.1395,7.7455,1.7317
2011-10-17,1.3776,0.874,106.43,1.2365,1.3406,1.3955,9.1582,7.732,1.7225
2011-10-18,1.3676,0.8702,104.97,1.2348,1.3489,1.4018,9.1589,7.7605,1.736
2011-10-19,1.3828,0.87495,106.19,1.2428,1.3402,1.3981,9.1245,7.735,1.7306
2011-10-20,1.3807,0.875,106.07,1.2362,1.3449,1.4015,9.0978,7.7085,1.731
2011-10-21,1.3798,0.86775,105.82,1.2307,1.3401,1.3957,9.1031,7.706,1.7304
2011-10-24,1.3856,0.8691,105.45,1.228,1.332,1.3938,9.1065,7.6915,1.7219
2011-10-25,1.3918,0.8701,105.98,1.2253,1.3285,1.3926,9.111,7.6855,1.7356
2011-10-26,1.3927,0.8719,105.67,1.2193,1.3423,1.4114,9.0967,7.68,1.7479
2011-10-27,1.4038,0.8763,106.39,1.2213,1.3188,1.3964,9.028,7.656,1.7231
2011-10-28,1.416,0.87935,107.29,1.2211,1.327,1.4072,9.0182,7.6725,1.7321
2011-10-31,1.4001,0.8731,109.22,1.2191,1.3225,1.393,9.009,7.7015,1.7223
2011-11-01,1.3627,0.85515,106.58,1.2174,1.3237,1.3855,9.0625,7.758,1.7152
2011-11-02,1.3809,0.8619,107.78,1.2166,1.3303,1.3977,9.073,7.7585,1.7387
2011-11-03,1.3773,0.8593,107.33,1.2156,1.3215,1.3874,9.0272,7.721,1.7325
2011-11-04,1.3773,0.86125,107.55,1.2217,1.328,1.404,9.1113,7.764,1.7401
2011-11-07,1.3742,0.85655,107.3,1.2342,1.3296,1.3981,9.0845,7.7475,1.728
2011-11-08,1.3788,0.85805,107.51,1.2382,1.3339,1.3974,9.0355,7.725,1.7351
2011-11-09,1.3633,0.85385,105.96,1.2322,1.333,1.3908,9.0753,7.7645,1.7341
2011-11-10,1.3616,0.85335,105.66,1.2315,1.3389,1.3892,9.0643,7.742,1.7455
2011-11-11,1.365,0.8568,105.59,1.236,1.3428,1.3906,9.0935,7.752,1.7536
2011-11-14,1.3659,0.8566,105.18,1.2368,1.3351,1.3886,9.1146,7.754,1.7448
2011-11-15,1.3532,0.85345,104.16,1.2405,1.3351,1.3866,9.1238,7.8,1.7591
2011-11-16,1.3484,0.8543,103.77,1.2384,1.3323,1.3831,9.1313,7.793,1.7588
2011-11-17,1.348,0.854,103.76,1.2387,1.3403,1.3821,9.1747,7.8205,1.7645
2011-11-18,1.3576,0.85805,104.06,1.2378,1.3479,1.3879,9.1606,7.82,1.78
2011-11-21,1.3458,0.86,103.44,1.2375,1.3614,1.3937,9.1795,7.8405,1.7945
2011-11-22,1.3535,0.8657,104.15,1.235,1.3718,1.4059,9.2035,7.825,1.8086
2011-11-23,1.3387,0.8603,103.37,1.2305,1.3762,1.3964,9.2157,7.8185,1.8041
2011-11-24,1.3373,0.8606,103.07,1.2268,1.3697,1.3964,9.244,7.831,1.7971
2011-11-25,1.3229,0.85585,102.59,1.2253,1.3664,1.3912,9.2505,7.836,1.7907
2011-11-28,1.3348,0.8582,103.82,1.2309,1.3435,1.3802,9.2597,7.8355,1.7694
2011-11-29,1.3336,0.85365,103.82,1.2282,1.3332,1.3717,9.2195,7.8495,1.7519
2011-11-30,1.3418,0.8558,104.0,1.2265,1.3165,1.3678,9.146,7.753,1.738
2011-12-01,1.3492,0.8591,104.84,1.2264,1.3182,1.3736,9.1258,7.783,1.7347
2011-12-02,1.3511,0.8602,105.25,1.2343,1.3135,1.3695,9.0834,7.766,1.7296
2011-12-05,1.3442,0.85925,104.81,1.2379,1.3072,1.3644,9.046,7.726,1.7191
2011-12-06,1.3394,0.85655,104.15,1.2388,1.3094,1.364,9.0552,7.716,1.7209
2011-12-07,1.3377,0.85745,103.99,1.2413,1.3043,1.3517,9.0149,7.6935,1.7193
2011-12-08,1.341,0.8528,103.72,1.2373,1.3011,1.3523,9.014,7.684,1.7147
2011-12-09,1.3384,0.85315,103.95,1.2332,1.3179,1.3674,9.0185,7.677,1.7357
2011-12-12,1.3251,0.848,103.12,1.2349,1.3104,1.3576,9.0525,7.7015,1.7293
2011-12-13,1.3181,0.84625,102.6,1.2345,1.3016,1.3528,9.0605,7.711,1.7215
2011-12-14,1.2993,0.839,101.44,1.2317,1.3023,1.3475,9.0852,7.766,1.7254
2011-12-15,1.3019,0.83935,101.3,1.2261,1.3103,1.348,9.0708,7.7675,1.7299
2011-12-16,1.3064,0.84055,101.7,1.2249,1.306,1.3497,9.0337,7.7815,1.7106
2011-12-19,1.3039,0.8398,101.52,1.219,1.3086,1.3505,8.9898,7.7475,1.7115
2011-12-20,1.3074,0.8368,101.88,1.2192,1.3082,1.3508,8.978,7.708,1.7139
2011-12-21,1.3054,0.8323,101.66,1.219,1.2943,1.3422,9.0021,7.752,1.6987
2011-12-22,1.3047,0.8325,101.93,1.2232,1.2878,1.3369,8.9952,7.764,1.6888
2011-12-23,1.3057,0.8331,101.93,1.2221,1.2852,1.3309,8.9648,7.782,1.6862
2011-12-27,1.3069,0.8335,101.75,1.221,1.2862,1.3322,8.9735,7.7945,1.6886
2011-12-28,1.3074,0.8342,101.51,1.2196,1.2819,1.3269,8.9685,7.799,1.6812
2011-12-29,1.2889,0.836,100.24,1.2186,1.2799,1.3189,8.9414,7.774,1.6815
2011-12-30,1.2939,0.8353,100.2,1.2156,1.2723,1.3215,8.912,7.754,1.6737
2012-01-02,1.2935,0.83514,99.52,1.2155,1.2662,1.3195,8.9275,7.754,1.6623
2012-01-03,1.3014,0.8351,99.86,1.2183,1.2595,1.317,8.9283,7.735,1.6541
2012-01-04,1.2948,0.8311,99.43,1.2196,1.2552,1.3153,8.8985,7.7005,1.6452
2012-01-05,1.2832,0.82675,98.67,1.2187,1.2491,1.3039,8.8461,7.6825,1.6399
2012-01-06,1.2776,0.8264,98.56,1.2177,1.2472,1.3051,8.8388,7.6745,1.6347
2012-01-09,1.2728,0.824,97.87,1.2139,1.2468,1.3086,8.8343,7.657,1.6221
2012-01-10,1.2808,0.8282,98.39,1.2136,1.2379,1.3021,8.812,7.6555,1.6098
2012-01-11,1.2718,0.8259,97.87,1.212,1.2361,1.2928,8.8087,7.6505,1.6016
2012-01-12,1.2736,0.83055,97.92,1.2112,1.2303,1.2946,8.8515,7.677,1.5985
2012-01-13,1.2771,0.8332,98.06,1.21,1.2364,1.3019,8.8892,7.693,1.609
2012-01-16,1.2669,0.82745,97.25,1.2093,1.2289,1.2929,8.8748,7.6705,1.5982
2012-01-17,1.279,0.83045,98.2,1.209,1.2279,1.2949,8.8376,7.6635,1.5981
2012-01-18,1.2831,0.83385,98.53,1.2088,1.2344,1.3002,8.8236,7.7045,1.5911
2012-01-19,1.2911,0.8356,99.19,1.2076,1.2391,1.3012,8.7605,7.662,1.6102
2012-01-20,1.2902,0.8339,99.53,1.2077,1.2379,1.3076,8.7804,7.66,1.6071
2012-01-23,1.3017,0.83625,100.1,1.2061,1.2332,1.3129,8.7791,7.6645,1.6008
2012-01-24,1.3003,0.8346,100.89,1.2065,1.2429,1.3164,8.794,7.639,1.6092
2012-01-25,1.2942,0.83205,101.02,1.2075,1.2367,1.3114,8.8506,7.6825,1.6064
2012-01-26,1.3145,0.838,101.98,1.2071,1.2326,1.3166,8.8775,7.6465,1.6004
2012-01-27,1.3145,0.83685,101.18,1.2078,1.2326,1.3129,8.8966,7.645,1.5949
2012-01-30,1.311,0.8358,100.53,1.2046,1.2427,1.3185,8.8996,7.681,1.6042
2012-01-31,1.3176,0.8351,100.63,1.2048,1.2366,1.3134,8.8967,7.656,1.5918
2012-02-01,1.3175,0.8312,100.29,1.2048,1.2312,1.3161,8.8896,7.654,1.5839
2012-02-02,1.3094,0.82765,99.66,1.2048,1.2246,1.3097,8.8565,7.648,1.5728
2012-02-03,1.316,0.8322,100.3,1.205,1.2311,1.3189,8.848,7.644,1.5829
2012-02-06,1.3042,0.8281,99.97,1.2067,1.2192,1.3019,8.8025,7.5925,1.5721
2012-02-07,1.3113,0.8302,100.67,1.2087,1.2161,1.3088,8.8215,7.6225,1.5747
2012-02-08,1.3274,0.83495,102.11,1.2114,1.2251,1.3199,8.8285,7.629,1.5814
2012-02-09,1.3288,0.83665,102.63,1.2103,1.2295,1.3219,8.8045,7.63,1.5896
2012-02-10,1.3189,0.8363,102.43,1.2098,1.2381,1.3225,8.8065,7.618,1.5948
2012-02-13,1.3254,0.83885,102.86,1.209,1.2326,1.3222,8.8098,7.571,1.5867
2012-02-14,1.3169,0.83765,102.85,1.2075,1.2298,1.3162,8.7814,7.535,1.5822
2012-02-15,1.3092,0.8348,102.73,1.2073,1.2195,1.3053,8.7861,7.5285,1.5626
2012-02-16,1.2982,0.82845,102.31,1.2072,1.2168,1.3026,8.8065,7.5515,1.5695
2012-02-17,1.3159,0.8311,104.39,1.2083,1.223,1.3093,8.8316,7.4975,1.573
2012-02-20,1.3266,0.8364,105.47,1.2075,1.2303,1.3159,8.811,7.488,1.5777
2012-02-21,1.3222,0.8364,105.38,1.2073,1.2385,1.3172,8.8107,7.52,1.5839
2012-02-22,1.323,0.8442,106.22,1.2072,1.2441,1.321,8.808,7.5,1.5933
2012-02-23,1.33,0.8461,106.72,1.2053,1.243,1.3259,8.8175,7.471,1.5933
2012-02-24,1.3412,0.84815,107.99,1.2048,1.2516,1.3393,8.8225,7.4785,1.6022
2012-02-27,1.3388,0.845,107.81,1.2052,1.2532,1.3432,8.8334,7.4975,1.6046
2012-02-28,1.3454,0.8479,108.39,1.205,1.2486,1.3396,8.8275,7.48,1.604
2012-02-29,1.3443,0.8439,107.92,1.2051,1.2414,1.3282,8.8088,7.4405,1.5902
2012-03-01,1.3312,0.8349,107.95,1.2052,1.2353,1.312,8.8135,7.4225,1.5909
2012-03-02,1.3217,0.8327,107.74,1.2062,1.2264,1.3044,8.8316,7.4205,1.5851
2012-03-05,1.322,0.83465,107.54,1.2061,1.2354,1.3129,8.8382,7.42,1.604
2012-03-06,1.3153,0.83255,106.66,1.2055,1.2418,1.3137,8.8906,7.452,1.615
2012-03-07,1.312,0.8349,105.95,1.2052,1.2423,1.314,8.924,7.448,1.6043
2012-03-08,1.3242,0.83865,108.18,1.205,1.2441,1.3178,8.8894,7.421,1.6045
2012-03-09,1.3191,0.83595,107.93,1.2053,1.2415,1.3091,8.9075,7.46,1.602
2012-03-12,1.3119,0.8392,107.79,1.2056,1.2498,1.3026,8.9312,7.4795,1.6092
2012-03-13,1.3057,0.83575,108.03,1.206,1.2444,1.2953,8.8889,7.4515,1.5941
2012-03-14,1.3062,0.8314,109.16,1.211,1.2474,1.2927,8.883,7.547,1.6082
2012-03-15,1.3057,0.83345,108.82,1.2096,1.2422,1.296,8.916,7.5665,1.5988
2012-03-16,1.3116,0.8295,109.81,1.207,1.2401,1.299,8.856,7.548,1.5942
2012-03-19,1.315,0.82845,109.73,1.2067,1.2452,1.3037,8.877,7.5505,1.5967
2012-03-20,1.3198,0.8322,110.48,1.2059,1.2586,1.3098,8.912,7.606,1.616
2012-03-21,1.3225,0.83495,111.11,1.2058,1.2644,1.3093,8.9185,7.6105,1.6209
2012-03-22,1.3167,0.8333,109.4,1.2055,1.2696,1.3151,8.9265,7.624,1.6294
2012-03-23,1.3242,0.8363,109.1,1.2054,1.2745,1.3263,8.924,7.638,1.63
2012-03-26,1.3276,0.8352,109.82,1.2054,1.2631,1.3223,8.9277,7.609,1.6195
2012-03-27,1.3333,0.8359,110.57,1.2056,1.2681,1.3233,8.8935,7.571,1.6203
2012-03-28,1.3337,0.839,110.74,1.2063,1.2824,1.3289,8.88,7.611,1.6304
2012-03-29,1.3272,0.8358,109.21,1.2051,1.283,1.3271,8.845,7.632,1.6292
2012-03-30,1.3356,0.8339,109.56,1.2045,1.2836,1.3311,8.8455,7.604,1.6254
2012-04-02,1.3319,0.83105,109.95,1.2044,1.2841,1.33,8.8052,7.5505,1.6251
2012-04-03,1.3315,0.83255,109.3,1.2035,1.2848,1.3206,8.7938,7.56,1.6203
2012-04-04,1.3142,0.8285,108.22,1.2038,1.2785,1.3079,8.8185,7.573,1.6136
2012-04-05,1.3068,0.8242,107.06,1.2025,1.271,1.3042,8.8134,7.5692,1.6026
2012-04-10,1.3114,0.8269,106.48,1.2027,1.2741,1.3092,8.873,7.5815,1.6043
2012-04-11,1.3131,0.82595,106.18,1.2011,1.2743,1.3166,8.907,7.604,1.6029
2012-04-12,1.3153,0.8247,106.54,1.2027,1.2645,1.3132,8.8912,7.61,1.6001
2012-04-13,1.3148,0.8248,106.49,1.2017,1.264,1.3068,8.8945,7.599,1.5848
2012-04-16,1.3024,0.8227,105.18,1.2025,1.259,1.3029,8.8822,7.553,1.5925
2012-04-17,1.3132,0.8234,105.96,1.2018,1.2664,1.3082,8.8822,7.5475,1.6034
2012-04-18,1.3093,0.81915,106.64,1.2032,1.2628,1.2966,8.85,7.5525,1.6003
2012-04-19,1.3086,0.8171,106.92,1.2021,1.2652,1.2971,8.8416,7.5485,1.6031
2012-04-20,1.3192,0.81875,107.81,1.2017,1.2738,1.3075,8.8396,7.547,1.619
2012-04-23,1.3131,0.8166,106.51,1.2018,1.2769,1.3094,8.8618,7.559,1.6193
2012-04-24,1.3161,0.8154,106.87,1.2021,1.2775,1.302,8.888,7.5565,1.617
2012-04-25,1.3206,0.8194,107.35,1.2018,1.2771,1.3016,8.8958,7.5625,1.6217
2012-04-26,1.3215,0.8164,106.96,1.2016,1.2736,1.2968,8.876,7.5765,1.6196
2012-04-27,1.3229,0.8153,106.75,1.2014,1.2679,1.2996,8.9024,7.588,1.6168
2012-04-30,1.3214,0.81295,105.85,1.2018,1.2684,1.2985,8.9185,7.5875,1.6133
2012-05-02,1.3131,0.81205,105.31,1.2018,1.2718,1.2977,8.8884,7.5525,1.6165
2012-05-03,1.3123,0.81125,105.49,1.2014,1.2762,1.2917,8.8713,7.5405,1.6371
2012-05-04,1.3132,0.81195,105.41,1.2014,1.283,1.2986,8.9041,7.561,1.6465
2012-05-07,1.3033,0.80647,104.19,1.2012,1.2792,1.2983,8.9105,7.5635,1.6378
2012-05-08,1.3025,0.80645,104.01,1.2014,1.283,1.2968,8.8885,7.5605,1.6456
2012-05-09,1.295,0.80495,102.99,1.201,1.2886,1.3007,8.9097,7.563,1.6509
2012-05-10,1.2961,0.8018,103.31,1.2013,1.2801,1.2945,8.9448,7.5575,1.6434
2012-05-11,1.2944,0.8033,103.48,1.2012,1.2877,1.2997,8.984,7.5815,1.6476
2012-05-14,1.2863,0.8,102.64,1.201,1.2881,1.2911,9.002,7.5915,1.6534
2012-05-15,1.2843,0.8001,102.65,1.201,1.2836,1.2855,9.0437,7.6185,1.6573
2012-05-16,1.2738,0.79925,102.53,1.2011,1.2813,1.2832,9.097,7.621,1.6601
2012-05-17,1.2682,0.8008,101.77,1.2011,1.2795,1.2858,9.1356,7.5802,1.6625
2012-05-18,1.2721,0.8042,100.95,1.2012,1.2879,1.2939,9.0996,7.5975,1.6741
2012-05-21,1.275,0.8075,101.06,1.2011,1.2969,1.3047,9.1191,7.6265,1.6841
2012-05-22,1.2768,0.8087,101.99,1.2011,1.291,1.2977,9.089,7.5715,1.6764
2012-05-23,1.2659,0.8044,100.59,1.2011,1.2977,1.294,9.0605,7.573,1.6871
2012-05-24,1.2557,0.80095,99.75,1.201,1.2842,1.2877,8.976,7.536,1.666
2012-05-25,1.2546,0.8003,99.8,1.2014,1.2815,1.289,8.993,7.551,1.6563
2012-05-28,1.2566,0.8001,99.75,1.2019,1.274,1.2871,8.9982,7.5359,1.6477
2012-05-29,1.2523,0.7994,99.64,1.2015,1.2737,1.2835,8.9865,7.5205,1.6481
2012-05-30,1.2438,0.79775,98.38,1.201,1.2729,1.2784,8.9555,7.5145,1.6402
2012-05-31,1.2403,0.7999,97.66,1.201,1.2736,1.2761,8.9752,7.5235,1.6439
2012-06-01,1.2322,0.805,96.25,1.2008,1.2772,1.2794,8.9947,7.5745,1.6422
2012-06-04,1.2437,0.80845,97.16,1.2009,1.2796,1.2923,9.007,7.603,1.643
2012-06-05,1.2429,0.81005,97.25,1.201,1.2762,1.293,8.969,7.5945,1.6482
2012-06-06,1.2485,0.8063,98.82,1.2008,1.2661,1.2909,9.0165,7.6065,1.6366
2012-06-07,1.2595,0.8086,100.08,1.2011,1.2613,1.2892,8.9664,7.5885,1.6272
2012-06-08,1.2468,0.80795,98.9,1.2012,1.2665,1.2894,8.9781,7.5995,1.6314
2012-06-11,1.2544,0.8077,99.6,1.201,1.2602,1.2855,8.864,7.556,1.6217
2012-06-12,1.2492,0.80385,99.4,1.2012,1.2601,1.2852,8.864,7.5465,1.6097
2012-06-13,1.2534,0.8063,99.8,1.2009,1.2565,1.286,8.832,7.5115,1.6094
2012-06-14,1.2551,0.8092,99.51,1.2008,1.2626,1.2885,8.8373,7.507,1.6143
2012-06-15,1.2596,0.8119,99.24,1.201,1.2564,1.2901,8.8353,7.524,1.6046
2012-06-18,1.2618,0.806,99.75,1.201,1.2519,1.2944,8.8412,7.526,1.5947
2012-06-19,1.2619,0.8052,99.57,1.2009,1.2416,1.2889,8.8398,7.517,1.5854
2012-06-20,1.2704,0.806,100.24,1.2009,1.2456,1.2919,8.8434,7.506,1.5928
2012-06-21,1.267,0.80695,101.46,1.201,1.2444,1.2907,8.836,7.496,1.5857
2012-06-22,1.2539,0.8042,100.68,1.2009,1.249,1.2893,8.8008,7.4865,1.5899
2012-06-25,1.2488,0.80285,99.57,1.2008,1.248,1.2861,8.8165,7.498,1.5881
2012-06-26,1.2475,0.7996,98.97,1.201,1.2432,1.2824,8.8204,7.4995,1.5784
2012-06-27,1.2478,0.7999,99.49,1.2011,1.2384,1.2796,8.8242,7.523,1.5804
2012-06-28,1.2418,0.79885,98.6,1.201,1.2357,1.2764,8.8009,7.5465,1.5728
2012-06-29,1.259,0.8068,100.13,1.203,1.2339,1.2871,8.7728,7.533,1.5746
2012-07-02,1.2593,0.8041,100.51,1.2015,1.2283,1.2808,8.744,7.5255,1.5667
2012-07-03,1.2575,0.80275,100.26,1.2012,1.2264,1.2781,8.7305,7.5195,1.5681
2012-07-04,1.256,0.8032,100.28,1.2013,1.2221,1.2726,8.6876,7.5165,1.5635
2012-07-05,1.2426,0.7984,99.14,1.2012,1.2071,1.258,8.6177,7.476,1.5448
2012-07-06,1.2377,0.7965,98.87,1.2011,1.2058,1.2559,8.6576,7.519,1.5443
2012-07-09,1.2293,0.7936,97.81,1.201,1.2082,1.2554,8.6225,7.4965,1.5484
2012-07-10,1.2285,0.7921,97.64,1.201,1.2015,1.251,8.5734,7.4865,1.5408
2012-07-11,1.226,0.78815,97.14,1.201,1.1953,1.2493,8.5384,7.4745,1.5369
2012-07-12,1.2178,0.7886,96.63,1.201,1.2029,1.2461,8.5808,7.471,1.5463
2012-07-13,1.2185,0.7875,96.6,1.2009,1.1984,1.2391,8.5746,7.441,1.5403
2012-07-16,1.2177,0.7844,96.25,1.201,1.1934,1.2367,8.6185,7.4525,1.5338
2012-07-17,1.2281,0.78615,97.14,1.201,1.1941,1.2463,8.6046,7.475,1.5394
2012-07-18,1.2234,0.784,96.63,1.201,1.1867,1.2399,8.4927,7.4825,1.5397
2012-07-19,1.2287,0.783,96.51,1.201,1.1775,1.2375,8.5045,7.4775,1.5273
2012-07-20,1.22,0.77835,95.86,1.2009,1.1739,1.2323,8.454,7.423,1.5237
2012-07-23,1.2105,0.7798,94.72,1.201,1.1784,1.2314,8.4508,7.381,1.5301
2012-07-24,1.2089,0.7785,94.63,1.201,1.1754,1.2307,8.4215,7.372,1.5288
2012-07-25,1.2134,0.7832,94.97,1.201,1.1792,1.236,8.4592,7.3695,1.5409
2012-07-26,1.226,0.7828,95.79,1.201,1.179,1.2356,8.4505,7.399,1.5353
2012-07-27,1.2317,0.78295,96.29,1.201,1.1807,1.2407,8.5008,7.473,1.5287
2012-07-30,1.2246,0.77985,95.78,1.201,1.1668,1.2297,8.3488,7.422,1.5133
2012-07-31,1.2284,0.78395,96.03,1.2014,1.1675,1.2312,8.359,7.4215,1.5166
2012-08-01,1.2298,0.7875,96.2,1.2013,1.1691,1.232,8.3189,7.385,1.5145
2012-08-02,1.2346,0.7904,96.64,1.2024,1.1717,1.2373,8.334,7.4045,1.5164
2012-08-03,1.2245,0.78745,95.85,1.2012,1.1649,1.2282,8.2797,7.37,1.5038
2012-08-06,1.2379,0.795,96.99,1.2013,1.1727,1.2385,8.3401,7.3945,1.5112
2012-08-07,1.2436,0.7934,97.58,1.2015,1.1741,1.2409,8.322,7.3575,1.5139
2012-08-08,1.2336,0.7888,96.68,1.2012,1.1704,1.2309,8.277,7.304,1.5177
2012-08-09,1.2301,0.7871,96.53,1.201,1.1639,1.223,8.2669,7.2955,1.5171
2012-08-10,1.2262,0.7861,96.12,1.2009,1.1661,1.2192,8.2077,7.27,1.5162
2012-08-13,1.2339,0.78615,96.61,1.201,1.1689,1.2235,8.2312,7.3065,1.5205
2012-08-14,1.2352,0.786,97.14,1.201,1.1728,1.2251,8.2483,7.301,1.5259
2012-08-15,1.2276,0.7826,96.98,1.2011,1.1725,1.2175,8.225,7.2955,1.5253
2012-08-16,1.2279,0.78195,97.38,1.201,1.171,1.2139,8.2347,7.337,1.5201
2012-08-17,1.2337,0.78515,97.97,1.2011,1.1829,1.2195,8.2766,7.3295,1.5301
2012-08-20,1.23,0.78345,97.82,1.201,1.1784,1.2167,8.2339,7.313,1.523
2012-08-21,1.2428,0.78835,98.81,1.201,1.1839,1.225,8.2595,7.3235,1.5286
2012-08-22,1.2448,0.78785,98.65,1.2009,1.1926,1.2355,8.3412,7.352,1.5387
2012-08-23,1.2552,0.7911,98.68,1.201,1.1981,1.2438,8.3087,7.341,1.5372
2012-08-24,1.2507,0.7896,98.16,1.2009,1.2031,1.2424,8.2441,7.302,1.5435
2012-08-27,1.253,0.79244,98.71,1.201,1.2056,1.2403,8.2397,7.295,1.5455
2012-08-28,1.2548,0.7947,98.59,1.201,1.2094,1.2389,8.2405,7.29,1.5552
2012-08-29,1.2545,0.7918,98.63,1.201,1.2088,1.2402,8.3375,7.3125,1.5612
2012-08-30,1.2544,0.7911,98.63,1.2009,1.2142,1.2434,8.3478,7.2775,1.5671
2012-08-31,1.2611,0.79525,98.96,1.2009,1.2201,1.2487,8.3362,7.2925,1.5708
2012-09-03,1.2568,0.7912,98.43,1.2008,1.2278,1.24,8.4161,7.3015,1.5753
2012-09-04,1.2579,0.7921,98.58,1.201,1.2267,1.239,8.4075,7.289,1.5818
2012-09-05,1.2578,0.79035,98.67,1.2014,1.2337,1.2422,8.4415,7.307,1.5847
2012-09-06,1.2638,0.7936,99.36,1.2049,1.2341,1.247,8.5026,7.3725,1.583
2012-09-07,1.2706,0.7967,100.26,1.2128,1.2279,1.2472,8.4865,7.373,1.5787
2012-09-10,1.2776,0.7997,99.98,1.209,1.2349,1.2486,8.4935,7.39,1.577
2012-09-11,1.2787,0.7978,99.7,1.2074,1.2301,1.2429,8.4773,7.389,1.569
2012-09-12,1.2896,0.8017,100.45,1.2083,1.2322,1.2566,8.4735,7.407,1.5739
2012-09-13,1.291,0.80145,100.24,1.213,1.2357,1.2599,8.5088,7.419,1.5675
2012-09-14,1.3095,0.80745,102.24,1.2162,1.2366,1.2628,8.5884,7.4285,1.5719
2012-09-17,1.3086,0.80695,102.61,1.216,1.2452,1.2733,8.6243,7.4725,1.5786
2012-09-18,1.3054,0.8035,102.64,1.2113,1.2527,1.2732,8.5685,7.4655,1.5787
2012-09-19,1.3002,0.8027,102.38,1.2095,1.2455,1.2672,8.5214,7.4315,1.572
2012-09-20,1.2954,0.80017,101.21,1.2088,1.2461,1.2678,8.4885,7.432,1.5729
2012-09-21,1.2988,0.7987,101.58,1.211,1.2365,1.2654,8.4956,7.4215,1.5601
2012-09-24,1.2916,0.7968,100.79,1.2095,1.2415,1.2668,8.4928,7.437,1.5742
2012-09-25,1.2932,0.7965,100.57,1.2092,1.2393,1.2677,8.4725,7.4,1.5684
2012-09-26,1.2845,0.7949,99.82,1.2088,1.2421,1.2633,8.4998,7.403,1.5675
2012-09-27,1.2874,0.7939,99.98,1.2084,1.2354,1.2658,8.45,7.38,1.5534
2012-09-28,1.293,0.79805,100.37,1.2099,1.2396,1.2684,8.4498,7.3695,1.5536
2012-10-01,1.2877,0.7983,100.42,1.2095,1.2431,1.2667,8.4731,7.378,1.5533
2012-10-02,1.293,0.8006,101.02,1.2102,1.2531,1.2693,8.5326,7.373,1.5521
2012-10-03,1.2904,0.80085,101.1,1.2104,1.2625,1.2727,8.609,7.4115,1.5709
2012-10-04,1.2951,0.80395,101.88,1.2123,1.2673,1.2783,8.6099,7.4285,1.5788
2012-10-05,1.3002,0.80325,102.02,1.2112,1.2682,1.275,8.5728,7.3935,1.5775
2012-10-08,1.2958,0.8084,101.45,1.211,1.2721,1.2683,8.6057,7.402,1.5854
2012-10-09,1.2953,0.8079,101.35,1.2111,1.2663,1.2632,8.6117,7.405,1.577
2012-10-10,1.2889,0.80495,100.94,1.211,1.2574,1.2594,8.6068,7.3985,1.5732
2012-10-11,1.2918,0.80525,101.26,1.2087,1.2573,1.2645,8.6627,7.3825,1.5796
2012-10-12,1.297,0.8065,101.7,1.2093,1.2654,1.2678,8.683,7.4005,1.5815
2012-10-15,1.2971,0.80745,102.1,1.2091,1.2661,1.2682,8.6591,7.41,1.5895
2012-10-16,1.3046,0.8097,102.94,1.2091,1.2693,1.287,8.6274,7.391,1.6023
2012-10-17,1.312,0.8115,103.23,1.2106,1.269,1.2915,8.6587,7.396,1.6009
2012-10-18,1.3118,0.8119,104.01,1.2094,1.2632,1.2843,8.5843,7.377,1.5983
2012-10-19,1.3035,0.81275,103.27,1.2085,1.2586,1.2885,8.5717,7.384,1.591
2012-10-22,1.3063,0.8145,104.27,1.2097,1.2657,1.2987,8.5924,7.3865,1.5972
2012-10-23,1.3005,0.81365,103.84,1.2098,1.2662,1.2961,8.6174,7.417,1.6002
2012-10-24,1.2942,0.8083,103.33,1.21,1.2526,1.2807,8.6558,7.435,1.5887
2012-10-25,1.2993,0.8049,104.15,1.2097,1.251,1.2884,8.6883,7.4615,1.5775
2012-10-26,1.2908,0.8012,103.15,1.209,1.2486,1.2865,8.673,7.4675,1.574
2012-10-29,1.2898,0.80455,102.69,1.2087,1.2455,1.2895,8.6219,7.452,1.5717
2012-10-30,1.2962,0.8062,103.0,1.2085,1.2489,1.2961,8.6155,7.438,1.5765
2012-10-31,1.2993,0.80645,103.78,1.2076,1.2528,1.3005,8.6,7.3855,1.581
2012-11-01,1.2975,0.80315,103.82,1.2072,1.2491,1.2969,8.6398,7.3705,1.5685
2012-11-02,1.285,0.8016,103.55,1.2073,1.2374,1.2783,8.5955,7.3305,1.5533
2012-11-05,1.2777,0.7999,102.6,1.2063,1.2338,1.2732,8.569,7.3425,1.5515
2012-11-06,1.28,0.80095,102.6,1.2075,1.2263,1.2722,8.5721,7.322,1.5451
2012-11-07,1.2746,0.7984,102.11,1.2065,1.2228,1.2662,8.5547,7.3195,1.5403
2012-11-08,1.2736,0.79655,101.74,1.2058,1.223,1.269,8.5105,7.302,1.5591
2012-11-09,1.2694,0.79725,100.44,1.2054,1.2251,1.273,8.5745,7.3015,1.5622
2012-11-12,1.2735,0.802,101.13,1.2057,1.22,1.2725,8.5809,7.303,1.5591
2012-11-13,1.2696,0.79965,100.93,1.2046,1.2187,1.2709,8.6077,7.326,1.5544
2012-11-14,1.2726,0.8026,102.0,1.204,1.2217,1.2741,8.626,7.322,1.5658
2012-11-15,1.2756,0.80545,103.66,1.2042,1.235,1.2782,8.648,7.3595,1.5727
2012-11-16,1.2745,0.80245,103.44,1.2042,1.2337,1.2753,8.6493,7.3695,1.5739
2012-11-19,1.2762,0.8032,103.6,1.2045,1.2283,1.2744,8.6419,7.3715,1.5621
2012-11-20,1.2809,0.80465,104.39,1.2049,1.2331,1.2755,8.6463,7.335,1.5684
2012-11-21,1.2805,0.8037,105.49,1.2041,1.2358,1.2774,8.622,7.326,1.5741
2012-11-22,1.2893,0.8077,106.42,1.2045,1.242,1.2841,8.6065,7.325,1.5809
2012-11-23,1.2909,0.8101,106.19,1.205,1.2393,1.2865,8.5879,7.329,1.576
2012-11-26,1.2964,0.80995,106.47,1.2046,1.2416,1.2884,8.5763,7.337,1.577
2012-11-27,1.2961,0.8081,106.46,1.2043,1.2372,1.2846,8.642,7.3575,1.5743
2012-11-28,1.2891,0.80687,105.44,1.2033,1.2339,1.2823,8.6174,7.3415,1.571
2012-11-29,1.2994,0.81053,106.72,1.2043,1.2432,1.2886,8.6371,7.35,1.5763
2012-11-30,1.2986,0.8108,107.37,1.2054,1.2474,1.2904,8.6625,7.376,1.5865
2012-12-03,1.3057,0.8121,107.36,1.2087,1.2517,1.2964,8.6558,7.349,1.5891
2012-12-04,1.3092,0.8123,107.28,1.2136,1.2497,1.3013,8.6265,7.3465,1.5866
2012-12-05,1.3065,0.8119,107.31,1.2128,1.2483,1.296,8.651,7.356,1.5826
2012-12-06,1.3072,0.81135,107.66,1.2114,1.2456,1.2961,8.6294,7.336,1.5693
2012-12-07,1.2905,0.8061,106.19,1.2077,1.2318,1.2806,8.618,7.3305,1.5506
2012-12-10,1.293,0.8044,106.23,1.2068,1.2318,1.2761,8.6336,7.325,1.5501
2012-12-11,1.2993,0.8074,107.11,1.2115,1.2381,1.282,8.6449,7.3375,1.5515
2012-12-12,1.304,0.80775,108.12,1.2109,1.2358,1.285,8.6275,7.3295,1.5504
2012-12-13,1.3077,0.81005,109.18,1.209,1.2391,1.2852,8.7215,7.3325,1.5476
2012-12-14,1.3081,0.8115,109.55,1.2089,1.2429,1.2878,8.7743,7.3715,1.5564
2012-12-17,1.316,0.812,110.39,1.2082,1.2494,1.299,8.754,7.3705,1.5604
2012-12-18,1.3178,0.8128,110.53,1.208,1.2512,1.2972,8.7378,7.385,1.566
2012-12-19,1.3302,0.8161,112.36,1.2096,1.2667,1.3126,8.6662,7.3755,1.5889
2012-12-20,1.3246,0.8146,111.52,1.2079,1.2632,1.3106,8.6349,7.3645,1.5882
2012-12-21,1.3209,0.8142,110.99,1.2077,1.2662,1.309,8.5945,7.3155,1.6029
2012-12-24,1.3218,0.8175,111.64,1.207,1.2715,1.3124,8.6323,7.3695,1.6071
2012-12-27,1.3266,0.8199,113.87,1.2082,1.2782,1.3156,8.6273,7.376,1.6183
2012-12-28,1.3183,0.81695,113.5,1.208,1.2692,1.3122,8.5615,7.3375,1.6053
2012-12-31,1.3194,0.8161,113.61,1.2072,1.2712,1.3137,8.582,7.3483,1.6045
2013-01-02,1.3262,0.814,115.38,1.209,1.2637,1.306,8.5704,7.3175,1.5859
2013-01-03,1.3102,0.81075,113.93,1.209,1.2471,1.2923,8.5398,7.2915,1.5728
2013-01-04,1.3012,0.8123,114.96,1.2092,1.2494,1.2897,8.531,7.299,1.5806
2013-01-07,1.3039,0.8117,114.48,1.2087,1.2421,1.2871,8.5144,7.306,1.5614
2013-01-08,1.3086,0.8145,114.56,1.2092,1.2466,1.2899,8.5766,7.3255,1.566
2013-01-09,1.3056,0.81505,114.34,1.2089,1.2419,1.2893,8.5954,7.325,1.5579
2013-01-10,1.3113,0.8172,115.76,1.2104,1.2403,1.2928,8.5666,7.298,1.555
2013-01-11,1.3274,0.8232,118.18,1.2157,1.2561,1.306,8.6248,7.349,1.5801
2013-01-14,1.3341,0.8312,119.1,1.2243,1.2632,1.3158,8.6178,7.3625,1.586
2013-01-15,1.3327,0.83025,118.04,1.2358,1.2653,1.3142,8.6338,7.3995,1.5886
2013-01-16,1.3277,0.8301,117.06,1.2359,1.2593,1.3102,8.6341,7.42,1.5826
2013-01-17,1.3368,0.8341,119.32,1.2453,1.2694,1.3193,8.643,7.4055,1.5921
2013-01-18,1.3324,0.8372,119.87,1.2446,1.2674,1.3192,8.6642,7.46,1.5931
2013-01-21,1.3323,0.839,119.37,1.2421,1.2665,1.323,8.6936,7.444,1.5925
2013-01-22,1.3317,0.83965,118.18,1.2383,1.2613,1.3242,8.6909,7.442,1.5837
2013-01-23,1.333,0.8407,117.98,1.2385,1.2635,1.3222,8.6909,7.4015,1.5827
2013-01-24,1.3349,0.8439,119.73,1.2417,1.2737,1.3374,8.6879,7.4135,1.5881
2013-01-25,1.3469,0.8514,122.71,1.2444,1.2917,1.3553,8.6889,7.424,1.6099
2013-01-28,1.3444,0.8545,122.21,1.2472,1.293,1.3562,8.6583,7.442,1.621
2013-01-29,1.3433,0.8536,121.52,1.2416,1.286,1.351,8.611,7.411,1.6072
2013-01-30,1.3541,0.8583,123.55,1.2392,1.2996,1.3573,8.6117,7.435,1.6262
2013-01-31,1.355,0.857,123.32,1.2342,1.3009,1.3577,8.6325,7.435,1.6164
2013-02-01,1.3644,0.8617,125.78,1.2351,1.3132,1.3637,8.6022,7.4275,1.6191
2013-02-04,1.3552,0.8619,125.63,1.235,1.299,1.3509,8.5823,7.4275,1.6002
2013-02-05,1.3537,0.8599,126.33,1.2299,1.303,1.3511,8.5632,7.414,1.6074
2013-02-06,1.3517,0.8631,126.48,1.2348,1.3109,1.3493,8.5895,7.423,1.6061
2013-02-07,1.3546,0.8624,126.88,1.2312,1.3135,1.3488,8.6339,7.435,1.6241
2013-02-08,1.3374,0.84635,123.52,1.2282,1.2942,1.3361,8.595,7.391,1.5962
2013-02-11,1.3391,0.8535,125.12,1.2294,1.3029,1.3494,8.5754,7.3795,1.6081
2013-02-12,1.3438,0.8615,126.6,1.2328,1.3107,1.3512,8.5701,7.387,1.6081
2013-02-13,1.348,0.866,125.95,1.2365,1.3036,1.3518,8.4768,7.371,1.6022
2013-02-14,1.3327,0.8594,124.39,1.2293,1.2879,1.3343,8.4492,7.3605,1.5715
2013-02-15,1.3325,0.8604,124.03,1.2303,1.2895,1.336,8.4557,7.3945,1.5703
2013-02-18,1.3352,0.8619,125.24,1.2332,1.2946,1.3439,8.4598,7.407,1.5797
2013-02-19,1.3349,0.8631,124.81,1.2332,1.2905,1.3504,8.4483,7.417,1.5803
2013-02-20,1.337,0.8733,125.09,1.2347,1.2961,1.3567,8.4297,7.4065,1.5972
2013-02-21,1.3186,0.8642,122.85,1.229,1.2859,1.3437,8.4615,7.4755,1.5796
2013-02-22,1.3186,0.86205,122.98,1.2272,1.2763,1.3458,8.4572,7.467,1.5736
2013-02-25,1.3304,0.8789,125.0,1.2305,1.2897,1.3602,8.474,7.4675,1.5832
2013-02-26,1.3077,0.8633,120.2,1.2167,1.2763,1.3418,8.4594,7.4595,1.5805
2013-02-27,1.3097,0.86405,120.06,1.2177,1.2842,1.3434,8.4352,7.467,1.5895
2013-02-28,1.3129,0.863,121.07,1.2209,1.2809,1.3461,8.4475,7.487,1.581
2013-03-01,1.3,0.8647,120.53,1.2245,1.2741,1.3437,8.366,7.4855,1.5759
2013-03-04,1.3007,0.864,121.67,1.2256,1.2821,1.338,8.3801,7.4455,1.5818
2013-03-05,1.3034,0.8598,121.45,1.2277,1.2735,1.3379,8.3384,7.44,1.5763
2013-03-06,1.3035,0.8644,121.85,1.2301,1.267,1.3408,8.3159,7.425,1.563
2013-03-07,1.301,0.865,122.8,1.2318,1.2685,1.3422,8.294,7.4165,1.5704
2013-03-08,1.309,0.871,125.5,1.2355,1.2738,1.347,8.3239,7.4435,1.5789
2013-03-11,1.2994,0.87335,124.91,1.236,1.2702,1.3357,8.326,7.4385,1.5813
2013-03-12,1.3053,0.8763,125.25,1.2344,1.2633,1.3392,8.3182,7.4455,1.5807
2013-03-13,1.2981,0.8678,124.59,1.2319,1.2573,1.3304,8.2931,7.443,1.573
2013-03-14,1.2937,0.8657,124.79,1.2347,1.2495,1.3279,8.3784,7.532,1.5811
2013-03-15,1.3086,0.864,125.56,1.2308,1.2609,1.3352,8.3515,7.5325,1.5888
2013-03-18,1.2929,0.8562,122.88,1.2221,1.2446,1.3211,8.337,7.5015,1.5686
2013-03-19,1.2944,0.85585,123.49,1.2218,1.2475,1.3265,8.3421,7.5205,1.5712
2013-03-20,1.2945,0.8552,123.69,1.2222,1.2469,1.3271,8.3374,7.545,1.574
2013-03-21,1.291,0.85165,122.95,1.2225,1.2375,1.3211,8.3654,7.548,1.5494
2013-03-22,1.2948,0.8528,122.85,1.2212,1.2412,1.3259,8.4232,7.5395,1.5559
2013-03-25,1.2935,0.8516,122.55,1.2213,1.2356,1.3199,8.4361,7.543,1.5465
2013-03-26,1.2861,0.849,121.25,1.2209,1.2263,1.3103,8.3561,7.4975,1.5385
2013-03-27,1.2768,0.84515,120.3,1.2174,1.2234,1.2984,8.302,7.472,1.5274
2013-03-28,1.2805,0.8456,120.87,1.2195,1.2308,1.3021,8.3553,7.512,1.5308
2013-04-02,1.284,0.8469,119.79,1.2159,1.2267,1.3006,8.311,7.467,1.5229
2013-04-03,1.2828,0.8484,119.96,1.2167,1.2237,1.301,8.3258,7.4465,1.5198
2013-04-04,1.2818,0.84745,122.31,1.2155,1.229,1.3012,8.4064,7.449,1.5268
2013-04-05,1.2944,0.8491,124.49,1.2158,1.2425,1.3134,8.3984,7.4475,1.5408
2013-04-08,1.3023,0.85095,128.46,1.2168,1.2503,1.3244,8.3591,7.454,1.5405
2013-04-09,1.304,0.85175,128.92,1.22,1.2449,1.3234,8.3765,7.486,1.5356
2013-04-10,1.3086,0.8548,129.69,1.2183,1.2429,1.329,8.3353,7.506,1.53
2013-04-11,1.3119,0.852,130.39,1.2187,1.2411,1.3242,8.3138,7.477,1.514
2013-04-12,1.3052,0.8497,129.54,1.2167,1.2396,1.3207,8.3373,7.482,1.5182
2013-04-15,1.3081,0.8529,127.83,1.2147,1.2573,1.335,8.3704,7.5005,1.5443
2013-04-16,1.3129,0.8569,128.37,1.2163,1.2654,1.3411,8.3823,7.522,1.5468
2013-04-17,1.3129,0.8613,128.61,1.2149,1.2691,1.3469,8.4727,7.555,1.5502
2013-04-18,1.3045,0.8548,128.4,1.2164,1.2633,1.3362,8.5008,7.587,1.5454
2013-04-19,1.3115,0.8544,130.21,1.2176,1.2692,1.3443,8.511,7.5965,1.5486
2013-04-22,1.3037,0.8563,130.0,1.2188,1.2696,1.3375,8.5139,7.609,1.5461
2013-04-23,1.299,0.85165,128.56,1.2219,1.2676,1.335,8.5926,7.6775,1.5472
2013-04-24,1.3006,0.8525,129.46,1.2302,1.2659,1.3345,8.5885,7.678,1.5366
2013-04-25,1.308,0.8458,129.67,1.2334,1.2669,1.3374,8.5961,7.6535,1.5299
2013-04-26,1.2999,0.84,128.13,1.2273,1.2651,1.3256,8.5579,7.6215,1.5277
2013-04-29,1.3113,0.844,128.27,1.2279,1.2671,1.3293,8.5503,7.609,1.5322
2013-04-30,1.3072,0.8443,127.35,1.2238,1.2649,1.3213,8.542,7.6075,1.5272
2013-05-02,1.3191,0.8466,129.04,1.2244,1.2871,1.3285,8.5503,7.5865,1.554
2013-05-03,1.3114,0.8431,128.6,1.2235,1.278,1.3263,8.5307,7.6075,1.5391
2013-05-06,1.3107,0.8431,130.18,1.228,1.2801,1.3217,8.5543,7.624,1.538
2013-05-07,1.3107,0.8442,129.98,1.2333,1.2908,1.3175,8.5287,7.6395,1.5524
2013-05-08,1.3135,0.8469,129.89,1.2336,1.2873,1.319,8.5402,7.591,1.5629
2013-05-09,1.3142,0.84435,129.8,1.229,1.2858,1.3189,8.5395,7.5485,1.553
2013-05-10,1.2988,0.8443,131.94,1.243,1.2978,1.3113,8.5511,7.526,1.5623
2013-05-13,1.2973,0.8441,132.01,1.2404,1.3003,1.3092,8.5702,7.533,1.5662
2013-05-14,1.2977,0.84815,131.88,1.2416,1.308,1.3157,8.6333,7.5405,1.5757
2013-05-15,1.2864,0.8464,132.04,1.2499,1.3015,1.3133,8.596,7.5415,1.5662
2013-05-16,1.289,0.8455,132.15,1.2444,1.312,1.314,8.5893,7.536,1.5796
2013-05-17,1.2869,0.84475,131.87,1.2449,1.3216,1.322,8.5922,7.5393,1.5917
2013-05-20,1.2853,0.8456,131.86,1.246,1.314,1.3212,8.5754,7.5143,1.576
2013-05-21,1.2866,0.8491,132.33,1.2476,1.3147,1.3212,8.56,7.5065,1.5781
2013-05-22,1.2923,0.8557,133.26,1.2599,1.3253,1.3315,8.5451,7.465,1.5923
2013-05-23,1.2888,0.85515,131.07,1.2486,1.3302,1.3339,8.5943,7.534,1.5932
2013-05-24,1.2939,0.85695,131.25,1.2466,1.3348,1.3369,8.598,7.5285,1.5963
2013-05-27,1.2939,0.8556,130.59,1.2452,1.3405,1.3357,8.5964,7.548,1.5997
2013-05-28,1.2938,0.8553,131.98,1.2533,1.3355,1.3383,8.5874,7.553,1.5927
2013-05-29,1.2952,0.85695,130.9,1.248,1.3447,1.3434,8.6082,7.6,1.5912
2013-05-30,1.2944,0.8557,131.7,1.2487,1.3493,1.3433,8.572,7.619,1.6149
2013-05-31,1.3006,0.85365,130.47,1.2406,1.354,1.3434,8.5828,7.614,1.6265
2013-06-03,1.3008,0.8518,130.37,1.2456,1.3457,1.3455,8.5723,7.597,1.6268
2013-06-04,1.3092,0.8558,131.28,1.2397,1.3538,1.351,8.5704,7.5975,1.629
2013-06-05,1.3067,0.85105,130.13,1.2371,1.3647,1.3509,8.6255,7.605,1.6331
2013-06-06,1.3118,0.8491,129.96,1.2357,1.3789,1.3529,8.6072,7.581,1.6485
2013-06-07,1.326,0.8513,126.81,1.2273,1.3926,1.3568,8.6912,7.6305,1.6658
2013-06-10,1.3209,0.8504,130.47,1.2395,1.3983,1.3455,8.7144,7.612,1.6728
2013-06-11,1.3273,0.8539,128.6,1.2305,1.4206,1.3594,8.7454,7.686,1.708
2013-06-12,1.3277,0.84825,128.3,1.2323,1.3927,1.3489,8.6808,7.665,1.6604
2013-06-13,1.3315,0.8495,125.36,1.229,1.3919,1.3541,8.6765,7.677,1.6696
2013-06-14,1.3303,0.8515,126.37,1.2322,1.3841,1.3524,8.6096,7.6405,1.6469
2013-06-17,1.3337,0.84755,126.36,1.2308,1.3876,1.3548,8.6122,7.6345,1.6519
2013-06-18,1.3374,0.8562,127.55,1.2315,1.4131,1.3635,8.6753,7.6935,1.6756
2013-06-19,1.3406,0.8558,127.44,1.2326,1.4105,1.3673,8.575,7.6765,1.6749
2013-06-20,1.32,0.8545,129.26,1.2319,1.4323,1.3651,8.6724,7.85,1.6927
2013-06-21,1.318,0.8533,128.66,1.2257,1.4296,1.3705,8.6927,7.909,1.7004
2013-06-24,1.3086,0.85115,128.54,1.2241,1.4246,1.3797,8.8884,8.04,1.6969
2013-06-25,1.3134,0.8486,127.79,1.2268,1.4156,1.377,8.7683,7.98,1.6939
2013-06-26,1.3024,0.8482,127.33,1.2262,1.4033,1.3649,8.7615,7.947,1.673
2013-06-27,1.3032,0.8531,127.93,1.2326,1.3995,1.3599,8.756,7.881,1.664
2013-06-28,1.308,0.8572,129.39,1.2338,1.4171,1.3714,8.7773,7.8845,1.6792
2013-07-01,1.3037,0.85625,129.99,1.234,1.419,1.3714,8.6958,7.8985,1.6774
2013-07-02,1.3017,0.8579,130.08,1.2354,1.4222,1.3756,8.7008,7.92,1.6769
2013-07-03,1.2959,0.8492,128.85,1.2285,1.4278,1.3664,8.7083,7.9355,1.6743
2013-07-04,1.2984,0.8598,129.64,1.2328,1.4239,1.369,8.708,7.935,1.6655
2013-07-05,1.2883,0.86055,128.97,1.2348,1.4049,1.3554,8.6562,7.9525,1.645
2013-07-08,1.285,0.8616,130.04,1.2404,1.4145,1.3567,8.7898,7.965,1.6573
2013-07-09,1.2857,0.865,130.07,1.2452,1.4024,1.3558,8.7194,7.9,1.6359
2013-07-10,1.2813,0.8602,128.44,1.244,1.3935,1.3475,8.6767,7.855,1.6316
2013-07-11,1.3044,0.8629,129.63,1.2414,1.4162,1.3572,8.7055,7.929,1.6588
2013-07-12,1.3034,0.8627,129.75,1.2388,1.4436,1.3537,8.705,7.913,1.6752
2013-07-15,1.3012,0.8647,130.68,1.2394,1.438,1.3568,8.7359,7.931,1.6803
2013-07-16,1.3118,0.8693,130.35,1.2371,1.4225,1.3657,8.6974,7.8935,1.667
2013-07-17,1.3136,0.86315,131.15,1.234,1.4273,1.3656,8.6295,7.8775,1.6725
2013-07-18,1.3093,0.8609,131.22,1.237,1.429,1.364,8.6212,7.8535,1.6621
2013-07-19,1.3123,0.85995,131.67,1.2361,1.424,1.3618,8.5933,7.856,1.6471
2013-07-22,1.3166,0.859,131.47,1.237,1.4272,1.3618,8.5577,7.823,1.66
2013-07-23,1.318,0.85955,131.91,1.2387,1.4268,1.362,8.5525,7.816,1.6528
2013-07-24,1.3246,0.8626,132.6,1.2388,1.4361,1.3604,8.5521,7.7845,1.6606
2013-07-25,1.3202,0.8637,131.81,1.2365,1.4388,1.3593,8.6085,7.8255,1.6423
2013-07-26,1.326,0.86105,130.84,1.2334,1.434,1.3638,8.6118,7.864,1.6455
2013-07-29,1.327,0.8634,129.91,1.233,1.4364,1.3636,8.5812,7.8605,1.6444
2013-07-30,1.3284,0.86735,129.99,1.2335,1.4618,1.3629,8.6818,7.872,1.6606
2013-07-31,1.3275,0.8735,130.0,1.2317,1.4725,1.3669,8.7128,7.8655,1.6648
2013-08-01,1.3236,0.8692,130.69,1.2317,1.4733,1.363,8.6914,7.8345,1.6662
2013-08-02,1.3203,0.87135,131.78,1.2383,1.4837,1.3734,8.7714,7.8655,1.6765
2013-08-05,1.3257,0.86425,130.62,1.2352,1.491,1.3782,8.7618,7.855,1.7076
2013-08-06,1.328,0.86575,130.27,1.2313,1.4817,1.3778,8.7112,7.861,1.689
2013-08-07,1.3305,0.85955,129.21,1.2321,1.4878,1.3868,8.7261,7.8995,1.6826
2013-08-08,1.336,0.862,128.68,1.2307,1.4726,1.3909,8.6828,7.884,1.6747
2013-08-09,1.3373,0.86135,128.96,1.231,1.4587,1.3762,8.6747,7.817,1.6682
2013-08-12,1.328,0.8586,128.66,1.2327,1.4496,1.3693,8.6792,7.8085,1.658
2013-08-13,1.329,0.85955,130.27,1.2358,1.4549,1.3715,8.6624,7.796,1.6618
2013-08-14,1.3243,0.8544,130.17,1.2415,1.4524,1.3689,8.6393,7.813,1.6501
2013-08-15,1.3297,0.8533,130.48,1.2427,1.4525,1.3732,8.6455,7.8435,1.6479
2013-08-16,1.334,0.85325,130.03,1.2354,1.454,1.3771,8.707,7.9015,1.6501
2013-08-19,1.3344,0.8529,130.72,1.2352,1.4592,1.3786,8.712,7.904,1.6453
2013-08-20,1.3392,0.8549,130.33,1.2323,1.4761,1.3897,8.7061,7.986,1.678
2013-08-21,1.3384,0.85295,130.52,1.231,1.4811,1.3966,8.7277,8.0535,1.6913
2013-08-22,1.3323,0.85505,131.45,1.2349,1.4813,1.3984,8.689,8.1225,1.7049
2013-08-23,1.3355,0.8591,132.35,1.2358,1.4879,1.4114,8.714,8.094,1.7185
2013-08-26,1.3361,0.8585,131.74,1.2352,1.4831,1.4064,8.7281,8.083,1.7075
2013-08-27,1.3338,0.8609,130.07,1.2293,1.4877,1.404,8.6894,8.029,1.7136
2013-08-28,1.3347,0.8632,130.1,1.229,1.4975,1.4001,8.6875,8.059,1.7225
2013-08-29,1.3266,0.8549,130.34,1.2308,1.4839,1.3923,8.7178,8.049,1.7062
2013-08-30,1.3235,0.85395,130.01,1.231,1.482,1.3936,8.7503,8.0905,1.7041
2013-09-02,1.3207,0.84775,131.09,1.2317,1.468,1.3907,8.7222,8.0095,1.69
2013-09-03,1.3172,0.8473,130.98,1.2325,1.4583,1.3864,8.7031,8.001,1.686
2013-09-04,1.3171,0.8438,131.06,1.2345,1.4373,1.3814,8.7165,8.0035,1.6698
2013-09-05,1.3202,0.8431,131.64,1.239,1.4451,1.3837,8.7751,8.048,1.6754
2013-09-06,1.3117,0.842,130.71,1.2382,1.4309,1.3682,8.7248,8.002,1.6505
2013-09-09,1.3194,0.8413,131.3,1.235,1.4338,1.3699,8.7492,8.022,1.6485
2013-09-10,1.324,0.8438,132.8,1.2392,1.4255,1.3684,8.6887,7.861,1.6432
2013-09-11,1.3268,0.8414,132.96,1.2395,1.4288,1.3716,8.6717,7.85,1.6467
2013-09-12,1.329,0.841,132.18,1.2368,1.4367,1.3715,8.6924,7.8555,1.6334
2013-09-13,1.3295,0.8399,132.43,1.2376,1.438,1.3739,8.7048,7.8695,1.6323
2013-09-16,1.3357,0.8385,132.05,1.2374,1.4248,1.3759,8.6943,7.892,1.6267
2013-09-17,1.3356,0.8397,132.44,1.2375,1.4279,1.3774,8.6352,7.8655,1.6249
2013-09-18,1.3352,0.8358,132.18,1.237,1.4281,1.3762,8.6263,7.8915,1.6242
2013-09-19,1.3545,0.842,134.09,1.2333,1.4261,1.3829,8.5702,7.842,1.6137
2013-09-20,1.3514,0.8436,134.57,1.233,1.4354,1.3898,8.5969,8.0065,1.6153
2013-09-23,1.3508,0.84115,133.59,1.2323,1.4313,1.3909,8.6007,7.971,1.612
2013-09-24,1.3473,0.84431,132.92,1.2295,1.4347,1.3857,8.6315,8.02,1.6261
2013-09-25,1.3504,0.84165,133.14,1.2304,1.443,1.3924,8.6881,8.133,1.6413
2013-09-26,1.3499,0.8418,133.41,1.2288,1.439,1.3909,8.6554,8.0625,1.6266
2013-09-27,1.3537,0.84,133.28,1.2248,1.4542,1.3967,8.6863,8.103,1.6373
2013-09-30,1.3505,0.83605,131.78,1.2225,1.4486,1.3912,8.6575,8.114,1.6296
2013-10-01,1.3554,0.8345,132.6,1.2253,1.4388,1.3962,8.6329,8.131,1.6363
2013-10-02,1.3515,0.8341,131.76,1.2241,1.4458,1.3988,8.655,8.132,1.641
2013-10-03,1.3594,0.8394,132.81,1.2276,1.45,1.4053,8.6214,8.109,1.6412
2013-10-04,1.3593,0.8469,132.03,1.2271,1.4409,1.4042,8.6732,8.1145,1.6366
2013-10-07,1.3572,0.8437,131.46,1.2262,1.4421,1.401,8.7425,8.127,1.6394
2013-10-08,1.3576,0.84265,131.94,1.2284,1.4316,1.3994,8.7023,8.082,1.6303
2013-10-09,1.3515,0.8464,131.55,1.2313,1.4299,1.4029,8.7445,8.11,1.6269
2013-10-10,1.3532,0.8481,132.37,1.2311,1.4346,1.4053,8.8217,8.19,1.6395
2013-10-11,1.3566,0.849,133.38,1.2314,1.4318,1.4094,8.7659,8.1285,1.6261
2013-10-14,1.3564,0.8483,133.19,1.2334,1.4313,1.4041,8.7988,8.1325,1.6228
2013-10-15,1.3493,0.84635,132.89,1.2361,1.4167,1.3975,8.7617,8.118,1.612
2013-10-16,1.3561,0.8459,133.38,1.2341,1.4227,1.4067,8.8116,8.1365,1.6122
2013-10-17,1.3662,0.8476,133.64,1.2327,1.4197,1.4069,8.7781,8.115,1.608
2013-10-18,1.3684,0.84515,133.73,1.2343,1.4173,1.4089,8.7686,8.0985,1.6125
2013-10-21,1.3667,0.8465,134.17,1.2352,1.4139,1.4069,8.785,8.092,1.6148
2013-10-22,1.3674,0.8476,134.52,1.2355,1.4143,1.4084,8.7626,8.1335,1.6166
2013-10-23,1.3752,0.8516,133.95,1.2307,1.4298,1.4189,8.7756,8.136,1.6436
2013-10-24,1.3805,0.8537,134.32,1.2303,1.4354,1.4358,8.7626,8.121,1.6503
2013-10-25,1.3777,0.8519,134.15,1.2348,1.4369,1.438,8.7351,8.137,1.6601
2013-10-28,1.3784,0.8534,134.65,1.2343,1.4387,1.4396,8.7464,8.13,1.6621
2013-10-29,1.3768,0.8567,134.88,1.2358,1.4505,1.4379,8.7695,8.1195,1.6667
2013-10-30,1.3755,0.8559,135.11,1.2347,1.4471,1.4364,8.782,8.08,1.6632
2013-10-31,1.3641,0.8502,133.99,1.2333,1.4353,1.4251,8.8052,8.104,1.645
2013-11-01,1.3505,0.84635,132.9,1.231,1.4265,1.4082,8.8055,8.046,1.6343
2013-11-04,1.3506,0.8456,133.28,1.2321,1.4215,1.4048,8.7722,8.0165,1.626
2013-11-05,1.3494,0.8403,132.59,1.2297,1.4157,1.4073,8.794,8.052,1.6192
2013-11-06,1.3517,0.8403,133.33,1.2321,1.4186,1.4112,8.7874,8.0505,1.6079
2013-11-07,1.3365,0.8321,132.0,1.2298,1.4088,1.394,8.711,8.016,1.5945
2013-11-08,1.3431,0.83525,131.58,1.2302,1.4193,1.4042,8.8375,8.1755,1.6101
2013-11-11,1.3394,0.8381,132.86,1.2328,1.4314,1.4026,8.7967,8.2065,1.6262
2013-11-12,1.3432,0.8447,133.87,1.2328,1.4401,1.4097,8.9103,8.2995,1.6333
2013-11-13,1.3415,0.8399,133.27,1.2316,1.4409,1.4071,8.9928,8.338,1.6283
2013-11-14,1.3436,0.83715,134.26,1.2332,1.4454,1.4106,8.974,8.331,1.6281
2013-11-15,1.346,0.8377,134.99,1.2346,1.4422,1.4085,8.9438,8.2535,1.6216
2013-11-18,1.3517,0.8388,135.23,1.2321,1.4378,1.4081,8.9156,8.2685,1.6152
2013-11-19,1.3502,0.8385,134.89,1.2333,1.4341,1.4092,8.9613,8.2285,1.6195
2013-11-20,1.3527,0.83765,135.2,1.2323,1.4418,1.4145,8.9195,8.228,1.6275
2013-11-21,1.3472,0.835,135.83,1.2318,1.4536,1.4109,8.9353,8.2065,1.6393
2013-11-22,1.3518,0.8344,136.74,1.2302,1.4746,1.4249,8.8948,8.2065,1.6575
2013-11-25,1.3514,0.8348,137.57,1.2311,1.4754,1.4272,8.8915,8.2755,1.6458
2013-11-26,1.3547,0.8383,137.34,1.2312,1.4861,1.4258,8.8942,8.2685,1.6528
2013-11-27,1.3596,0.83405,138.43,1.2305,1.4952,1.4382,8.91,8.253,1.6638
2013-11-28,1.3592,0.83215,139.06,1.2323,1.4915,1.4376,8.9301,8.276,1.6668
2013-11-29,1.3611,0.83275,139.21,1.2298,1.4934,1.4394,8.9075,8.32,1.6698
2013-12-02,1.3536,0.82605,139.16,1.2321,1.4812,1.4387,8.8904,8.3095,1.6507
2013-12-03,1.3578,0.8271,139.31,1.2287,1.4873,1.4465,8.8677,8.29,1.6457
2013-12-04,1.3592,0.83,139.31,1.2268,1.5046,1.4484,8.8382,8.3105,1.6585
2013-12-05,1.3594,0.8313,138.73,1.2262,1.5038,1.4487,8.8631,8.4035,1.6565
2013-12-06,1.3661,0.8358,139.63,1.2231,1.5065,1.4548,8.9261,8.434,1.6663
2013-12-09,1.3722,0.83765,141.33,1.2231,1.5101,1.4633,8.9554,8.4285,1.6587
2013-12-10,1.375,0.83645,141.35,1.2214,1.5039,1.4604,8.9897,8.4015,1.6529
2013-12-11,1.3767,0.84025,141.22,1.2219,1.5123,1.4581,9.0124,8.4215,1.6701
2013-12-12,1.3775,0.8397,141.51,1.2211,1.521,1.4571,9.0604,8.4765,1.6562
2013-12-13,1.3727,0.8437,141.93,1.2226,1.5355,1.4626,9.0351,8.49,1.6691
2013-12-16,1.3776,0.84385,141.87,1.2212,1.54,1.4579,9.0266,8.4345,1.6673
2013-12-17,1.3749,0.8456,141.61,1.2206,1.5421,1.4557,9.0412,8.46,1.6626
2013-12-18,1.3749,0.8401,141.61,1.2211,1.5434,1.4621,8.9892,8.3795,1.666
2013-12-19,1.3667,0.8349,142.55,1.2261,1.5445,1.465,8.9539,8.383,1.6715
2013-12-20,1.3655,0.8348,142.66,1.2263,1.5405,1.46,8.9905,8.416,1.6725
2013-12-23,1.3702,0.8377,142.38,1.2257,1.532,1.4524,8.9873,8.3975,1.6697
2013-12-24,1.3684,0.83603,142.66,1.2243,1.533,1.4519,9.0015,8.4345,1.6715
2013-12-27,1.3814,0.83665,145.02,1.2234,1.5506,1.4731,8.9785,8.4475,1.6893
2013-12-30,1.3783,0.8364,145.02,1.2259,1.552,1.4764,8.9283,8.4255,1.6866
2013-12-31,1.3791,0.8337,144.72,1.2276,1.5423,1.4671,8.8591,8.363,1.6762
2014-01-02,1.3658,0.8282,143.82,1.2307,1.5424,1.452,8.8832,8.4025,1.6754
2014-01-03,1.3634,0.83045,142.46,1.2309,1.5156,1.4468,8.8561,8.3585,1.6434
2014-01-06,1.3602,0.8303,142.28,1.2319,1.5207,1.4496,8.8687,8.39,1.6431
2014-01-07,1.3641,0.83115,142.43,1.2367,1.528,1.4585,8.8573,8.385,1.6455
2014-01-08,1.3594,0.8277,142.33,1.2383,1.5212,1.4692,8.8964,8.411,1.6373
2014-01-09,1.3612,0.82575,142.92,1.2368,1.5343,1.478,8.926,8.4075,1.6495
2014-01-10,1.3587,0.828,142.67,1.2342,1.5265,1.4777,8.882,8.4025,1.6527
2014-01-13,1.3654,0.8317,141.37,1.2342,1.5066,1.4897,8.8713,8.362,1.6328
2014-01-14,1.3667,0.83145,141.62,1.2334,1.5189,1.4883,8.8198,8.334,1.6243
2014-01-15,1.3606,0.8302,141.86,1.2354,1.5263,1.4905,8.7955,8.3185,1.628
2014-01-16,1.3597,0.83215,142.21,1.235,1.5457,1.4851,8.8174,8.389,1.6375
2014-01-17,1.3584,0.8262,141.8,1.2332,1.5455,1.49,8.7937,8.3795,1.6443
2014-01-20,1.3566,0.8262,141.05,1.2337,1.5388,1.4838,8.783,8.3775,1.6405
2014-01-21,1.3526,0.8239,141.58,1.2357,1.5403,1.4877,8.8071,8.372,1.629
2014-01-22,1.3566,0.819,141.57,1.2345,1.5291,1.4876,8.7958,8.3655,1.6268
2014-01-23,1.3639,0.82175,141.99,1.2317,1.554,1.5199,8.7661,8.3325,1.6425
2014-01-24,1.3687,0.8291,140.18,1.2256,1.5715,1.5141,8.8197,8.3915,1.6559
2014-01-27,1.3658,0.82505,140.39,1.2267,1.5618,1.508,8.8057,8.438,1.6561
2014-01-28,1.3649,0.82285,140.61,1.2278,1.5515,1.521,8.8158,8.405,1.6514
2014-01-29,1.3608,0.8221,139.73,1.2255,1.5535,1.5173,8.8005,8.438,1.6436
2014-01-30,1.3574,0.8238,139.28,1.2233,1.5459,1.5176,8.8347,8.468,1.6624
2014-01-31,1.3516,0.82135,138.13,1.222,1.5516,1.5131,8.8509,8.511,1.6682
2014-02-03,1.3498,0.8259,137.82,1.2226,1.5346,1.495,8.8318,8.4525,1.6643
2014-02-04,1.3519,0.82905,137.05,1.2215,1.5195,1.497,8.8231,8.52,1.657
2014-02-05,1.3543,0.8322,136.78,1.2222,1.5174,1.4976,8.829,8.458,1.6469
2014-02-06,1.3495,0.82875,136.93,1.2224,1.5051,1.4925,8.7883,8.4,1.6392
2014-02-07,1.3574,0.8314,138.79,1.2237,1.5178,1.5025,8.8595,8.412,1.6462
2014-02-10,1.3638,0.8316,139.26,1.2234,1.5259,1.5063,8.8457,8.358,1.6488
2014-02-11,1.3676,0.83075,140.0,1.2235,1.5148,1.5093,8.82,8.368,1.6416
2014-02-12,1.3573,0.8216,138.89,1.2249,1.5016,1.493,8.7718,8.332,1.6277
2014-02-13,1.3675,0.8215,139.42,1.2216,1.5257,1.5047,8.8106,8.3365,1.6399
2014-02-14,1.3707,0.82035,139.48,1.2221,1.5176,1.5017,8.8486,8.355,1.6379
2014-02-17,1.3699,0.81885,139.6,1.2221,1.5159,1.5015,8.8286,8.32,1.6381
2014-02-18,1.3731,0.8233,140.77,1.2221,1.5212,1.5059,8.922,8.343,1.6522
2014-02-19,1.3745,0.8251,140.08,1.2214,1.5217,1.5051,8.9382,8.3185,1.6515
2014-02-20,1.3706,0.822,139.91,1.2203,1.5269,1.5189,8.9606,8.3625,1.6555
2014-02-21,1.3707,0.82183,140.5,1.2195,1.5283,1.5304,8.9953,8.367,1.6558
2014-02-24,1.3735,0.82465,140.69,1.2209,1.5271,1.5243,8.9372,8.278,1.6558
2014-02-25,1.3754,0.82395,140.65,1.2193,1.5239,1.5233,8.9313,8.288,1.6508
2014-02-26,1.3726,0.8226,140.5,1.2198,1.5288,1.523,8.9287,8.307,1.65
2014-02-27,1.3656,0.82035,139.15,1.2161,1.5286,1.52,8.9184,8.2735,1.6319
2014-02-28,1.3813,0.82625,140.63,1.2153,1.5414,1.5357,8.8525,8.275,1.64
2014-03-03,1.3768,0.82305,139.51,1.2129,1.5432,1.5278,8.8652,8.3175,1.6446
2014-03-04,1.3768,0.8246,140.2,1.2172,1.5392,1.5244,8.8603,8.2485,1.6411
2014-03-05,1.3732,0.8217,140.71,1.2186,1.5295,1.519,8.8519,8.2305,1.632
2014-03-06,1.3745,0.8234,141.22,1.219,1.5168,1.5162,8.83,8.2265,1.6206
2014-03-07,1.3894,0.8285,143.02,1.2191,1.5216,1.5261,8.859,8.278,1.6341
2014-03-10,1.3881,0.8338,143.39,1.2192,1.5359,1.5419,8.8735,8.282,1.6407
2014-03-11,1.385,0.8336,143.05,1.2175,1.533,1.539,8.8287,8.2385,1.6319
2014-03-12,1.3887,0.8359,142.68,1.2159,1.5507,1.5465,8.8619,8.287,1.6416
2014-03-13,1.3942,0.83545,143.3,1.216,1.5372,1.5428,8.8495,8.2575,1.6238
2014-03-14,1.3884,0.83665,140.63,1.2124,1.5382,1.5393,8.8676,8.3075,1.627
2014-03-17,1.3906,0.83675,141.45,1.2154,1.5311,1.5393,8.8604,8.28,1.6235
2014-03-18,1.3902,0.8383,141.1,1.2162,1.5255,1.5355,8.8226,8.305,1.6138
2014-03-19,1.3913,0.8368,141.31,1.2167,1.5269,1.5545,8.8339,8.3175,1.6142
2014-03-20,1.3762,0.83455,140.85,1.219,1.5257,1.5507,8.8576,8.3705,1.6159
2014-03-21,1.378,0.8357,141.07,1.2182,1.5199,1.5435,8.8541,8.3695,1.6146
2014-03-24,1.3774,0.8354,141.05,1.2197,1.5091,1.5448,8.8624,8.3495,1.6118
2014-03-25,1.3789,0.8348,141.22,1.2197,1.5069,1.5413,8.8576,8.34,1.6138
2014-03-26,1.3791,0.8336,141.25,1.2216,1.4934,1.5398,8.9032,8.332,1.6018
2014-03-27,1.3758,0.8277,140.75,1.2187,1.4899,1.5262,8.9191,8.2655,1.5895
2014-03-28,1.3759,0.8272,140.9,1.2186,1.4886,1.5187,8.9312,8.2455,1.5863
2014-03-31,1.3788,0.8282,142.42,1.2194,1.4941,1.5225,8.9483,8.255,1.5952
2014-04-01,1.379,0.8292,142.53,1.2178,1.4929,1.5241,8.9002,8.227,1.5903
2014-04-02,1.3795,0.828,143.03,1.219,1.4905,1.5191,8.9049,8.215,1.6091
2014-04-03,1.3771,0.8297,143.12,1.2209,1.4912,1.5172,8.9554,8.23,1.6149
2014-04-04,1.37,0.8267,142.33,1.2235,1.481,1.51,8.9598,8.2125,1.6025
2014-04-07,1.3723,0.8271,141.65,1.2202,1.4818,1.5084,8.9733,8.2405,1.5983
2014-04-08,1.3774,0.8242,140.9,1.22,1.476,1.5055,8.9653,8.236,1.5885
2014-04-09,1.3794,0.82375,140.73,1.2184,1.4727,1.5082,8.9953,8.2195,1.589
2014-04-10,1.3867,0.8272,141.0,1.218,1.4732,1.5118,9.0518,8.216,1.5944
2014-04-11,1.3872,0.8291,140.69,1.2161,1.4772,1.5216,9.0754,8.2605,1.6003
2014-04-14,1.3827,0.8274,140.87,1.2154,1.4692,1.5163,9.0688,8.24,1.5962
2014-04-15,1.3803,0.8251,140.62,1.2162,1.4697,1.5171,9.0902,8.2295,1.5932
2014-04-16,1.384,0.8239,141.55,1.2169,1.4788,1.52,9.092,8.24,1.6098
2014-04-17,1.3855,0.8243,141.57,1.2175,1.4822,1.5253,9.1091,8.2824,1.6093
2014-04-22,1.3817,0.8205,141.69,1.2214,1.4753,1.5218,9.0925,8.2615,1.6057
2014-04-23,1.3834,0.8239,141.46,1.2198,1.4905,1.5249,9.0829,8.2715,1.6125
2014-04-24,1.382,0.823,141.63,1.2203,1.4916,1.5237,9.069,8.2785,1.6126
2014-04-25,1.3831,0.82285,141.05,1.2194,1.4883,1.5239,9.0927,8.2845,1.6106
2014-04-28,1.3861,0.8228,141.85,1.2181,1.4934,1.528,9.052,8.3145,1.622
2014-04-29,1.3826,0.8222,142.03,1.22,1.4916,1.5167,9.0555,8.281,1.6191
2014-04-30,1.385,0.823,142.07,1.22,1.4947,1.5191,9.0723,8.272,1.6187
2014-05-02,1.3862,0.8214,142.06,1.2189,1.4971,1.52,9.0246,8.2355,1.6026
2014-05-05,1.3874,0.82293,141.44,1.2174,1.4975,1.5242,9.0844,8.2605,1.5996
2014-05-06,1.3945,0.82115,141.89,1.2169,1.4932,1.5232,9.0666,8.242,1.5909
2014-05-07,1.3927,0.8207,141.68,1.2186,1.4909,1.5164,9.0497,8.2235,1.6035
2014-05-08,1.3953,0.8233,141.95,1.2178,1.4857,1.5175,9.0439,8.178,1.6122
2014-05-09,1.3781,0.81725,140.14,1.2186,1.4714,1.4925,9.0189,8.137,1.5957
2014-05-12,1.3765,0.81515,140.31,1.2211,1.4684,1.4976,9.0155,8.1395,1.5955
2014-05-13,1.3703,0.81395,140.25,1.2201,1.4625,1.4935,8.991,8.13,1.585
2014-05-14,1.3719,0.8177,139.65,1.2199,1.4597,1.4958,8.999,8.1165,1.5827
2014-05-15,1.3659,0.8152,139.17,1.2227,1.4589,1.4845,8.974,8.105,1.5786
2014-05-16,1.3696,0.8148,138.95,1.221,1.4633,1.4897,9.0122,8.1505,1.5862
2014-05-19,1.3715,0.8146,138.79,1.2228,1.4654,1.4904,9.0461,8.1355,1.5872
2014-05-20,1.3702,0.814,138.88,1.2223,1.4797,1.4921,9.0294,8.136,1.5978
2014-05-21,1.3676,0.8094,138.18,1.2216,1.4819,1.4908,9.0008,8.139,1.5968
2014-05-22,1.3668,0.8104,138.96,1.2215,1.4799,1.4915,8.9944,8.12,1.5963
2014-05-23,1.363,0.80935,138.92,1.221,1.4782,1.4858,9.06,8.1305,1.5957
2014-05-26,1.3635,0.8099,138.97,1.221,1.4761,1.4812,9.0371,8.1245,1.5955
2014-05-27,1.3638,0.811,139.01,1.2221,1.4737,1.4796,9.0393,8.1185,1.5954
2014-05-28,1.3608,0.8125,138.73,1.2225,1.4745,1.4781,9.032,8.102,1.6039
2014-05-29,1.3612,0.8145,138.34,1.221,1.4648,1.4774,9.0255,8.1106,1.6034
2014-05-30,1.3607,0.8131,138.36,1.2204,1.4635,1.4745,9.0823,8.1425,1.6057
2014-06-02,1.3611,0.8129,138.94,1.2214,1.4714,1.4786,9.1027,8.1605,1.6073
2014-06-03,1.3645,0.8147,139.64,1.2216,1.4731,1.4888,9.1044,8.1815,1.6122
2014-06-04,1.3627,0.813,139.78,1.2204,1.4695,1.4893,9.074,8.1655,1.6199
2014-06-05,1.3567,0.8103,139.24,1.22,1.4608,1.4842,9.0285,8.136,1.6068
2014-06-06,1.3642,0.8108,139.71,1.2185,1.4613,1.4902,9.0674,8.1495,1.6009
2014-06-09,1.3608,0.80985,139.39,1.2193,1.4545,1.4861,9.0795,8.0997,1.599
2014-06-10,1.3547,0.8075,138.63,1.2188,1.4458,1.4784,9.0686,8.089,1.5909
2014-06-11,1.3547,0.807,138.19,1.2179,1.4419,1.4749,9.0467,8.1085,1.5831
2014-06-12,1.3528,0.8039,138.12,1.2174,1.4383,1.469,9.0637,8.1085,1.5591
2014-06-13,1.3534,0.7979,138.08,1.2178,1.4414,1.4683,9.0232,8.1255,1.5634
2014-06-16,1.3532,0.7974,137.81,1.2176,1.4426,1.4724,9.0005,8.119,1.5611
2014-06-17,1.3568,0.7994,138.4,1.2188,1.4492,1.4742,9.0058,8.13,1.5651
2014-06-18,1.3563,0.8005,138.65,1.218,1.4525,1.4742,9.007,8.1695,1.5646
2014-06-19,1.362,0.79985,138.82,1.217,1.4478,1.4749,9.0885,8.314,1.5622
2014-06-20,1.3588,0.7975,138.68,1.2169,1.4456,1.4694,9.149,8.342,1.5623
2014-06-23,1.3596,0.7994,138.46,1.2167,1.4405,1.4594,9.1283,8.324,1.5573
2014-06-24,1.3618,0.8015,138.8,1.2173,1.449,1.4615,9.1516,8.3035,1.5639
2014-06-25,1.3615,0.80225,138.73,1.2168,1.4539,1.462,9.1734,8.3585,1.5652
2014-06-26,1.3606,0.7991,138.49,1.2164,1.446,1.4577,9.1841,8.3565,1.5531
2014-06-27,1.362,0.79965,138.09,1.2162,1.446,1.4556,9.1962,8.368,1.5542
2014-06-30,1.3658,0.8015,138.44,1.2156,1.4537,1.4589,9.1762,8.4035,1.5626
2014-07-01,1.3688,0.7981,138.98,1.2138,1.4479,1.4587,9.16,8.438,1.5624
2014-07-02,1.3656,0.7958,138.65,1.2137,1.4447,1.4535,9.1574,8.425,1.5568
2014-07-03,1.3646,0.7965,139.06,1.2147,1.4552,1.453,9.3286,8.481,1.5563
2014-07-04,1.3588,0.7926,138.67,1.216,1.4529,1.4451,9.3129,8.4115,1.5548
2014-07-07,1.3592,0.79385,138.53,1.2155,1.4522,1.4466,9.3098,8.402,1.5547
2014-07-08,1.3589,0.79385,138.26,1.2155,1.4459,1.4508,9.2977,8.3965,1.548
2014-07-09,1.3603,0.79555,138.38,1.2158,1.4486,1.4506,9.2585,8.4035,1.5466
2014-07-10,1.3604,0.79505,137.87,1.2143,1.452,1.4515,9.2168,8.377,1.5451
2014-07-11,1.3595,0.7941,137.75,1.2143,1.4463,1.4466,9.2176,8.377,1.5417
2014-07-14,1.3627,0.7966,138.29,1.2139,1.45,1.4619,9.2482,8.41,1.5457
2014-07-15,1.3613,0.7931,138.28,1.2142,1.4522,1.4611,9.2564,8.4305,1.5465
2014-07-16,1.3532,0.7903,137.73,1.2156,1.448,1.4564,9.2495,8.385,1.5548
2014-07-17,1.3525,0.7909,137.27,1.2147,1.4426,1.4537,9.247,8.3825,1.5569
2014-07-18,1.3525,0.79155,137.07,1.2144,1.4407,1.4533,9.2282,8.3575,1.558
2014-07-21,1.3518,0.7915,136.97,1.2144,1.4407,1.4524,9.2592,8.3975,1.5553
2014-07-22,1.3481,0.7905,136.93,1.2151,1.4368,1.4502,9.2414,8.344,1.5564
2014-07-23,1.3465,0.7908,136.51,1.215,1.4248,1.4436,9.2016,8.3235,1.5501
2014-07-24,1.3472,0.79215,136.97,1.2152,1.4272,1.4449,9.2102,8.361,1.5679
2014-07-25,1.344,0.79115,136.97,1.2152,1.4289,1.4472,9.1661,8.3395,1.5728
2014-07-28,1.3433,0.79055,136.74,1.215,1.4275,1.452,9.1523,8.3365,1.5703
2014-07-29,1.3429,0.7924,137.04,1.2152,1.4303,1.4529,9.1801,8.362,1.5776
2014-07-30,1.3401,0.7917,137.05,1.2165,1.431,1.4572,9.2272,8.377,1.5746
2014-07-31,1.3379,0.7928,137.66,1.2169,1.4396,1.461,9.2261,8.405,1.5761
2014-08-01,1.3395,0.7961,137.92,1.2163,1.4431,1.4635,9.2205,8.439,1.5801
2014-08-04,1.3422,0.7972,137.72,1.2167,1.4408,1.466,9.2563,8.4285,1.5771
2014-08-05,1.3382,0.7939,137.46,1.2175,1.4365,1.4655,9.2066,8.3865,1.5726
2014-08-06,1.3345,0.79285,136.58,1.2152,1.4329,1.4643,9.2454,8.4105,1.5795
2014-08-07,1.3368,0.794,136.76,1.215,1.4414,1.4615,9.2334,8.37,1.5783
2014-08-08,1.3388,0.7967,136.45,1.2137,1.4419,1.4614,9.244,8.36,1.5791
2014-08-11,1.3386,0.7976,136.72,1.2134,1.4443,1.4663,9.1941,8.279,1.582
2014-08-12,1.3346,0.7955,136.49,1.2138,1.4406,1.4614,9.1817,8.2425,1.5835
2014-08-13,1.336,0.7997,136.89,1.2135,1.4375,1.4593,9.1884,8.2375,1.5825
2014-08-14,1.3373,0.8016,136.99,1.2124,1.4354,1.4565,9.1842,8.226,1.573
2014-08-15,1.3388,0.80215,137.33,1.2114,1.4362,1.4593,9.1542,8.2205,1.5755
2014-08-18,1.3383,0.8002,137.22,1.2107,1.436,1.4559,9.1633,8.2315,1.5766
2014-08-19,1.3354,0.80265,137.12,1.2104,1.4298,1.4568,9.1529,8.1975,1.5787
2014-08-20,1.3284,0.7981,137.23,1.2106,1.4295,1.4549,9.1651,8.2035,1.5836
2014-08-21,1.3262,0.79925,137.71,1.2109,1.4283,1.454,9.1695,8.163,1.5829
2014-08-22,1.3267,0.8003,137.7,1.21,1.4248,1.4537,9.1532,8.1495,1.5767
2014-08-25,1.32,0.79567,137.13,1.2087,1.4175,1.4457,9.1489,8.1515,1.5787
2014-08-26,1.3192,0.79605,137.15,1.2086,1.4157,1.4465,9.1563,8.146,1.583
2014-08-27,1.3177,0.794,136.88,1.2068,1.4102,1.4372,9.1608,8.1555,1.5735
2014-08-28,1.3178,0.7945,136.68,1.206,1.4079,1.429,9.199,8.1525,1.5717
2014-08-29,1.3188,0.7953,137.11,1.2061,1.4123,1.4314,9.1658,8.1465,1.5752
2014-09-01,1.3133,0.79025,136.97,1.2072,1.4059,1.4266,9.1921,8.133,1.566
2014-09-02,1.3115,0.7933,137.63,1.2072,1.4129,1.4307,9.2018,8.122,1.5746
2014-09-03,1.3151,0.79855,138.11,1.2078,1.4094,1.4336,9.1969,8.1605,1.5802
2014-09-04,1.3015,0.7932,136.89,1.2055,1.3927,1.416,9.157,8.1175,1.5665
2014-09-05,1.2948,0.79455,136.27,1.2064,1.3826,1.4085,9.1813,8.137,1.5613
2014-09-08,1.2947,0.80235,136.32,1.2069,1.387,1.4119,9.1732,8.154,1.559
2014-09-09,1.2902,0.8005,136.9,1.206,1.3903,1.4163,9.1708,8.1715,1.558
2014-09-10,1.2929,0.80125,137.9,1.2072,1.4146,1.4213,9.1819,8.2005,1.5724
2014-09-11,1.2928,0.7958,138.38,1.21,1.4182,1.4236,9.1945,8.2035,1.5794
2014-09-12,1.2931,0.7966,138.72,1.2089,1.4283,1.43,9.2308,8.2405,1.5835
2014-09-15,1.2911,0.79495,138.48,1.2099,1.4311,1.4313,9.2329,8.275,1.5812
2014-09-16,1.2949,0.7992,138.67,1.2085,1.434,1.4297,9.2376,8.279,1.5866
2014-09-17,1.2956,0.7936,139.05,1.2101,1.4302,1.4218,9.2634,8.304,1.5857
2014-09-18,1.2872,0.7883,140.11,1.2086,1.439,1.4159,9.1928,8.1895,1.5882
2014-09-19,1.2852,0.7865,139.84,1.2067,1.4321,1.4109,9.165,8.154,1.5784
2014-09-22,1.2845,0.7866,140.09,1.2069,1.4481,1.4135,9.1715,8.1475,1.5826
2014-09-23,1.2892,0.786,139.87,1.2069,1.4481,1.4185,9.1725,8.1595,1.5882
2014-09-24,1.2826,0.7823,139.5,1.2077,1.446,1.4207,9.1825,8.179,1.5908
2014-09-25,1.2712,0.7804,138.88,1.2076,1.4432,1.4136,9.1836,8.145,1.6006
2014-09-26,1.2732,0.7807,138.93,1.2071,1.4483,1.4148,9.2132,8.1675,1.611
2014-09-29,1.2701,0.7827,138.97,1.2071,1.4555,1.4172,9.2018,8.196,1.6351
2014-09-30,1.2583,0.7773,138.11,1.2063,1.4442,1.4058,9.1465,8.119,1.6209
2014-10-01,1.2603,0.7782,138.53,1.2072,1.4496,1.4139,9.0932,8.142,1.6171
2014-10-02,1.2631,0.7824,137.47,1.2085,1.4393,1.4067,9.0894,8.1475,1.6051
2014-10-03,1.2616,0.78525,137.46,1.2089,1.4415,1.4108,9.1122,8.1785,1.6054
2014-10-06,1.2565,0.78575,137.25,1.212,1.4381,1.4078,9.0773,8.1575,1.6104
2014-10-07,1.2607,0.784,136.9,1.2115,1.4329,1.4054,9.0668,8.165,1.6102
2014-10-08,1.2645,0.787,136.97,1.2132,1.4416,1.4131,9.1322,8.1945,1.621
2014-10-09,1.2763,0.7875,137.37,1.2107,1.4408,1.418,9.1262,8.191,1.6081
2014-10-10,1.2638,0.7882,136.27,1.2092,1.4511,1.4151,9.1506,8.258,1.6166
2014-10-13,1.2679,0.788,135.95,1.2077,1.448,1.4216,9.1103,8.2295,1.6107
2014-10-14,1.2646,0.7945,135.29,1.2079,1.4475,1.4223,9.1585,8.29,1.6085
2014-10-15,1.2666,0.7957,135.5,1.2072,1.4527,1.4405,9.2003,8.38,1.615
2014-10-16,1.2749,0.797,134.95,1.2061,1.4645,1.4446,9.1931,8.4565,1.6117
2014-10-17,1.2823,0.7955,136.45,1.2074,1.4597,1.4416,9.1532,8.3815,1.614
2014-10-20,1.2773,0.7914,136.62,1.2064,1.456,1.4381,9.1969,8.39,1.6053
2014-10-21,1.2762,0.79,136.2,1.2068,1.4475,1.4356,9.2004,8.367,1.5965
2014-10-22,1.2693,0.7909,135.79,1.2062,1.443,1.4242,9.2118,8.3815,1.5916
2014-10-23,1.2669,0.7904,136.42,1.2067,1.4404,1.4208,9.1869,8.309,1.6115
2014-10-24,1.2659,0.7887,136.64,1.206,1.4396,1.4191,9.1881,8.34,1.6116
2014-10-27,1.2679,0.7871,136.76,1.206,1.4422,1.4261,9.2568,8.395,1.6105
2014-10-28,1.2748,0.7881,137.45,1.2056,1.437,1.4287,9.363,8.4415,1.6039
2014-10-29,1.2737,0.79095,137.75,1.2059,1.4334,1.4192,9.3294,8.4675,1.6035
2014-10-30,1.2598,0.7872,137.27,1.2059,1.4311,1.4074,9.271,8.4605,1.6134
2014-10-31,1.2524,0.78425,140.18,1.2067,1.4249,1.412,9.2664,8.49,1.6045
2014-11-03,1.2493,0.78085,142.19,1.2054,1.4347,1.41,9.23,8.464,1.6131
2014-11-04,1.2514,0.7819,141.96,1.2055,1.4342,1.4286,9.2623,8.5775,1.6144
2014-11-05,1.248,0.7843,143.21,1.2043,1.4494,1.4281,9.2164,8.574,1.6135
2014-11-06,1.2517,0.78615,143.33,1.2045,1.453,1.4281,9.2027,8.5165,1.617
2014-11-07,1.2393,0.7834,142.89,1.204,1.4418,1.4168,9.2125,8.4965,1.6096
2014-11-10,1.2486,0.7852,142.56,1.2028,1.4406,1.4124,9.2074,8.4235,1.602
2014-11-11,1.2424,0.7836,143.88,1.2024,1.4386,1.415,9.1908,8.4865,1.6008
2014-11-12,1.2467,0.788,143.63,1.2023,1.4318,1.4109,9.2283,8.4415,1.5857
2014-11-13,1.2456,0.7912,143.87,1.2018,1.4254,1.4111,9.2442,8.4565,1.5766
2014-11-14,1.2436,0.7944,144.94,1.2015,1.4336,1.4155,9.2376,8.453,1.5829
2014-11-17,1.2496,0.7989,145.3,1.2013,1.4312,1.4133,9.2449,8.444,1.5775
2014-11-18,1.2514,0.7994,145.91,1.2013,1.4342,1.413,9.2388,8.429,1.5707
2014-11-19,1.2535,0.79965,147.45,1.2014,1.4512,1.4226,9.2598,8.493,1.5949
2014-11-20,1.2539,0.7989,148.25,1.2014,1.4565,1.42,9.279,8.492,1.5964
2014-11-21,1.2422,0.7921,146.46,1.2024,1.4257,1.3987,9.2295,8.402,1.5681
2014-11-24,1.241,0.7916,146.82,1.2027,1.4387,1.3961,9.2396,8.407,1.5772
2014-11-25,1.2424,0.7929,146.66,1.203,1.4563,1.4003,9.2662,8.463,1.5958
2014-11-26,1.2475,0.79095,146.91,1.2026,1.4667,1.4057,9.2514,8.51,1.5921
2014-11-27,1.248,0.792,146.67,1.2022,1.456,1.4039,9.2613,8.597,1.5807
2014-11-28,1.2483,0.7953,147.69,1.2018,1.4647,1.4227,9.266,8.6975,1.5879
2014-12-01,1.2469,0.7927,147.62,1.2028,1.4681,1.4213,9.2562,8.6745,1.5838
2014-12-02,1.2424,0.7936,148.08,1.204,1.472,1.4125,9.2795,8.697,1.5884
2014-12-03,1.2331,0.7862,147.2,1.2032,1.462,1.4034,9.2713,8.656,1.5884
2014-12-04,1.2311,0.7861,147.64,1.2035,1.4692,1.3998,9.2747,8.721,1.5888
2014-12-05,1.2362,0.7881,149.03,1.2021,1.4765,1.4085,9.299,8.8105,1.5928
2014-12-08,1.2258,0.7845,148.45,1.2023,1.4789,1.4027,9.3058,8.7975,1.6037
2014-12-09,1.2369,0.79015,148.02,1.2021,1.4903,1.4166,9.3004,8.8105,1.6102
2014-12-10,1.2392,0.78975,147.33,1.2024,1.4846,1.4186,9.3276,8.8765,1.6034
2014-12-11,1.2428,0.7927,147.2,1.2012,1.5056,1.4281,9.3575,9.006,1.5892
2014-12-12,1.245,0.7925,147.41,1.201,1.5056,1.4417,9.37,9.119,1.5946
2014-12-15,1.2426,0.7936,147.67,1.2011,1.5128,1.4407,9.4096,9.1765,1.6062
2014-12-16,1.2537,0.7965,145.79,1.2009,1.5206,1.4612,9.551,9.542,1.605
2014-12-17,1.2448,0.7932,145.89,1.201,1.5203,1.4482,9.5019,9.2505,1.6073
2014-12-18,1.2285,0.7865,145.96,1.2052,1.5005,1.4248,9.4361,9.0645,1.5861
2014-12-19,1.2279,0.7847,146.41,1.2039,1.5012,1.4239,9.4624,9.0145,1.5789
2014-12-22,1.2259,0.7849,147.06,1.2035,1.5057,1.4257,9.5536,9.0565,1.5803
2014-12-23,1.2213,0.7867,146.8,1.2032,1.5027,1.4213,9.5031,9.029,1.5772
2014-12-24,1.2219,0.7865,147.07,1.2025,1.5053,1.4164,9.54,9.1511,1.5807
2014-12-29,1.2197,0.7842,146.96,1.2028,1.4964,1.4183,9.6234,9.0475,1.5644
2014-12-30,1.216,0.7823,145.41,1.2028,1.4878,1.4132,9.4746,9.042,1.5536
2014-12-31,1.2141,0.7789,145.23,1.2024,1.4829,1.4063,9.393,9.042,1.5525
2015-01-02,1.2043,0.78,145.21,1.2022,1.4841,1.4069,9.4702,9.042,1.5609
2015-01-05,1.1915,0.7827,143.0,1.2016,1.4755,1.4041,9.4882,9.1075,1.5515
2015-01-06,1.1914,0.7842,141.69,1.2014,1.464,1.4014,9.4208,9.1795,1.5378
2015-01-07,1.1831,0.7823,141.17,1.2011,1.466,1.3996,9.3989,9.15,1.5275
2015-01-08,1.1768,0.7811,141.0,1.201,1.4518,1.3905,9.434,9.028,1.5113
2015-01-09,1.1813,0.7799,140.81,1.201,1.4506,1.3963,9.4883,9.0605,1.5115
2015-01-12,1.1804,0.7791,140.56,1.201,1.4498,1.4043,9.541,9.1275,1.5222
2015-01-13,1.1782,0.7767,139.56,1.201,1.4441,1.4098,9.4564,9.115,1.5215
2015-01-14,1.1775,0.7753,137.48,1.201,1.4473,1.4089,9.5011,9.056,1.525
2015-01-15,1.1708,0.7672,136.48,1.028,1.4143,1.3855,9.4611,8.914,1.4883
2015-01-16,1.1588,0.7637,135.06,1.0128,1.4113,1.3946,9.4085,8.7985,1.4871
2015-01-19,1.1605,0.7664,136.27,1.012,1.4134,1.3906,9.4076,8.8325,1.4914
2015-01-20,1.1579,0.7637,137.37,1.0087,1.4123,1.391,9.4297,8.8015,1.5014
2015-01-21,1.1593,0.7671,136.07,0.9997,1.4113,1.3999,9.4238,8.825,1.5124
2015-01-22,1.1618,0.7644,136.7,0.9943,1.4299,1.4353,9.4405,8.831,1.5344
2015-01-23,1.1198,0.7473,132.12,0.9816,1.4169,1.3937,9.3327,8.7055,1.5032
2015-01-26,1.1244,0.74895,133.03,1.0014,1.4227,1.4009,9.3628,8.7345,1.5128
2015-01-27,1.1306,0.74725,133.08,1.017,1.4233,1.4085,9.3089,8.813,1.5199
2015-01-28,1.1344,0.7466,133.7,1.0242,1.4234,1.409,9.2895,8.795,1.5157
2015-01-29,1.1315,0.74775,133.43,1.0372,1.4535,1.4179,9.3245,8.823,1.5552
2015-01-30,1.1305,0.7511,133.08,1.0468,1.4535,1.4323,9.3612,8.8335,1.5568
2015-02-02,1.131,0.7526,133.06,1.0519,1.4523,1.4332,9.3672,8.7225,1.5562
2015-02-03,1.1376,0.75395,133.48,1.0526,1.4799,1.4316,9.4118,8.637,1.5742
2015-02-04,1.1446,0.7516,134.49,1.0602,1.4722,1.4253,9.4281,8.6305,1.5486
2015-02-05,1.141,0.7482,133.98,1.0587,1.4616,1.429,9.4579,8.637,1.5428
2015-02-06,1.1447,0.7473,134.28,1.0534,1.4572,1.4246,9.4565,8.5715,1.5414
2015-02-09,1.1275,0.7415,133.72,1.0428,1.443,1.4094,9.4685,8.6145,1.5203
2015-02-10,1.1297,0.742,134.67,1.0457,1.4522,1.4088,9.4264,8.5665,1.5266
2015-02-11,1.1314,0.7396,135.5,1.0465,1.4606,1.4268,9.4585,8.602,1.5272
2015-02-12,1.1328,0.7376,135.72,1.0559,1.4761,1.4228,9.6298,8.7425,1.5373
2015-02-13,1.1381,0.7401,135.46,1.0576,1.4689,1.4235,9.5887,8.6535,1.5312
2015-02-16,1.1408,0.7421,135.26,1.0626,1.4669,1.4206,9.5838,8.6035,1.5193
2015-02-17,1.1415,0.7434,135.61,1.0631,1.4593,1.4125,9.5235,8.5725,1.5141
2015-02-18,1.1372,0.7372,135.69,1.0707,1.4598,1.4158,9.5489,8.548,1.5147
2015-02-19,1.1387,0.7379,135.52,1.0796,1.4632,1.4257,9.5713,8.645,1.5148
2015-02-20,1.1298,0.7348,133.91,1.0718,1.4399,1.4073,9.5213,8.593,1.496
2015-02-23,1.1298,0.7352,134.5,1.0727,1.451,1.4256,9.5656,8.6405,1.5041
2015-02-24,1.1328,0.7344,135.36,1.0755,1.4609,1.4322,9.5199,8.625,1.5225
2015-02-25,1.1346,0.7328,134.92,1.0773,1.4388,1.4116,9.491,8.6325,1.5031
2015-02-26,1.1317,0.7301,134.54,1.0745,1.4357,1.4112,9.4146,8.564,1.4919
2015-02-27,1.124,0.7278,134.05,1.0636,1.4358,1.3995,9.3693,8.574,1.4849
2015-03-02,1.1227,0.7294,134.47,1.0724,1.4433,1.4025,9.3436,8.6085,1.4907
2015-03-03,1.1168,0.7276,133.74,1.0736,1.4288,1.3981,9.2765,8.6095,1.4807
2015-03-04,1.1124,0.7259,133.15,1.0694,1.4191,1.3922,9.2379,8.6145,1.465
2015-03-05,1.1069,0.7251,133.1,1.0697,1.4205,1.377,9.214,8.546,1.4777
2015-03-06,1.0963,0.722,131.48,1.07,1.399,1.3666,9.1893,8.542,1.4627
2015-03-09,1.086,0.7186,131.31,1.0691,1.4043,1.3674,9.1865,8.5785,1.473
2015-03-10,1.0738,0.7128,130.29,1.0703,1.4034,1.3566,9.1849,8.6395,1.4729
2015-03-11,1.0578,0.70355,128.33,1.0655,1.3899,1.3432,9.1204,8.657,1.4608
2015-03-12,1.0613,0.7091,128.29,1.0636,1.3771,1.3432,9.1141,8.591,1.4329
2015-03-13,1.0572,0.71525,128.41,1.0648,1.38,1.3462,9.1518,8.6255,1.4397
2015-03-16,1.0557,0.7131,127.96,1.0615,1.3797,1.3493,9.1532,8.686,1.4307
2015-03-17,1.0635,0.71995,128.9,1.066,1.3914,1.3585,9.1769,8.7915,1.4444
2015-03-18,1.0592,0.723,128.35,1.0627,1.3901,1.3583,9.3325,8.9,1.4461
2015-03-19,1.0677,0.7183,129.12,1.0595,1.3966,1.3578,9.2797,8.6355,1.4453
2015-03-20,1.0776,0.7255,130.26,1.0552,1.3988,1.3655,9.3006,8.7125,1.4401
2015-03-23,1.0912,0.7318,130.8,1.0561,1.3938,1.3667,9.2804,8.6275,1.4314
2015-03-24,1.095,0.7344,130.89,1.0491,1.3843,1.3649,9.2889,8.5935,1.4301
2015-03-25,1.0985,0.7365,131.13,1.0517,1.3925,1.3711,9.3026,8.593,1.4322
2015-03-26,1.0973,0.7371,130.67,1.0498,1.399,1.3653,9.325,8.6005,1.4429
2015-03-27,1.0856,0.7298,129.39,1.0476,1.394,1.358,9.3178,8.645,1.4342
2015-03-30,1.0845,0.7328,130.02,1.0439,1.4158,1.3709,9.3207,8.6545,1.4417
2015-03-31,1.0759,0.7273,128.95,1.0463,1.4154,1.3738,9.2901,8.7035,1.4388
2015-04-01,1.0755,0.7285,129.29,1.0426,1.4153,1.3632,9.2541,8.6695,1.4472
2015-04-02,1.083,0.7316,129.59,1.04,1.4343,1.3693,9.3445,8.6506,1.4499
2015-04-07,1.0847,0.7286,130.33,1.0438,1.4192,1.3563,9.374,8.73,1.4423
2015-04-08,1.0862,0.7264,130.09,1.0438,1.4078,1.3487,9.3595,8.6766,1.4315
2015-04-09,1.0774,0.7268,129.22,1.0447,1.3951,1.3493,9.3421,8.662,1.4188
2015-04-10,1.057,0.7244,127.32,1.039,1.3824,1.3386,9.3331,8.613,1.4059
2015-04-13,1.0552,0.7215,127.2,1.0373,1.3925,1.3324,9.3309,8.548,1.4187
2015-04-14,1.0564,0.7217,126.67,1.0344,1.3936,1.3292,9.3235,8.482,1.4169
2015-04-15,1.0579,0.7168,126.52,1.0321,1.3945,1.3277,9.3115,8.415,1.4104
2015-04-16,1.0711,0.7189,127.64,1.0327,1.379,1.318,9.2606,8.3725,1.4038
2015-04-17,1.0814,0.7199,128.45,1.0297,1.3842,1.3183,9.2921,8.397,1.4025
2015-04-20,1.0723,0.71955,127.68,1.0283,1.3823,1.3138,9.3018,8.442,1.397
2015-04-21,1.07,0.7187,127.75,1.0252,1.3821,1.3085,9.2863,8.425,1.3884
2015-04-22,1.0743,0.7129,128.45,1.0323,1.3796,1.3152,9.2985,8.443,1.3922
2015-04-23,1.0772,0.717,129.36,1.0383,1.3937,1.317,9.379,8.516,1.4259
2015-04-24,1.0824,0.7159,129.36,1.0338,1.3884,1.3118,9.3816,8.475,1.4305
2015-04-27,1.0822,0.7162,129.23,1.0367,1.3867,1.3155,9.3562,8.4345,1.425
2015-04-28,1.0927,0.715,130.09,1.0464,1.3752,1.3188,9.3808,8.392,1.4226
2015-04-29,1.1002,0.7161,131.2,1.0491,1.3762,1.3262,9.2723,8.385,1.431
2015-04-30,1.1215,0.7267,133.26,1.0486,1.4161,1.348,9.3261,8.3845,1.4727
2015-05-04,1.1152,0.73788,134.07,1.0431,1.4225,1.3512,9.334,8.463,1.4727
2015-05-05,1.1117,0.735,133.92,1.0376,1.4119,1.344,9.3284,8.4475,1.4822
2015-05-06,1.123,0.7376,134.59,1.0374,1.403,1.3487,9.3066,8.413,1.499
2015-05-07,1.1305,0.7425,134.72,1.0343,1.4186,1.3645,9.2951,8.3275,1.5108
2015-05-08,1.1221,0.728,134.9,1.0385,1.4181,1.3581,9.2945,8.3815,1.5085
2015-05-11,1.1142,0.7196,133.64,1.0403,1.4117,1.3497,9.269,8.4245,1.5115
2015-05-12,1.1239,0.7164,134.85,1.0396,1.407,1.3532,9.3147,8.3945,1.5239
2015-05-13,1.1221,0.7174,134.31,1.041,1.3945,1.3436,9.3267,8.357,1.5061
2015-05-14,1.1419,0.7231,136.12,1.0386,1.4087,1.3645,9.3907,8.4328,1.5199
2015-05-15,1.1328,0.7211,135.78,1.0463,1.4159,1.3636,9.4273,8.3745,1.5237
2015-05-18,1.1389,0.727,136.33,1.0482,1.4228,1.3733,9.3836,8.3815,1.5356
2015-05-19,1.118,0.72185,134.36,1.042,1.4027,1.3618,9.3133,8.3545,1.5103
2015-05-20,1.1118,0.7157,134.43,1.0429,1.407,1.3578,9.2927,8.3975,1.5143
2015-05-21,1.1133,0.7099,134.79,1.0394,1.4112,1.36,9.2613,8.433,1.5239
2015-05-22,1.1164,0.7138,135.01,1.0417,1.4163,1.362,9.2476,8.4135,1.5169
2015-05-25,1.0978,0.71,133.39,1.0349,1.4023,1.3496,9.2425,8.39,1.5025
2015-05-26,1.0926,0.7096,134.07,1.0351,1.402,1.352,9.186,8.3685,1.4981
2015-05-27,1.0863,0.707,134.37,1.0331,1.4089,1.3531,9.2708,8.4255,1.5031
2015-05-28,1.0896,0.7124,135.36,1.0344,1.4267,1.3594,9.2617,8.491,1.5213
2015-05-29,1.097,0.719,135.95,1.0341,1.4338,1.365,9.3272,8.536,1.5405
2015-06-01,1.0944,0.71925,135.79,1.0331,1.4341,1.3673,9.3734,8.7065,1.5372
2015-06-02,1.1029,0.7243,137.52,1.0391,1.4342,1.3784,9.381,8.6755,1.5487
2015-06-03,1.1134,0.7275,138.46,1.0427,1.4321,1.3856,9.389,8.7145,1.5586
2015-06-04,1.1317,0.7354,140.47,1.0551,1.4618,1.4089,9.3396,8.737,1.5834
2015-06-05,1.1218,0.7317,139.97,1.0478,1.4534,1.4023,9.3417,8.8085,1.5713
2015-06-08,1.1162,0.7318,139.84,1.047,1.4615,1.3879,9.3678,8.827,1.5776
2015-06-09,1.1249,0.7354,139.56,1.0465,1.4606,1.3889,9.3535,8.778,1.5715
2015-06-10,1.1279,0.7284,138.69,1.0486,1.4571,1.3801,9.3616,8.699,1.5689
2015-06-11,1.1232,0.7266,138.95,1.0523,1.4533,1.3839,9.2558,8.786,1.6042
2015-06-12,1.122,0.7245,138.78,1.0469,1.456,1.3804,9.204,8.695,1.6083
2015-06-15,1.1218,0.7234,138.54,1.0512,1.4466,1.3845,9.178,8.712,1.6053
2015-06-16,1.1215,0.7182,138.42,1.0465,1.4482,1.3843,9.1944,8.723,1.6058
2015-06-17,1.1279,0.717,139.78,1.0451,1.4694,1.3887,9.2185,8.7245,1.6284
2015-06-18,1.1404,0.7167,139.94,1.0461,1.457,1.3867,9.216,8.831,1.6399
2015-06-19,1.1299,0.7134,139.19,1.0449,1.4591,1.3865,9.2177,8.8255,1.6393
2015-06-22,1.1345,0.7169,139.8,1.0435,1.4616,1.3879,9.2253,8.742,1.6484
2015-06-23,1.1204,0.7101,138.72,1.0449,1.4538,1.3825,9.2071,8.7255,1.6381
2015-06-24,1.1213,0.7118,138.93,1.0449,1.4473,1.3793,9.2118,8.769,1.6297
2015-06-25,1.1206,0.7126,138.52,1.0507,1.4477,1.3878,9.2276,8.7595,1.6211
2015-06-26,1.1202,0.7123,138.58,1.0447,1.4631,1.3851,9.2641,8.773,1.6347
2015-06-29,1.1133,0.7085,136.81,1.0376,1.4526,1.3776,9.2447,8.8065,1.6268
2015-06-30,1.1189,0.7114,137.01,1.0413,1.455,1.3839,9.215,8.791,1.6548
2015-07-01,1.11,0.70905,136.63,1.0457,1.4458,1.3902,9.246,8.7435,1.6415
2015-07-02,1.1066,0.7103,136.82,1.0507,1.4573,1.3963,9.348,8.795,1.6597
2015-07-03,1.1096,0.7102,136.38,1.0466,1.4747,1.3961,9.3726,8.85,1.6581
2015-07-06,1.1008,0.708,135.11,1.0422,1.4688,1.3914,9.3699,8.9095,1.644
2015-07-07,1.0931,0.7077,133.88,1.0383,1.4722,1.3925,9.3288,8.983,1.6487
2015-07-08,1.1024,0.7173,133.88,1.0463,1.4866,1.4048,9.3927,9.07,1.6484
2015-07-09,1.1054,0.7176,134.3,1.0504,1.4816,1.4022,9.3627,9.0185,1.6399
2015-07-10,1.1185,0.7208,136.88,1.0464,1.4975,1.4212,9.4101,8.9005,1.657
2015-07-13,1.1049,0.7115,136.3,1.0478,1.4874,1.4055,9.3884,8.9035,1.647
2015-07-14,1.1031,0.7084,136.02,1.0422,1.4828,1.4076,9.408,8.9925,1.6468
2015-07-15,1.1009,0.7045,135.95,1.0439,1.4753,1.403,9.357,8.9405,1.6445
2015-07-16,1.0867,0.6981,134.9,1.0407,1.4713,1.407,9.2787,8.858,1.6674
2015-07-17,1.0889,0.6983,135.01,1.0431,1.4712,1.4132,9.3435,8.8805,1.6619
2015-07-20,1.0852,0.6971,134.83,1.0443,1.4703,1.4091,9.3443,8.8955,1.6486
2015-07-21,1.0867,0.6987,135.17,1.044,1.4746,1.4118,9.3683,8.9165,1.646
2015-07-22,1.0902,0.6982,134.98,1.0482,1.4765,1.4167,9.3836,8.899,1.6562
2015-07-23,1.0999,0.7044,136.15,1.0517,1.4844,1.4271,9.4322,8.963,1.6477
2015-07-24,1.0939,0.7069,135.7,1.0512,1.5058,1.432,9.4263,8.9955,1.667
2015-07-27,1.1058,0.7127,136.23,1.0595,1.5184,1.4409,9.453,9.042,1.6741
2015-07-28,1.1025,0.7074,136.46,1.0659,1.5089,1.4348,9.4537,9.0215,1.6545
2015-07-29,1.103,0.7053,136.5,1.0622,1.5101,1.4289,9.4766,8.9975,1.6531
2015-07-30,1.0955,0.701,136.25,1.0633,1.5065,1.422,9.4714,8.943,1.6577
2015-07-31,1.0967,0.7041,136.34,1.0565,1.514,1.431,9.4622,9.0015,1.6769
2015-08-03,1.0951,0.7028,136.07,1.0598,1.5071,1.4404,9.4865,9.0005,1.6618
2015-08-04,1.0973,0.70275,136.07,1.064,1.4831,1.4408,9.445,9.0015,1.663
2015-08-05,1.0883,0.6963,135.23,1.0658,1.4755,1.4334,9.4776,8.9955,1.6641
2015-08-06,1.0885,0.7014,135.94,1.0713,1.4849,1.4333,9.5365,9.026,1.6665
2015-08-07,1.0941,0.7051,136.43,1.0738,1.4809,1.4313,9.5744,9.041,1.6647
2015-08-10,1.096,0.7071,136.67,1.08,1.4884,1.4392,9.5958,9.026,1.6668
2015-08-11,1.1055,0.7088,137.99,1.0859,1.5092,1.4454,9.5853,9.0835,1.6866
2015-08-12,1.1155,0.7149,138.45,1.0864,1.5128,1.4467,9.5815,9.076,1.6847
2015-08-13,1.1109,0.7106,138.23,1.0849,1.5121,1.4455,9.452,9.0745,1.6895
2015-08-14,1.1171,0.7145,138.7,1.0875,1.5122,1.4571,9.4308,9.1375,1.7033
2015-08-17,1.11,0.7105,138.22,1.0841,1.5096,1.4581,9.445,9.1585,1.6927
2015-08-18,1.106,0.7042,137.44,1.0798,1.5065,1.4494,9.4282,9.1555,1.68
2015-08-19,1.1041,0.7049,137.31,1.0755,1.5026,1.4431,9.4604,9.168,1.6789
2015-08-20,1.1183,0.7138,138.5,1.0772,1.5287,1.4679,9.5014,9.2325,1.6898
2015-08-21,1.1281,0.7198,138.4,1.0765,1.5384,1.4787,9.5314,9.2745,1.6936
2015-08-24,1.1497,0.7302,137.8,1.0777,1.5903,1.5236,9.5035,9.369,1.7527
2015-08-25,1.1506,0.729,137.84,1.0834,1.5937,1.5181,9.5653,9.3885,1.7596
2015-08-26,1.1402,0.7314,136.46,1.0778,1.5963,1.5125,9.6557,9.502,1.7558
2015-08-27,1.1284,0.7312,135.62,1.0771,1.579,1.4924,9.5701,9.4025,1.7469
2015-08-28,1.1268,0.7321,136.16,1.0807,1.5789,1.4954,9.4953,9.34,1.7477
2015-08-31,1.1215,0.72753,136.07,1.0825,1.5753,1.4863,9.5032,9.3585,1.7536
2015-09-01,1.1236,0.7328,134.87,1.0825,1.5956,1.4856,9.4954,9.356,1.7749
2015-09-02,1.1255,0.7369,135.21,1.0867,1.6061,1.4919,9.4968,9.3015,1.7766
2015-09-03,1.1229,0.7345,134.98,1.0903,1.6035,1.4893,9.3907,9.273,1.7679
2015-09-04,1.1138,0.7315,132.82,1.0839,1.5948,1.4736,9.4147,9.2165,1.7478
2015-09-07,1.1146,0.73035,133.09,1.0871,1.6062,1.4802,9.4197,9.2645,1.7801
2015-09-08,1.1162,0.7244,133.82,1.092,1.5976,1.4757,9.4188,9.2245,1.7747
2015-09-09,1.1139,0.7251,134.65,1.0893,1.586,1.4757,9.4024,9.2,1.7461
2015-09-10,1.1185,0.72655,135.38,1.0923,1.5831,1.4822,9.4001,9.176,1.7775
2015-09-11,1.1268,0.7306,136.02,1.1031,1.5955,1.4945,9.3709,9.271,1.7914
2015-09-14,1.1305,0.7334,136.04,1.0979,1.5874,1.4983,9.335,9.257,1.7905
2015-09-15,1.132,0.7346,135.44,1.0971,1.5885,1.4984,9.3277,9.2565,1.7877
2015-09-16,1.1228,0.72665,135.45,1.0943,1.5677,1.4877,9.3251,9.2385,1.7701
2015-09-17,1.1312,0.72865,136.76,1.095,1.5776,1.4925,9.3317,9.2165,1.7821
2015-09-18,1.1419,0.7298,136.31,1.0913,1.5709,1.4876,9.3248,9.237,1.7703
2015-09-21,1.125,0.7243,135.5,1.0906,1.5693,1.4831,9.33,9.2205,1.7696
2015-09-22,1.1155,0.7223,133.75,1.086,1.5732,1.4804,9.3412,9.2145,1.7715
2015-09-23,1.115,0.7297,134.03,1.0882,1.5813,1.479,9.3798,9.237,1.7712
2015-09-24,1.1241,0.7387,134.48,1.0928,1.6147,1.5039,9.4292,9.463,1.7857
2015-09-25,1.1151,0.73475,134.92,1.0922,1.5895,1.4845,9.3917,9.513,1.7578
2015-09-28,1.117,0.7352,134.13,1.0941,1.5967,1.4921,9.4527,9.582,1.7585
2015-09-29,1.1204,0.7391,134.38,1.0901,1.6009,1.5,9.4462,9.522,1.7616
2015-09-30,1.1203,0.7385,134.69,1.0915,1.5939,1.5034,9.4083,9.5245,1.7568
2015-10-01,1.1153,0.7367,133.56,1.0903,1.5777,1.4799,9.3754,9.4565,1.7332
2015-10-02,1.116,0.7358,134.24,1.0923,1.587,1.4775,9.3412,9.4125,1.7409
2015-10-05,1.1236,0.7402,135.07,1.0938,1.5853,1.4735,9.3513,9.387,1.7272
2015-10-06,1.1224,0.7399,135.07,1.0936,1.5781,1.4701,9.3121,9.3765,1.7293
2015-10-07,1.1266,0.7358,135.3,1.0882,1.5586,1.4649,9.2924,9.258,1.6966
2015-10-08,1.1254,0.7366,134.92,1.0935,1.5664,1.4683,9.279,9.2185,1.705
2015-10-09,1.1362,0.7407,136.65,1.0919,1.5502,1.4698,9.2683,9.1895,1.6964
2015-10-12,1.1373,0.7401,136.61,1.0928,1.5429,1.4702,9.3017,9.158,1.6905
2015-10-13,1.1374,0.748,136.16,1.091,1.5585,1.484,9.256,9.269,1.6974
2015-10-14,1.141,0.7418,136.48,1.0901,1.5722,1.4816,9.2716,9.24,1.6938
2015-10-15,1.1439,0.7397,135.23,1.0873,1.5612,1.4756,9.3274,9.217,1.6683
2015-10-16,1.136,0.7356,135.25,1.0809,1.5654,1.4685,9.3557,9.2005,1.6737
2015-10-19,1.1333,0.7317,135.29,1.0834,1.5581,1.4671,9.394,9.185,1.6668
2015-10-20,1.1373,0.7352,136.16,1.0823,1.5612,1.4788,9.4235,9.2355,1.6664
2015-10-21,1.1354,0.7349,136.3,1.0864,1.5707,1.4764,9.4219,9.2625,1.6869
2015-10-22,1.1313,0.7314,135.49,1.0886,1.5692,1.4847,9.4207,9.274,1.6704
2015-10-23,1.1084,0.71955,133.8,1.0793,1.525,1.4483,9.4079,9.2525,1.6306
2015-10-26,1.1011,0.7184,133.26,1.0823,1.5182,1.4482,9.3814,9.226,1.6244
2015-10-27,1.1061,0.7214,133.06,1.088,1.5299,1.4622,9.4065,9.363,1.6261
2015-10-28,1.1085,0.7248,133.38,1.0899,1.5539,1.4643,9.3358,9.42,1.6505
2015-10-29,1.093,0.7167,132.3,1.0851,1.5446,1.4411,9.3574,9.367,1.636
2015-10-30,1.1017,0.7182,132.88,1.09,1.5544,1.4515,9.3866,9.393,1.6369
2015-11-02,1.1032,0.7132,133.02,1.0885,1.5457,1.445,9.3843,9.337,1.6356
2015-11-03,1.0976,0.71315,132.65,1.0869,1.5301,1.4406,9.3935,9.341,1.6364
2015-11-04,1.0935,0.7094,132.45,1.0813,1.521,1.4292,9.3663,9.3275,1.6485
2015-11-05,1.0883,0.7126,132.65,1.0833,1.5233,1.432,9.3916,9.3065,1.645
2015-11-06,1.0864,0.71765,132.41,1.083,1.5204,1.4342,9.3839,9.2715,1.6412
2015-11-09,1.0776,0.7141,133.08,1.0815,1.5263,1.4285,9.3378,9.2875,1.6465
2015-11-10,1.0711,0.7084,131.98,1.0765,1.5189,1.4204,9.3102,9.2765,1.636
2015-11-11,1.0716,0.706,131.9,1.0783,1.5183,1.4213,9.329,9.223,1.6344
2015-11-12,1.0726,0.7064,131.92,1.0769,1.5073,1.4293,9.3009,9.324,1.6447
2015-11-13,1.0764,0.70705,132.04,1.0786,1.5077,1.4322,9.3388,9.332,1.6483
2015-11-16,1.0723,0.7058,132.01,1.0791,1.511,1.4293,9.3206,9.305,1.6554
2015-11-17,1.067,0.7017,131.49,1.0806,1.496,1.42,9.3243,9.237,1.6447
2015-11-18,1.0666,0.7009,131.65,1.0838,1.5028,1.4223,9.3019,9.2335,1.6505
2015-11-19,1.0687,0.6998,131.6,1.0893,1.4925,1.4203,9.3089,9.2556,1.6404
2015-11-20,1.0688,0.701,131.28,1.0844,1.4825,1.4229,9.2796,9.2035,1.6296
2015-11-23,1.0631,0.7025,130.92,1.0848,1.4793,1.4222,9.2496,9.1755,1.6322
2015-11-24,1.0651,0.7062,130.52,1.0832,1.4763,1.4229,9.2622,9.209,1.6368
2015-11-25,1.0586,0.70175,129.94,1.082,1.4601,1.4108,9.2717,9.181,1.616
2015-11-26,1.0612,0.7028,130.06,1.0868,1.4685,1.4119,9.2756,9.193,1.6144
2015-11-27,1.058,0.7029,129.75,1.09,1.4689,1.4121,9.242,9.1885,1.6189
2015-11-30,1.0579,0.7048,130.22,1.0903,1.4671,1.4143,9.207,9.1935,1.612
2015-12-01,1.06,0.7036,130.57,1.0908,1.454,1.4118,9.2118,9.2015,1.5935
2015-12-02,1.0612,0.7059,130.7,1.088,1.4489,1.4204,9.2132,9.1405,1.5945
2015-12-03,1.0671,0.7122,131.58,1.084,1.455,1.4213,9.225,9.174,1.6038
2015-12-04,1.0902,0.7201,134.08,1.0882,1.4899,1.454,9.2724,9.2495,1.6319
2015-12-07,1.0809,0.7177,133.4,1.083,1.4849,1.455,9.2188,9.3265,1.6238
2015-12-08,1.0875,0.7271,133.64,1.082,1.5099,1.4793,9.2236,9.5675,1.643
2015-12-09,1.0941,0.7251,134.04,1.083,1.5182,1.4847,9.2587,9.537,1.6517
2015-12-10,1.0943,0.7235,132.97,1.0806,1.5,1.4817,9.2761,9.437,1.6191
2015-12-11,1.095,0.7224,133.02,1.0819,1.518,1.4962,9.3007,9.5385,1.6258
2015-12-14,1.0983,0.726,132.54,1.0771,1.5231,1.5106,9.363,9.5695,1.627
2015-12-15,1.099,0.7252,132.97,1.0831,1.52,1.5069,9.2883,9.4945,1.6186
2015-12-16,1.0933,0.7283,133.18,1.0824,1.5186,1.505,9.2991,9.5555,1.6196
2015-12-17,1.0841,0.7266,132.82,1.0807,1.5097,1.4995,9.3022,9.511,1.6078
2015-12-18,1.0836,0.72666,131.6,1.0768,1.5206,1.5123,9.266,9.5,1.616
2015-12-21,1.087,0.72985,131.93,1.0804,1.5168,1.5169,9.293,9.5585,1.6114
2015-12-22,1.0952,0.7362,132.42,1.0818,1.5109,1.5242,9.262,9.543,1.6036
2015-12-23,1.0916,0.733,131.92,1.0812,1.5115,1.5176,9.209,9.527,1.6117
2015-12-24,1.0947,0.7342,131.83,1.0806,1.5074,1.5183,9.19,9.512,1.6052
2015-12-28,1.0962,0.73535,132.05,1.0838,1.5089,1.5207,9.1863,9.538,1.6019
2015-12-29,1.0952,0.74005,131.88,1.0846,1.5056,1.5241,9.1567,9.5115,1.5949
2015-12-30,1.0926,0.73799,131.66,1.0814,1.499,1.5171,9.1878,9.616,1.5959
2015-12-31,1.0887,0.73395,131.07,1.0835,1.4897,1.5116,9.1895,9.603,1.5923
2016-01-04,1.0898,0.7381,129.78,1.0891,1.5153,1.5172,9.1696,9.6475,1.6146
2016-01-05,1.0746,0.73235,127.88,1.0847,1.4982,1.4976,9.2235,9.588,1.6001
2016-01-06,1.0742,0.7344,127.19,1.0846,1.5187,1.5137,9.233,9.6225,1.6166
2016-01-07,1.0868,0.74545,127.74,1.0875,1.555,1.536,9.278,9.6975,1.6464
2016-01-08,1.0861,0.74519,128.51,1.086,1.5495,1.5321,9.264,9.681,1.645
2016-01-11,1.0888,0.74705,128.33,1.0863,1.5516,1.5336,9.272,9.677,1.6577
2016-01-12,1.0836,0.7508,127.79,1.0855,1.546,1.537,9.2483,9.6388,1.6547
2016-01-13,1.0816,0.7502,127.74,1.0926,1.5413,1.5381,9.246,9.5588,1.6519
2016-01-14,1.0893,0.75703,128.26,1.095,1.5695,1.5647,9.285,9.6071,1.6903
2016-01-15,1.0914,0.7615,127.8,1.0951,1.5895,1.5849,9.3474,9.6085,1.7103
2016-01-18,1.0892,0.76263,127.78,1.0946,1.581,1.58,9.3411,9.6878,1.6862
2016-01-19,1.0868,0.76473,128.12,1.0922,1.5673,1.575,9.3231,9.6209,1.6763
2016-01-20,1.0907,0.77,127.28,1.0932,1.5916,1.5965,9.3431,9.665,1.7134
2016-01-21,1.0893,0.77182,127.43,1.0949,1.5755,1.575,9.3527,9.7033,1.694
2016-01-22,1.0808,0.75459,127.77,1.095,1.538,1.5316,9.2738,9.4685,1.6606
2016-01-25,1.0815,0.7589,128.07,1.0981,1.5496,1.5351,9.2758,9.4585,1.6728
2016-01-26,1.0837,0.76095,128.22,1.1008,1.555,1.5411,9.2644,9.4858,1.6777
2016-01-27,1.0888,0.75965,128.91,1.1068,1.5461,1.5331,9.2591,9.4508,1.6739
2016-01-28,1.0903,0.76228,129.62,1.1053,1.5419,1.5357,9.3046,9.4465,1.6874
2016-01-29,1.092,0.7641,132.25,1.1144,1.5388,1.5363,9.3483,9.4845,1.6788
2016-02-01,1.0884,0.761,131.99,1.1096,1.5377,1.5253,9.2835,9.416,1.682
2016-02-02,1.0919,0.7586,131.84,1.1147,1.5475,1.5292,9.3437,9.5223,1.6839
2016-02-03,1.0933,0.7533,130.58,1.1115,1.5484,1.5234,9.358,9.5138,1.656
2016-02-04,1.1206,0.76595,131.49,1.1169,1.5546,1.5366,9.4036,9.5375,1.6678
2016-02-05,1.1202,0.76975,130.71,1.1101,1.5583,1.5404,9.4325,9.5665,1.6655
2016-02-08,1.1101,0.7724,129.11,1.1051,1.5726,1.5487,9.4307,9.5885,1.6802
2016-02-09,1.1236,0.77945,129.07,1.0997,1.6083,1.5623,9.5142,9.6705,1.7085
2016-02-10,1.1257,0.77328,129.42,1.096,1.5848,1.5601,9.5162,9.6195,1.6916
2016-02-11,1.1347,0.7874,127.3,1.1027,1.6018,1.5842,9.5188,9.7085,1.6973
2016-02-12,1.1275,0.77735,127.07,1.0989,1.5901,1.5698,9.455,9.6773,1.6965
2016-02-15,1.118,0.772,127.6,1.1009,1.5624,1.5454,9.4862,9.6313,1.6772
2016-02-16,1.1166,0.7758,127.02,1.1018,1.5605,1.543,9.4742,9.6049,1.6931
2016-02-17,1.1136,0.77835,127.1,1.1034,1.5629,1.5387,9.4723,9.5955,1.6902
2016-02-18,1.1084,0.77143,126.17,1.1028,1.5496,1.5168,9.4014,9.5235,1.6728
2016-02-19,1.1096,0.77715,125.4,1.1017,1.5605,1.5274,9.3838,9.5358,1.6761
2016-02-22,1.1026,0.78243,124.85,1.1008,1.5322,1.5128,9.3572,9.493,1.6521
2016-02-23,1.1002,0.77985,123.12,1.0921,1.5202,1.5116,9.351,9.459,1.6452
2016-02-24,1.0981,0.78935,122.86,1.0914,1.5319,1.5197,9.3636,9.5858,1.662
2016-02-25,1.1027,0.7892,124.01,1.0935,1.5292,1.5025,9.3808,9.5413,1.6487
2016-02-26,1.1006,0.78745,124.42,1.0929,1.5275,1.4909,9.371,9.5245,1.6347
2016-02-29,1.0888,0.7858,123.14,1.0914,1.526,1.4767,9.3219,9.5043,1.6557
2016-03-01,1.0872,0.778,122.94,1.086,1.5196,1.4699,9.365,9.407,1.6475
2016-03-02,1.0856,0.7741,124.07,1.0845,1.501,1.4595,9.3385,9.422,1.6404
2016-03-03,1.0901,0.77435,124.23,1.084,1.4852,1.4644,9.362,9.4245,1.6257
2016-03-04,1.097,0.77483,124.77,1.0898,1.4859,1.4717,9.3345,9.383,1.6223
2016-03-07,1.0953,0.77438,124.45,1.0962,1.4776,1.4652,9.3309,9.3583,1.6221
2016-03-08,1.1028,0.77608,124.6,1.0952,1.4794,1.4695,9.3728,9.4285,1.6302
2016-03-09,1.0973,0.77135,123.63,1.0978,1.465,1.4705,9.292,9.3964,1.6192
2016-03-10,1.0857,0.76728,123.87,1.0941,1.4522,1.4424,9.2361,9.2926,1.6277
2016-03-11,1.109,0.77595,126.17,1.0948,1.4766,1.4698,9.309,9.436,1.6578
2016-03-14,1.1119,0.77428,126.36,1.0969,1.4755,1.4737,9.281,9.414,1.6591
2016-03-15,1.1109,0.78358,125.36,1.0954,1.4877,1.4832,9.2421,9.48,1.6709
2016-03-16,1.1064,0.7873,125.68,1.096,1.4911,1.4798,9.2235,9.502,1.6809
2016-03-17,1.1311,0.78218,126.28,1.0959,1.4828,1.4701,9.2935,9.4768,1.6555
2016-03-18,1.1279,0.77855,125.79,1.0919,1.4804,1.4627,9.2773,9.4111,1.655
2016-03-21,1.1271,0.78303,125.94,1.0916,1.4819,1.4703,9.2538,9.4428,1.6645
2016-03-22,1.1212,0.7879,125.13,1.0887,1.4751,1.4679,9.2315,9.447,1.6626
2016-03-23,1.1171,0.78985,126.01,1.0894,1.478,1.4676,9.2315,9.4863,1.6676
2016-03-24,1.1154,0.78938,125.41,1.0875,1.4858,1.4821,9.2688,9.494,1.6645
2016-03-29,1.1194,0.7845,127.13,1.0915,1.4901,1.4741,9.269,9.4839,1.6597
2016-03-30,1.1324,0.7858,127.37,1.0913,1.4766,1.4755,9.242,9.43,1.6356
2016-03-31,1.1385,0.79155,127.9,1.0931,1.4807,1.4738,9.2253,9.4145,1.6411
2016-04-01,1.1432,0.7989,128.07,1.0946,1.4884,1.4894,9.2413,9.4401,1.6518
2016-04-04,1.138,0.79738,126.97,1.0919,1.4917,1.4832,9.2493,9.4359,1.6605
2016-04-05,1.1367,0.8016,125.81,1.0892,1.5085,1.4968,9.256,9.4995,1.678
2016-04-06,1.1336,0.80808,125.13,1.0887,1.5029,1.4912,9.2628,9.476,1.6705
2016-04-07,1.1364,0.80728,123.15,1.0884,1.5092,1.4906,9.2575,9.4546,1.6731
2016-04-08,1.1363,0.8073,123.36,1.0874,1.5091,1.4861,9.2928,9.4183,1.6757
2016-04-11,1.139,0.8006,123.28,1.0877,1.506,1.4794,9.2815,9.3809,1.6669
2016-04-12,1.1396,0.7984,123.44,1.0874,1.4882,1.4674,9.2138,9.3515,1.654
2016-04-13,1.1298,0.79388,123.47,1.0887,1.4768,1.4466,9.176,9.3113,1.6337
2016-04-14,1.1252,0.7956,123.09,1.0878,1.461,1.4434,9.158,9.264,1.6395
2016-04-15,1.1284,0.79575,122.91,1.0919,1.4648,1.4535,9.1902,9.3044,1.6334
2016-04-18,1.1306,0.7978,122.32,1.0916,1.4685,1.4612,9.1948,9.3325,1.6303
2016-04-19,1.1343,0.78975,124.1,1.0922,1.4547,1.4418,9.1773,9.2578,1.6127
2016-04-20,1.1379,0.791,124.2,1.0939,1.4556,1.4421,9.1643,9.2336,1.6231
2016-04-21,1.1355,0.78693,124.5,1.0989,1.4496,1.4346,9.1845,9.2015,1.6262
2016-04-22,1.1263,0.78335,124.86,1.0991,1.457,1.4342,9.1381,9.2443,1.6364
2016-04-25,1.1264,0.7764,124.95,1.0973,1.4587,1.4286,9.157,9.2735,1.6399
2016-04-26,1.1287,0.77483,125.45,1.1,1.46,1.4276,9.1545,9.2278,1.6417
2016-04-27,1.1303,0.77475,125.79,1.0998,1.4885,1.4223,9.1613,9.2013,1.6504
2016-04-28,1.1358,0.77838,122.84,1.0974,1.4906,1.4262,9.1763,9.246,1.6287
2016-04-29,1.1403,0.78025,122.34,1.0984,1.4948,1.4286,9.1689,9.215,1.6357
2016-05-02,1.1493,0.78248,122.47,1.0999,1.5025,1.4388,9.1803,9.233,1.6368
2016-05-03,1.1569,0.79103,122.53,1.0977,1.5303,1.4559,9.2305,9.309,1.6572
2016-05-04,1.1505,0.79284,122.62,1.0993,1.5379,1.467,9.263,9.341,1.6669
2016-05-05,1.1439,0.7886,122.51,1.1018,1.5266,1.4665,9.2575,9.2985,1.6577
2016-05-06,1.1427,0.7885,122.23,1.107,1.5501,1.4717,9.2753,9.3513,1.6702
2016-05-09,1.1395,0.78998,123.39,1.1053,1.5544,1.4743,9.273,9.333,1.6746
2016-05-10,1.1375,0.7876,124.12,1.1079,1.5486,1.4744,9.2778,9.352,1.6884
2016-05-11,1.1409,0.78958,124.09,1.1099,1.5474,1.4686,9.292,9.3475,1.6763
2016-05-12,1.1389,0.78888,124.5,1.1063,1.5541,1.4594,9.2945,9.232,1.6724
2016-05-13,1.1348,0.78758,123.56,1.1024,1.5579,1.4619,9.3285,9.2678,1.6692
2016-05-16,1.1324,0.788,123.27,1.1059,1.5526,1.4634,9.337,9.237,1.6657
2016-05-17,1.1318,0.7815,123.93,1.108,1.5457,1.4631,9.3513,9.2558,1.6651
2016-05-18,1.1279,0.77485,123.38,1.1086,1.5521,1.4637,9.3525,9.2785,1.6666
2016-05-19,1.1197,0.76585,123.17,1.1089,1.5563,1.4679,9.3709,9.3593,1.6614
2016-05-20,1.1219,0.77008,123.81,1.1123,1.5519,1.4704,9.3588,9.3355,1.6578
2016-05-23,1.1215,0.77443,122.7,1.1105,1.5542,1.4745,9.344,9.3658,1.6538
2016-05-24,1.1168,0.76513,122.56,1.1079,1.5597,1.4684,9.306,9.3355,1.6604
2016-05-25,1.1146,0.75925,122.79,1.1049,1.5475,1.4608,9.2651,9.2945,1.6488
2016-05-26,1.1168,0.7597,122.93,1.1075,1.5481,1.4443,9.287,9.247,1.6591
2016-05-27,1.1168,0.76245,122.46,1.1068,1.5483,1.456,9.2673,9.282,1.6586
2016-05-30,1.1139,0.76125,123.85,1.1058,1.5504,1.4524,9.283,9.3025,1.6624
2016-05-31,1.1154,0.76185,123.83,1.1044,1.5366,1.453,9.291,9.32,1.6516
2016-06-01,1.1174,0.77358,122.07,1.1055,1.537,1.4586,9.2796,9.3083,1.6373
2016-06-02,1.1188,0.77335,121.96,1.1062,1.5516,1.4662,9.2945,9.336,1.6474
2016-06-03,1.1154,0.77285,121.47,1.105,1.5397,1.4594,9.2605,9.2853,1.6287
2016-06-06,1.1349,0.7872,121.58,1.1051,1.5417,1.4665,9.246,9.2935,1.6378
2016-06-07,1.1348,0.7788,122.16,1.0979,1.526,1.4505,9.2238,9.2225,1.632
2016-06-08,1.1378,0.78048,121.77,1.0942,1.5228,1.443,9.2283,9.2055,1.6226
2016-06-09,1.1343,0.78438,120.72,1.0916,1.525,1.4459,9.2433,9.2489,1.5936
2016-06-10,1.1304,0.7848,120.79,1.0885,1.5274,1.441,9.3233,9.2725,1.595
2016-06-13,1.1268,0.79515,119.51,1.0888,1.5228,1.439,9.3265,9.3265,1.5949
2016-06-14,1.1225,0.79478,118.98,1.0832,1.5277,1.4449,9.3184,9.3655,1.6022
2016-06-15,1.123,0.79158,119.29,1.0817,1.5188,1.4438,9.354,9.3415,1.5974
2016-06-16,1.1174,0.79033,116.65,1.0812,1.5212,1.453,9.3915,9.3798,1.5899
2016-06-17,1.1254,0.7877,117.34,1.0818,1.5234,1.4519,9.3815,9.431,1.5959
2016-06-20,1.1332,0.77375,118.57,1.0884,1.5188,1.452,9.3338,9.3575,1.5936
2016-06-21,1.1314,0.76755,118.39,1.085,1.5073,1.4451,9.324,9.3718,1.5804
2016-06-22,1.1283,0.76793,118.01,1.083,1.5033,1.4399,9.3468,9.3555,1.5732
2016-06-23,1.1389,0.76595,120.38,1.0876,1.506,1.4517,9.303,9.2993,1.5763
2016-06-24,1.1066,0.8075,113.23,1.0808,1.491,1.4392,9.461,9.42,1.5613
2016-06-27,1.0998,0.834,111.8,1.0736,1.4857,1.435,9.405,9.4045,1.5569
2016-06-28,1.1073,0.8272,113.4,1.0845,1.4984,1.4438,9.4425,9.3785,1.5671
2016-06-29,1.109,0.8255,113.85,1.0854,1.4911,1.4407,9.4311,9.3065,1.5565
2016-06-30,1.1102,0.8265,114.05,1.0867,1.4929,1.4384,9.4242,9.3008,1.5616
2016-07-01,1.1135,0.8383,114.29,1.0835,1.4884,1.439,9.39,9.2975,1.5508
2016-07-04,1.1138,0.83905,114.29,1.0839,1.4792,1.4328,9.391,9.2538,1.5452
2016-07-05,1.1146,0.84997,113.5,1.0837,1.4902,1.4418,9.4329,9.3197,1.5522
2016-07-06,1.1069,0.853,111.48,1.0821,1.4812,1.4419,9.4671,9.3517,1.5556
2016-07-07,1.108,0.85085,111.9,1.082,1.4737,1.4328,9.4792,9.3782,1.5338
2016-07-08,1.107,0.85243,111.17,1.0855,1.4731,1.4406,9.4685,9.393,1.5221
2016-07-11,1.1049,0.85097,113.23,1.0867,1.4617,1.4437,9.476,9.4061,1.525
2016-07-12,1.1092,0.84275,115.29,1.0904,1.4532,1.4452,9.447,9.3499,1.5184
2016-07-13,1.1072,0.83398,115.82,1.0909,1.4517,1.4452,9.4368,9.3145,1.5154
2016-07-14,1.1157,0.83311,117.88,1.09,1.4588,1.4422,9.4413,9.3247,1.5474
2016-07-15,1.1128,0.83275,117.63,1.0899,1.4538,1.4317,9.4556,9.3183,1.5534
2016-07-18,1.1053,0.83372,116.82,1.0869,1.4557,1.4315,9.4679,9.3627,1.5555
2016-07-19,1.1035,0.8395,117.2,1.0877,1.4727,1.4364,9.4922,9.3489,1.5684
2016-07-20,1.1013,0.83605,117.33,1.0882,1.4712,1.4382,9.4684,9.3552,1.5658
2016-07-21,1.1015,0.83595,117.05,1.0872,1.471,1.4376,9.4736,9.3541,1.5789
2016-07-22,1.1014,0.84108,116.86,1.086,1.4717,1.4436,9.4979,9.3847,1.5748
2016-07-25,1.0982,0.8367,116.64,1.0839,1.4666,1.4465,9.507,9.4102,1.5709
2016-07-26,1.0997,0.8371,114.67,1.087,1.4599,1.4553,9.5124,9.437,1.5561
2016-07-27,1.0991,0.83875,116.23,1.0928,1.4715,1.4497,9.537,9.4387,1.5631
2016-07-28,1.109,0.8422,116.14,1.0892,1.4735,1.4595,9.5497,9.4405,1.5646
2016-07-29,1.1113,0.844,114.83,1.0823,1.4782,1.4643,9.5673,9.5092,1.5615
2016-08-01,1.1164,0.8454,114.28,1.0807,1.4751,1.4587,9.5833,9.4455,1.5545
2016-08-02,1.1193,0.8431,113.72,1.081,1.4717,1.4608,9.5537,9.4363,1.5497
2016-08-03,1.12,0.8391,113.22,1.0845,1.475,1.4672,9.5146,9.4236,1.5577
2016-08-04,1.1136,0.84603,112.66,1.0834,1.4604,1.4536,9.5105,9.4118,1.5479
2016-08-05,1.1156,0.8481,112.73,1.0852,1.4567,1.4529,9.5043,9.4022,1.5473
2016-08-08,1.1087,0.84955,113.59,1.0883,1.452,1.4573,9.525,9.4065,1.5548
2016-08-09,1.1078,0.85399,113.27,1.0899,1.4463,1.4567,9.4875,9.357,1.5522
2016-08-10,1.1184,0.85541,113.09,1.0923,1.445,1.4557,9.4811,9.2571,1.5418
2016-08-11,1.1153,0.86038,113.05,1.0859,1.446,1.4559,9.431,9.2293,1.539
2016-08-12,1.1158,0.8605,113.77,1.0888,1.4535,1.4478,9.4299,9.1635,1.5497
2016-08-15,1.118,0.86677,112.97,1.0893,1.4577,1.4446,9.4601,9.1752,1.5498
2016-08-16,1.1295,0.8706,112.74,1.0849,1.4602,1.4477,9.4532,9.2101,1.5488
2016-08-17,1.1276,0.8664,113.53,1.0863,1.478,1.4529,9.4951,9.2812,1.5596
2016-08-18,1.1321,0.86073,113.6,1.0853,1.4766,1.4524,9.4759,9.2389,1.5578
2016-08-19,1.1326,0.86537,113.53,1.0852,1.4877,1.4547,9.4936,9.3048,1.5606
2016-08-22,1.1306,0.8624,113.73,1.0886,1.4856,1.4602,9.4825,9.3281,1.5605
2016-08-23,1.1339,0.85995,113.48,1.0896,1.4823,1.4625,9.4673,9.2875,1.5482
2016-08-24,1.1268,0.8513,112.95,1.0891,1.4782,1.4581,9.4545,9.246,1.54
2016-08-25,1.129,0.8557,113.45,1.0905,1.484,1.4597,9.4956,9.2771,1.5453
2016-08-26,1.129,0.8545,113.33,1.0933,1.4771,1.4546,9.4903,9.2501,1.5418
2016-08-29,1.117,0.85476,114.24,1.0937,1.479,1.4536,9.494,9.2731,1.5438
2016-08-30,1.1168,0.8517,114.27,1.0951,1.4787,1.4562,9.5008,9.2873,1.5427
2016-08-31,1.1132,0.84806,115.01,1.0957,1.4806,1.4583,9.5159,9.2765,1.5353
2016-09-01,1.1146,0.8405,115.59,1.0978,1.4801,1.4634,9.549,9.305,1.5357
2016-09-02,1.1193,0.8426,115.83,1.0959,1.481,1.4643,9.5985,9.317,1.5329
2016-09-05,1.1156,0.83643,115.24,1.0925,1.4696,1.4436,9.5478,9.2458,1.5252
2016-09-06,1.1159,0.83535,115.39,1.0923,1.4625,1.4405,9.536,9.2113,1.5205
2016-09-07,1.1237,0.83968,114.23,1.0891,1.4637,1.4444,9.5063,9.1943,1.5054
2016-09-08,1.1296,0.8456,114.8,1.0917,1.4632,1.4546,9.4945,9.195,1.5158
2016-09-09,1.1268,0.84558,115.85,1.0969,1.4836,1.46,9.502,9.247,1.5299
2016-09-12,1.1226,0.84475,114.38,1.0935,1.493,1.4722,9.5587,9.2713,1.535
2016-09-13,1.1247,0.84763,114.98,1.0925,1.4938,1.4744,9.538,9.2315,1.5352
2016-09-14,1.1218,0.85078,115.37,1.0945,1.5022,1.4799,9.5343,9.2748,1.544
2016-09-15,1.1254,0.85198,114.98,1.0941,1.5037,1.4831,9.55,9.2648,1.5442
2016-09-16,1.1226,0.85203,114.35,1.0941,1.4949,1.4817,9.557,9.2625,1.5367
2016-09-19,1.1165,0.855,113.65,1.0955,1.4792,1.4684,9.5688,9.2505,1.5267
2016-09-20,1.1184,0.86213,113.93,1.0943,1.4812,1.4792,9.5763,9.2648,1.522
2016-09-21,1.115,0.85693,112.49,1.0883,1.4665,1.4653,9.5698,9.2318,1.517
2016-09-22,1.1238,0.85925,113.19,1.0867,1.4674,1.4623,9.5833,9.1073,1.5341
2016-09-23,1.1214,0.86435,113.02,1.0887,1.4685,1.4625,9.582,9.1028,1.5435
2016-09-26,1.1262,0.8709,113.11,1.0905,1.4751,1.4825,9.6075,9.1318,1.5513
2016-09-27,1.122,0.86413,112.52,1.088,1.4661,1.4873,9.6213,9.1108,1.5388
2016-09-28,1.1225,0.86208,112.93,1.0891,1.4637,1.4829,9.6165,9.0888,1.5459
2016-09-29,1.1221,0.86138,113.88,1.0876,1.4642,1.4683,9.6218,9.0403,1.5451
2016-09-30,1.1161,0.86103,113.09,1.0876,1.4657,1.469,9.621,8.9865,1.5369
2016-10-03,1.1236,0.87318,113.9,1.0918,1.4638,1.4702,9.593,8.9625,1.5454
2016-10-04,1.1161,0.8754,114.5,1.0949,1.4564,1.4697,9.6005,8.9175,1.5327
2016-10-05,1.1211,0.88155,115.65,1.0959,1.4722,1.4816,9.626,8.9872,1.5612
2016-10-06,1.1185,0.88323,116.0,1.0942,1.4762,1.4769,9.632,8.9938,1.5647
2016-10-07,1.114,0.90353,115.44,1.0946,1.4696,1.4784,9.6335,9.001,1.559
2016-10-10,1.116,0.9007,115.39,1.096,1.469,1.479,9.6618,9.0448,1.5647
2016-10-11,1.1079,0.90233,114.9,1.0938,1.4679,1.4653,9.7318,9.0395,1.5657
2016-10-12,1.102,0.8999,114.5,1.0906,1.4553,1.4598,9.7318,9.029,1.5621
2016-10-13,1.1038,0.9043,114.49,1.0904,1.4604,1.462,9.7365,9.0768,1.5623
2016-10-14,1.1002,0.8991,114.76,1.0889,1.4421,1.4485,9.7068,9.0248,1.5508
2016-10-17,1.0994,0.90485,114.46,1.0872,1.4436,1.4433,9.7028,9.0315,1.5433
2016-10-18,1.0993,0.89565,114.37,1.0886,1.4332,1.4382,9.7025,8.9565,1.528
2016-10-19,1.0979,0.89338,113.49,1.0854,1.4298,1.4361,9.698,8.9585,1.5232
2016-10-20,1.098,0.89568,113.76,1.0852,1.4314,1.446,9.704,8.9625,1.5185
2016-10-21,1.0886,0.8932,112.96,1.0825,1.4268,1.4401,9.6913,8.9538,1.519
2016-10-24,1.0891,0.89015,113.29,1.0821,1.4282,1.4547,9.705,8.9855,1.5215
2016-10-25,1.0872,0.88998,113.65,1.0848,1.4229,1.4478,9.718,8.9868,1.5208
2016-10-26,1.0925,0.89465,113.97,1.0838,1.422,1.4602,9.7368,9.0425,1.5246
2016-10-27,1.0927,0.89158,114.39,1.0838,1.4339,1.4605,9.815,8.9858,1.5296
2016-10-28,1.0922,0.89905,115.1,1.0855,1.4424,1.4623,9.862,9.0445,1.5296
2016-10-31,1.0946,0.9005,114.97,1.082,1.4397,1.4665,9.865,9.0345,1.5313
2016-11-01,1.1025,0.90173,115.57,1.0823,1.4341,1.473,9.88,9.0213,1.5342
2016-11-02,1.1095,0.90063,114.62,1.0787,1.4479,1.484,9.891,9.0735,1.5232
2016-11-03,1.1064,0.88658,114.25,1.0787,1.4434,1.4814,9.9068,9.0575,1.5134
2016-11-04,1.1093,0.88808,114.24,1.0774,1.4438,1.4901,9.963,9.1098,1.5169
2016-11-07,1.1062,0.8904,115.4,1.0789,1.4397,1.4813,9.9833,9.1035,1.5116
2016-11-08,1.1038,0.89088,115.66,1.0778,1.4332,1.4756,9.9185,9.0753,1.506
2016-11-09,1.1022,0.8903,114.54,1.0793,1.4336,1.4798,10.0025,9.1193,1.5065
2016-11-10,1.0895,0.87785,116.4,1.0762,1.4336,1.4689,9.909,9.0733,1.5132
2016-11-11,1.0904,0.86133,115.96,1.0732,1.4338,1.4711,9.861,9.1148,1.5163
2016-11-14,1.0777,0.85985,116.27,1.0739,1.4276,1.459,9.8095,9.135,1.5193
2016-11-15,1.0765,0.86638,116.55,1.0758,1.424,1.456,9.851,9.0848,1.5144
2016-11-16,1.0702,0.8611,117.25,1.0738,1.4333,1.4425,9.8328,9.072,1.5179
2016-11-17,1.0717,0.86055,117.12,1.0737,1.4359,1.4389,9.8368,9.0878,1.5143
2016-11-18,1.0629,0.86218,116.95,1.0711,1.4376,1.4365,9.8243,9.1038,1.5073
2016-11-21,1.0631,0.85725,117.59,1.0727,1.4424,1.4308,9.8145,9.0843,1.5081
2016-11-22,1.0617,0.85423,117.74,1.073,1.4352,1.423,9.7973,9.0563,1.5033
2016-11-23,1.0602,0.85393,118.04,1.0731,1.4294,1.426,9.7863,9.068,1.5039
2016-11-24,1.0548,0.848,119.43,1.0727,1.4274,1.4232,9.7658,9.0858,1.5096
2016-11-25,1.0592,0.85182,119.73,1.0736,1.423,1.429,9.784,9.069,1.504
2016-11-28,1.0588,0.85303,119.25,1.0751,1.4194,1.4242,9.7798,9.0848,1.4991
2016-11-29,1.0576,0.84815,119.48,1.0752,1.421,1.4232,9.7668,9.0765,1.4912
2016-11-30,1.0635,0.8525,120.48,1.0803,1.4291,1.4233,9.7538,9.019,1.4911
2016-12-01,1.0627,0.84098,121.39,1.0764,1.4378,1.424,9.7935,8.9628,1.5008
2016-12-02,1.0642,0.84303,121.2,1.0751,1.4333,1.4157,9.7983,8.986,1.499
2016-12-05,1.0702,0.84168,122.32,1.0797,1.4391,1.424,9.8015,8.984,1.5105
2016-12-06,1.0734,0.8421,122.28,1.0833,1.4395,1.4242,9.803,8.9803,1.5059
2016-12-07,1.073,0.85095,122.42,1.0834,1.4408,1.4242,9.7735,8.9908,1.5022
2016-12-08,1.0762,0.84995,122.61,1.0853,1.4406,1.4222,9.7228,9.0145,1.4973
2016-12-09,1.0559,0.83935,121.48,1.0756,1.4141,1.3914,9.691,8.9805,1.4745
2016-12-12,1.0596,0.839,122.69,1.0772,1.4174,1.3918,9.7445,8.9498,1.4793
2016-12-13,1.061,0.83488,122.27,1.0742,1.4155,1.3921,9.718,8.9495,1.4724
2016-12-14,1.0644,0.83963,122.39,1.0747,1.4177,1.3961,9.7553,9.0223,1.4741
2016-12-15,1.0419,0.83598,123.03,1.0733,1.4109,1.3902,9.7688,8.9993,1.4752
2016-12-16,1.0439,0.8389,123.38,1.0751,1.4239,1.396,9.789,9.0623,1.4892
2016-12-19,1.0422,0.8414,122.19,1.0709,1.4351,1.3947,9.78,9.0485,1.5023
2016-12-20,1.0364,0.83978,122.43,1.0687,1.432,1.3896,9.7265,9.0343,1.5029
2016-12-21,1.0421,0.8424,122.31,1.0689,1.4342,1.3932,9.6385,9.026,1.5052
2016-12-22,1.0444,0.84645,122.86,1.0706,1.447,1.4066,9.6008,9.0975,1.5111
2016-12-23,1.0446,0.85278,122.6,1.0711,1.4566,1.4117,9.646,9.0928,1.5195
2016-12-27,1.0445,0.853,122.61,1.0754,1.4532,1.4136,9.6588,9.1078,1.5168
2016-12-28,1.0401,0.85128,122.39,1.0714,1.4492,1.4119,9.5783,9.0777,1.505
2016-12-29,1.0453,0.853,122.04,1.0714,1.4505,1.4154,9.5585,9.0758,1.504
2016-12-30,1.0541,0.85618,123.4,1.0739,1.4596,1.4188,9.5525,9.0863,1.5158
2017-01-02,1.0465,0.8514,122.92,1.0711,1.4574,1.407,9.5438,9.0543,1.5103
2017-01-03,1.0385,0.84565,122.75,1.0702,1.4387,1.3962,9.5348,9.0013,1.5016
2017-01-04,1.0437,0.84945,122.64,1.0707,1.4373,1.3894,9.5238,8.9905,1.5024
2017-01-05,1.0501,0.8544,122.38,1.0704,1.4401,1.3966,9.5341,9.0215,1.5087
2017-01-06,1.0589,0.85648,122.83,1.0725,1.4433,1.4039,9.5515,8.9868,1.5073
2017-01-09,1.0516,0.8666,122.66,1.0721,1.4357,1.3954,9.5533,9.0193,1.5067
2017-01-10,1.0567,0.8694,122.84,1.0737,1.44,1.3992,9.5595,9.075,1.5165
2017-01-11,1.0503,0.86725,122.14,1.0721,1.4241,1.3919,9.5695,9.0633,1.5027
2017-01-12,1.0679,0.86843,121.69,1.0742,1.4205,1.3944,9.509,9.0625,1.498
2017-01-13,1.0661,0.87548,121.91,1.0728,1.4225,1.401,9.4875,9.058,1.4952
2017-01-16,1.0594,0.87808,120.91,1.0709,1.4172,1.3927,9.483,9.0558,1.4916
2017-01-17,1.0684,0.8679,121.1,1.0712,1.4162,1.3953,9.5033,9.036,1.4877
2017-01-18,1.0664,0.86833,121.05,1.0706,1.4128,1.3986,9.5328,9.033,1.4838
2017-01-19,1.0668,0.86555,122.23,1.0729,1.4113,1.4169,9.5478,9.0193,1.4857
2017-01-20,1.0632,0.86595,122.47,1.0727,1.4115,1.4217,9.5073,8.999,1.4891
2017-01-23,1.0715,0.86148,121.72,1.0727,1.4157,1.4266,9.5113,8.994,1.4893
2017-01-24,1.0748,0.8635,121.85,1.0738,1.4198,1.4267,9.4985,8.9578,1.4852
2017-01-25,1.0743,0.85323,121.79,1.0732,1.4213,1.407,9.4833,8.9453,1.4789
2017-01-26,1.07,0.85143,122.4,1.0693,1.4205,1.4048,9.466,8.9215,1.4793
2017-01-27,1.0681,0.8517,123.01,1.0689,1.4169,1.4012,9.4528,8.919,1.4726
2017-01-30,1.063,0.84935,121.76,1.0669,1.4109,1.3983,9.439,8.8758,1.4668
2017-01-31,1.0755,0.86105,121.94,1.0668,1.4198,1.4056,9.4505,8.888,1.4709
2017-02-01,1.079,0.85418,122.25,1.068,1.4225,1.4097,9.4253,8.883,1.4817
2017-02-02,1.0808,0.86068,121.4,1.069,1.406,1.405,9.4183,8.8575,1.4763
2017-02-03,1.0741,0.86013,121.49,1.0695,1.4057,1.4023,9.442,8.8568,1.4781
2017-02-06,1.0712,0.8595,120.28,1.067,1.4006,1.3987,9.4605,8.846,1.4672
2017-02-07,1.0675,0.8633,119.94,1.0658,1.4014,1.4072,9.481,8.8838,1.4631
2017-02-08,1.0665,0.85315,119.39,1.0637,1.396,1.402,9.4523,8.8835,1.46
2017-02-09,1.0692,0.8509,120.04,1.0672,1.3965,1.4016,9.4835,8.886,1.4803
2017-02-10,1.0629,0.8529,120.65,1.0669,1.3905,1.3965,9.4873,8.9065,1.4798
2017-02-13,1.0629,0.8489,120.9,1.0673,1.3867,1.3917,9.478,8.9018,1.4808
2017-02-14,1.0623,0.85098,120.43,1.0659,1.3813,1.3842,9.4653,8.879,1.478
2017-02-15,1.0555,0.84998,120.85,1.0652,1.3761,1.3809,9.4508,8.8523,1.4705
2017-02-16,1.0652,0.8511,120.95,1.0647,1.3808,1.3865,9.4748,8.869,1.4745
2017-02-17,1.065,0.8572,120.08,1.0637,1.3892,1.3929,9.4478,8.8645,1.4809
2017-02-20,1.0616,0.85145,120.11,1.065,1.3835,1.3918,9.4785,8.8568,1.4772
2017-02-21,1.0537,0.8486,119.77,1.0639,1.3762,1.384,9.469,8.8138,1.4757
2017-02-22,1.0513,0.8445,118.79,1.0642,1.3689,1.3844,9.47,8.8153,1.4672
2017-02-23,1.0573,0.84628,119.3,1.0663,1.3691,1.3868,9.4975,8.807,1.4637
2017-02-24,1.0609,0.84503,119.04,1.0649,1.3816,1.3907,9.5188,8.8365,1.4711
2017-02-27,1.0587,0.8528,118.87,1.0664,1.3796,1.3889,9.5548,8.8383,1.4701
2017-02-28,1.0597,0.85305,118.83,1.0648,1.3807,1.3984,9.5675,8.8693,1.4707
2017-03-01,1.0533,0.8555,119.84,1.0647,1.3752,1.4044,9.5268,8.8618,1.4793
2017-03-02,1.0514,0.8556,120.24,1.0651,1.384,1.4069,9.5195,8.883,1.4823
2017-03-03,1.0565,0.86355,120.83,1.0675,1.3956,1.4161,9.5375,8.9303,1.5011
2017-03-06,1.0592,0.863,120.55,1.0694,1.3937,1.4183,9.5335,8.9673,1.5079
2017-03-07,1.0576,0.8671,120.61,1.073,1.392,1.4191,9.5218,8.9443,1.5153
2017-03-08,1.0556,0.86753,120.65,1.0702,1.3968,1.4193,9.5223,8.9513,1.5219
2017-03-09,1.0551,0.86653,120.95,1.0709,1.4044,1.4272,9.5525,9.0458,1.5277
2017-03-10,1.0606,0.8725,122.42,1.0743,1.4095,1.4322,9.5778,9.1405,1.5348
2017-03-13,1.0663,0.87258,122.35,1.0749,1.4078,1.435,9.5645,9.1298,1.5385
2017-03-14,1.0631,0.87563,122.13,1.0726,1.4073,1.4338,9.4968,9.151,1.5389
2017-03-15,1.0622,0.87073,121.77,1.0715,1.3992,1.4291,9.5603,9.1353,1.5277
2017-03-16,1.0726,0.8681,121.55,1.0695,1.3945,1.4277,9.4838,9.1588,1.5351
2017-03-17,1.0737,0.86868,121.49,1.0698,1.394,1.4296,9.461,9.1023,1.5318
2017-03-20,1.0752,0.86793,121.19,1.072,1.3922,1.4359,9.5078,9.1278,1.5271
2017-03-21,1.0802,0.86753,121.58,1.075,1.3969,1.4349,9.4923,9.1253,1.5309
2017-03-22,1.0807,0.8679,120.07,1.0714,1.4086,1.4458,9.5105,9.1463,1.5353
2017-03-23,1.0786,0.86273,119.36,1.07,1.4132,1.4387,9.5095,9.1478,1.5303
2017-03-24,1.0805,0.866,120.09,1.0718,1.4182,1.4448,9.5373,9.1793,1.5401
2017-03-27,1.0889,0.86403,119.93,1.0713,1.4261,1.4536,9.5503,9.2188,1.5416
2017-03-28,1.0859,0.86455,119.84,1.0693,1.4281,1.4546,9.5318,9.238,1.5454
2017-03-29,1.0748,0.86385,119.17,1.0712,1.406,1.438,9.5505,9.1908,1.5321
2017-03-30,1.0737,0.8618,119.39,1.0698,1.3988,1.432,9.5623,9.1695,1.5304
2017-03-31,1.0691,0.85553,119.55,1.0696,1.3982,1.4265,9.5322,9.1683,1.5309
2017-04-03,1.0661,0.8526,118.64,1.0682,1.4012,1.4229,9.5145,9.1468,1.5226
2017-04-04,1.0651,0.85623,117.55,1.0673,1.4109,1.432,9.61,9.179,1.526
2017-04-05,1.0678,0.8551,118.49,1.0708,1.4085,1.4291,9.5748,9.1665,1.5319
2017-04-06,1.0666,0.8559,118.23,1.0702,1.4103,1.4322,9.5895,9.1688,1.5271
2017-04-07,1.063,0.85573,117.64,1.0695,1.4123,1.4256,9.5963,9.1583,1.5249
2017-04-10,1.0578,0.85335,117.72,1.0682,1.412,1.4155,9.6098,9.1443,1.5239
2017-04-11,1.0616,0.8533,117.36,1.0696,1.4137,1.4139,9.5915,9.1245,1.5285
2017-04-12,1.0605,0.8484,116.22,1.0678,1.4163,1.4114,9.5553,9.1035,1.532
2017-04-13,1.063,0.84763,116.01,1.0686,1.4027,1.4069,9.582,9.1033,1.5178
2017-04-18,1.0682,0.84375,116.26,1.0686,1.4155,1.4273,9.5908,9.1093,1.5186
2017-04-19,1.0725,0.8343,116.91,1.069,1.4255,1.4415,9.6195,9.1528,1.5283
2017-04-20,1.0745,0.8392,117.16,1.0701,1.4278,1.4494,9.6203,9.212,1.5301
2017-04-21,1.0698,0.8372,116.72,1.068,1.4219,1.4413,9.639,9.2478,1.5277
2017-04-24,1.0848,0.8483,119.67,1.0806,1.433,1.457,9.5825,9.245,1.5442
2017-04-25,1.0891,0.84928,120.34,1.0826,1.4454,1.479,9.601,9.3158,1.5636
2017-04-26,1.0893,0.84903,121.35,1.0835,1.4559,1.4792,9.5605,9.3485,1.5806
2017-04-27,1.0881,0.8442,121.27,1.082,1.4576,1.4783,9.6244,9.3367,1.5832
2017-04-28,1.093,0.84473,121.76,1.0831,1.4629,1.4914,9.6318,9.3243,1.5897
2017-05-02,1.0915,0.8452,122.55,1.0852,1.4518,1.4928,9.629,9.378,1.5782
2017-05-03,1.0919,0.8444,122.47,1.0812,1.4615,1.499,9.6273,9.3878,1.5768
2017-05-04,1.0927,0.84765,123.31,1.0843,1.4773,1.501,9.6438,9.4803,1.5925
2017-05-05,1.0961,0.8471,123.29,1.0839,1.4832,1.5094,9.6865,9.5023,1.5911
2017-05-08,1.0938,0.84465,123.1,1.0878,1.4791,1.4986,9.659,9.4465,1.5802
2017-05-09,1.0888,0.843,124.04,1.0938,1.4809,1.4921,9.6698,9.4138,1.5788
2017-05-10,1.0882,0.83985,123.84,1.0949,1.474,1.4905,9.699,9.4435,1.5671
2017-05-11,1.086,0.84485,123.69,1.0952,1.4737,1.4906,9.6478,9.333,1.5862
2017-05-12,1.0876,0.84588,123.82,1.0963,1.4731,1.4941,9.6673,9.3665,1.5892
2017-05-15,1.0972,0.84928,124.45,1.0944,1.4741,1.4931,9.6733,9.3325,1.5875
2017-05-16,1.1059,0.85868,125.67,1.0958,1.492,1.5058,9.7215,9.3918,1.609
2017-05-17,1.1117,0.85745,124.82,1.0923,1.5014,1.5136,9.7573,9.3708,1.613
2017-05-18,1.1129,0.85363,123.05,1.0874,1.4957,1.5183,9.7655,9.4113,1.6057
2017-05-19,1.1179,0.85908,124.35,1.0921,1.5031,1.5169,9.7893,9.3923,1.6227
2017-05-22,1.1243,0.86353,125.18,1.0911,1.5049,1.5174,9.7895,9.3723,1.612
2017-05-23,1.1215,0.86463,124.62,1.0912,1.4939,1.5104,9.7403,9.376,1.5929
2017-05-24,1.1193,0.8634,125.15,1.0929,1.497,1.5109,9.7418,9.3843,1.5908
2017-05-25,1.1214,0.86528,125.33,1.0904,1.5022,1.5063,9.7275,9.333,1.5944
2017-05-26,1.1196,0.8719,124.38,1.0888,1.5038,1.5077,9.7275,9.4018,1.5856
2017-05-29,1.1188,0.87093,124.57,1.09,1.5045,1.5053,9.7248,9.4065,1.5792
2017-05-30,1.1173,0.86793,123.97,1.0903,1.4992,1.5048,9.7688,9.4398,1.5799
2017-05-31,1.1221,0.87365,124.4,1.0896,1.5054,1.5108,9.7558,9.4388,1.5789
2017-06-01,1.1219,0.8723,124.53,1.0883,1.5182,1.5155,9.776,9.4895,1.587
2017-06-02,1.1217,0.87268,125.02,1.0893,1.5173,1.5169,9.7433,9.4918,1.5811
2017-06-05,1.1249,0.8713,124.3,1.0856,1.504,1.5174,9.7448,9.489,1.5769
2017-06-06,1.1258,0.8723,123.12,1.0851,1.504,1.517,9.7503,9.5158,1.5694
2017-06-07,1.1217,0.86908,122.78,1.0843,1.4845,1.5085,9.7953,9.5023,1.5599
2017-06-08,1.1229,0.86755,123.77,1.0856,1.4894,1.5175,9.7885,9.5233,1.5575
2017-06-09,1.1176,0.87638,123.44,1.0863,1.4837,1.5098,9.7615,9.5218,1.552
2017-06-12,1.1221,0.88545,123.3,1.0857,1.4875,1.5078,9.7803,9.4985,1.5583
2017-06-13,1.1217,0.88075,123.43,1.085,1.488,1.4892,9.7443,9.454,1.5528
2017-06-14,1.1203,0.8796,123.58,1.0874,1.4778,1.4796,9.7448,9.414,1.5453
2017-06-15,1.1166,0.8764,122.95,1.0874,1.4722,1.4826,9.7278,9.4718,1.5505
2017-06-16,1.1167,0.87453,124.33,1.0885,1.4683,1.4766,9.737,9.4615,1.5441
2017-06-19,1.1199,0.87518,124.26,1.087,1.4705,1.4827,9.7443,9.4518,1.5411
2017-06-20,1.1156,0.88143,124.25,1.0854,1.4674,1.4812,9.7575,9.493,1.5414
2017-06-21,1.1147,0.8781,124.21,1.0857,1.4738,1.4803,9.7808,9.5158,1.5402
2017-06-22,1.1169,0.88168,124.27,1.0867,1.4812,1.4853,9.7683,9.4855,1.5395
2017-06-23,1.1173,0.87805,124.36,1.0851,1.4764,1.4783,9.77,9.4613,1.5345
2017-06-26,1.1187,0.8783,124.93,1.0881,1.4771,1.4812,9.7618,9.4788,1.5371
2017-06-27,1.1278,0.8837,126.16,1.0883,1.4819,1.4895,9.7678,9.52,1.5431
2017-06-28,1.1375,0.88525,127.53,1.0913,1.4986,1.4888,9.778,9.602,1.5648
2017-06-29,1.1413,0.8799,128.59,1.0935,1.4868,1.4867,9.7215,9.57,1.5651
2017-06-30,1.1412,0.87933,127.75,1.093,1.4851,1.4785,9.6398,9.5713,1.5554
2017-07-03,1.1369,0.87705,128.46,1.0943,1.4848,1.4755,9.6358,9.5065,1.5584
2017-07-04,1.1353,0.87805,128.57,1.0954,1.4922,1.473,9.6735,9.485,1.5594
2017-07-05,1.1329,0.87735,128.64,1.095,1.4916,1.4682,9.6243,9.4965,1.5575
2017-07-06,1.1385,0.88013,129.01,1.0975,1.5008,1.4728,9.631,9.5298,1.5697
2017-07-07,1.1412,0.88488,129.8,1.0983,1.5006,1.4806,9.6155,9.5613,1.5669
2017-07-10,1.1387,0.88443,129.98,1.1007,1.4999,1.4703,9.6175,9.5165,1.5663
2017-07-11,1.1405,0.88318,130.36,1.104,1.4988,1.4718,9.639,9.512,1.5788
2017-07-12,1.1449,0.88925,130.02,1.1027,1.4966,1.4808,9.635,9.4688,1.5827
2017-07-13,1.1417,0.88215,129.17,1.1011,1.477,1.4564,9.543,9.4518,1.5578
2017-07-14,1.1415,0.87983,129.1,1.1051,1.471,1.4524,9.5333,9.3843,1.5625
2017-07-17,1.1462,0.87755,128.86,1.1012,1.4637,1.4502,9.54,9.3558,1.5624
2017-07-18,1.1555,0.8878,129.46,1.1025,1.4565,1.4548,9.5658,9.3065,1.5713
2017-07-19,1.1533,0.88485,129.03,1.0994,1.4532,1.454,9.5598,9.3018,1.564
2017-07-20,1.1485,0.88718,128.92,1.1039,1.451,1.4487,9.5678,9.3,1.5631
2017-07-21,1.1642,0.8961,129.72,1.1051,1.4699,1.4664,9.6193,9.3315,1.565
2017-07-24,1.1648,0.8935,129.09,1.102,1.4661,1.4584,9.5883,9.3525,1.5657
2017-07-25,1.1694,0.89395,130.28,1.1063,1.4693,1.4608,9.5545,9.3035,1.5712
2017-07-26,1.1644,0.89275,130.26,1.1152,1.4717,1.4576,9.5705,9.2893,1.5678
2017-07-27,1.1694,0.88978,130.32,1.1232,1.4617,1.4603,9.582,9.2978,1.5553
2017-07-28,1.1729,0.89568,130.37,1.1357,1.4732,1.4712,9.5355,9.3195,1.5694
2017-07-31,1.1727,0.8942,129.7,1.1359,1.4713,1.4625,9.5423,9.305,1.5672
2017-08-01,1.1812,0.8944,130.53,1.1414,1.4813,1.4737,9.5563,9.3343,1.5813
2017-08-02,1.1829,0.89425,130.98,1.1459,1.4847,1.4841,9.5918,9.3505,1.5927
2017-08-03,1.186,0.90318,130.91,1.1501,1.4943,1.4951,9.6093,9.3768,1.5986
2017-08-04,1.1868,0.9028,130.67,1.1494,1.4888,1.492,9.6053,9.3618,1.5928
2017-08-07,1.1797,0.90435,130.78,1.148,1.4909,1.4959,9.6175,9.38,1.6033
2017-08-08,1.1814,0.90678,130.31,1.1478,1.4882,1.4959,9.598,9.3225,1.6036
2017-08-09,1.1731,0.90338,128.74,1.1293,1.4879,1.4875,9.621,9.3398,1.6011
2017-08-10,1.1732,0.90303,128.76,1.1341,1.4888,1.4923,9.568,9.3355,1.6142
2017-08-11,1.1765,0.90645,128.41,1.132,1.4962,1.4956,9.6083,9.3975,1.6149
2017-08-14,1.1797,0.90935,129.28,1.1422,1.4986,1.4975,9.5665,9.3478,1.6167
2017-08-15,1.1744,0.91145,129.67,1.1417,1.498,1.496,9.4835,9.3538,1.6121
2017-08-16,1.171,0.90993,129.79,1.1406,1.4903,1.4908,9.482,9.3115,1.6151
2017-08-17,1.1697,0.90895,128.81,1.1311,1.4756,1.4767,9.5088,9.3243,1.6013
2017-08-18,1.174,0.91188,128.02,1.1287,1.483,1.4859,9.537,9.3183,1.6035
2017-08-21,1.1761,0.91318,128.17,1.1362,1.4831,1.4815,9.5173,9.2903,1.6072
2017-08-22,1.1771,0.91713,128.73,1.1364,1.4887,1.4806,9.539,9.3023,1.6165
2017-08-23,1.1799,0.92133,128.71,1.1392,1.4936,1.4848,9.5455,9.313,1.6334
2017-08-24,1.1806,0.92,129.06,1.1375,1.4951,1.4784,9.5118,9.2585,1.6354
2017-08-25,1.1808,0.92083,129.59,1.139,1.4919,1.4769,9.5053,9.2278,1.6363
2017-08-28,1.1925,0.92328,130.34,1.1389,1.5008,1.4866,9.5155,9.262,1.6458
2017-08-29,1.2048,0.92965,130.86,1.1386,1.5111,1.5037,9.5363,9.2915,1.6535
2017-08-30,1.1916,0.92246,131.25,1.1422,1.5016,1.4961,9.5095,9.2845,1.6477
2017-08-31,1.1825,0.91973,130.81,1.1446,1.5016,1.497,9.4818,9.279,1.6571
2017-09-01,1.192,0.92075,131.29,1.1441,1.5021,1.483,9.4778,9.2555,1.6638
2017-09-04,1.1905,0.91855,130.6,1.1399,1.496,1.4774,9.4733,9.2933,1.6588
2017-09-05,1.189,0.9174,129.99,1.1407,1.4902,1.4732,9.469,9.2788,1.6531
2017-09-06,1.1931,0.91428,129.92,1.1399,1.4961,1.4787,9.501,9.2765,1.6528
2017-09-07,1.1971,0.91403,130.34,1.1412,1.4926,1.4587,9.5263,9.2938,1.6616
2017-09-08,1.206,0.91268,129.5,1.1405,1.4881,1.4577,9.5388,9.3093,1.6502
2017-09-11,1.1997,0.90775,130.38,1.1404,1.4915,1.4541,9.5705,9.371,1.6502
2017-09-12,1.1933,0.89878,130.93,1.1444,1.4847,1.4477,9.5355,9.3593,1.6343
2017-09-13,1.1979,0.90243,131.79,1.1496,1.4909,1.4542,9.5475,9.3983,1.6451
2017-09-14,1.1885,0.89123,131.55,1.1496,1.4877,1.4501,9.5345,9.395,1.6474
2017-09-15,1.1963,0.88043,132.92,1.148,1.4911,1.452,9.5058,9.3348,1.6407
2017-09-18,1.1948,0.88253,133.09,1.1464,1.4947,1.4581,9.5145,9.341,1.6401
2017-09-19,1.1972,0.88622,133.44,1.1535,1.4969,1.4714,9.5261,9.342,1.6398
2017-09-20,1.2007,0.8868,133.63,1.1532,1.4891,1.4701,9.5335,9.344,1.6277
2017-09-21,1.1905,0.8824,133.86,1.1585,1.5002,1.4712,9.5135,9.3025,1.6268
2017-09-22,1.1961,0.88155,134.01,1.1588,1.5011,1.4675,9.5358,9.3193,1.6336
2017-09-25,1.1867,0.87938,133.19,1.1562,1.4917,1.463,9.5325,9.2725,1.6302
2017-09-26,1.1787,0.87775,131.99,1.1452,1.4944,1.4605,9.5473,9.2843,1.6369
2017-09-27,1.1741,0.87565,132.6,1.1451,1.4954,1.4554,9.5885,9.3355,1.6305
2017-09-28,1.1778,0.87635,132.56,1.146,1.5054,1.4684,9.58,9.3575,1.6363
2017-09-29,1.1806,0.88178,132.82,1.1457,1.5075,1.4687,9.649,9.4125,1.6354
2017-10-02,1.1744,0.88418,132.5,1.1399,1.5036,1.4693,9.6055,9.377,1.6336
2017-10-03,1.1753,0.88793,132.77,1.1449,1.5039,1.4692,9.5675,9.3885,1.6374
2017-10-04,1.1787,0.88768,132.47,1.1456,1.4986,1.4678,9.5425,9.3533,1.6403
2017-10-05,1.1742,0.89153,132.05,1.1472,1.5015,1.4655,9.5195,9.35,1.6413
2017-10-06,1.1707,0.89535,132.23,1.1473,1.506,1.4721,9.5418,9.372,1.6512
2017-10-09,1.1746,0.89195,132.36,1.1497,1.5142,1.4731,9.5348,9.3788,1.6588
2017-10-10,1.1797,0.8941,132.55,1.1522,1.5155,1.4745,9.5265,9.3745,1.6688
2017-10-11,1.183,0.8971,132.72,1.1524,1.5186,1.4798,9.5313,9.379,1.6723
2017-10-12,1.1856,0.90235,133.12,1.1552,1.5175,1.4785,9.5883,9.3601,1.6675
2017-10-13,1.181,0.8898,132.49,1.1533,1.508,1.4761,9.605,9.339,1.6541
2017-10-16,1.1803,0.88753,131.99,1.1514,1.4996,1.48,9.5885,9.3133,1.642
2017-10-17,1.1759,0.89148,131.94,1.1504,1.4994,1.4741,9.5813,9.326,1.6375
2017-10-18,1.1749,0.89283,132.62,1.1551,1.5009,1.472,9.5945,9.3575,1.6488
2017-10-19,1.1834,0.89815,133.18,1.1541,1.5033,1.4743,9.6445,9.419,1.6861
2017-10-20,1.1818,0.89623,133.75,1.1597,1.5055,1.4765,9.6445,9.4145,1.6885
2017-10-23,1.174,0.8909,133.59,1.1581,1.5018,1.4835,9.644,9.3883,1.6838
2017-10-24,1.1761,0.89303,133.95,1.1613,1.5117,1.4875,9.6475,9.3883,1.7008
2017-10-25,1.1785,0.88883,134.41,1.169,1.5282,1.4963,9.6858,9.4383,1.7123
2017-10-26,1.1753,0.8901,133.75,1.1678,1.5248,1.5041,9.7218,9.4865,1.7118
2017-10-27,1.1605,0.88633,132.52,1.1632,1.5196,1.4961,9.739,9.5348,1.6975
2017-10-30,1.1612,0.8798,131.83,1.1603,1.5148,1.4918,9.709,9.484,1.6944
2017-10-31,1.1638,0.87853,132.0,1.1622,1.521,1.5004,9.7415,9.5238,1.7005
2017-11-01,1.1612,0.87385,132.6,1.164,1.5136,1.4986,9.7535,9.461,1.6866
2017-11-02,1.1645,0.8869,132.9,1.1647,1.5117,1.496,9.7615,9.4838,1.6867
2017-11-03,1.1657,0.88923,132.82,1.1635,1.5184,1.483,9.7912,9.4843,1.6797
2017-11-06,1.159,0.8839,132.29,1.1593,1.512,1.4787,9.7683,9.438,1.6797
2017-11-07,1.1562,0.88038,132.03,1.1557,1.5112,1.4761,9.7443,9.4543,1.6717
2017-11-08,1.159,0.88405,131.54,1.1581,1.5094,1.4753,9.7288,9.473,1.6724
2017-11-09,1.163,0.88633,131.75,1.1589,1.5144,1.4779,9.7355,9.4535,1.6715
2017-11-10,1.1654,0.8837,132.08,1.1591,1.5197,1.4766,9.743,9.456,1.678
2017-11-13,1.1656,0.89018,132.07,1.1591,1.5256,1.4809,9.7705,9.4913,1.6877
2017-11-14,1.1745,0.89585,133.29,1.1643,1.5361,1.4933,9.8905,9.5923,1.7092
2017-11-15,1.184,0.8991,133.45,1.1675,1.5582,1.5103,9.9728,9.751,1.7145
2017-11-16,1.1771,0.89183,133.12,1.1686,1.5507,1.5025,9.8868,9.6553,1.7204
2017-11-17,1.1795,0.89385,132.82,1.1696,1.5632,1.5053,9.9443,9.7163,1.7372
2017-11-20,1.1781,0.8894,132.1,1.1676,1.5592,1.5066,9.9585,9.7298,1.7243
2017-11-21,1.1718,0.88498,131.87,1.1641,1.5466,1.5006,9.9473,9.689,1.7181
2017-11-22,1.1749,0.8881,131.61,1.1609,1.5503,1.4969,9.8818,9.6723,1.7183
2017-11-23,1.1848,0.89005,131.79,1.1613,1.5532,1.5024,9.844,9.6393,1.7198
2017-11-24,1.1877,0.8912,132.24,1.165,1.5585,1.5093,9.8638,9.6608,1.7256
2017-11-27,1.1952,0.89375,132.69,1.1718,1.5656,1.5156,9.926,9.7533,1.7305
2017-11-28,1.1888,0.89538,132.24,1.168,1.5619,1.5208,9.906,9.745,1.7157
2017-11-29,1.1827,0.88293,132.24,1.1664,1.5627,1.5176,9.915,9.741,1.7141
2017-11-30,1.1849,0.87985,133.08,1.1699,1.5659,1.5267,9.9208,9.8398,1.7319
2017-12-01,1.1885,0.88115,133.7,1.1691,1.5693,1.5301,9.9487,9.8753,1.7349
2017-12-04,1.1865,0.87725,133.91,1.1665,1.5585,1.5034,9.9635,9.8668,1.7281
2017-12-05,1.1847,0.88183,133.37,1.1673,1.5512,1.4966,9.968,9.8228,1.7193
2017-12-06,1.1817,0.88335,132.52,1.1678,1.5565,1.4963,9.9265,9.7575,1.7141
2017-12-07,1.1786,0.88068,132.88,1.17,1.5682,1.5131,9.9558,9.7503,1.7252
2017-12-08,1.1742,0.87525,133.26,1.1704,1.562,1.5072,9.977,9.7665,1.7157
2017-12-11,1.1796,0.8825,133.66,1.1679,1.5674,1.5168,10.016,9.8825,1.7049
2017-12-12,1.1766,0.88068,133.54,1.1671,1.5541,1.5098,9.9328,9.8245,1.6956
2017-12-13,1.1736,0.87905,132.99,1.1647,1.5503,1.5092,9.906,9.8253,1.6886
2017-12-14,1.1845,0.88163,133.39,1.1686,1.5452,1.5196,9.9488,9.7783,1.6934
2017-12-15,1.1806,0.88253,132.45,1.1669,1.5382,1.507,9.9583,9.7828,1.6803
2017-12-18,1.1795,0.88208,132.66,1.1652,1.5392,1.5185,9.9588,9.8573,1.6836
2017-12-19,1.1823,0.885,133.23,1.1643,1.5406,1.5207,9.9508,9.8875,1.6866
2017-12-20,1.1845,0.8832,134.16,1.1702,1.5427,1.5221,9.9128,9.8683,1.697
2017-12-21,1.1859,0.88763,134.59,1.1725,1.5451,1.5184,9.9844,9.9738,1.6931
2017-12-22,1.1853,0.88568,134.37,1.1735,1.5358,1.5057,9.9327,9.8963,1.6904
2017-12-27,1.1895,0.88593,134.7,1.1772,1.5316,1.5028,9.8727,9.8605,1.6825
2017-12-28,1.1934,0.88768,134.74,1.1704,1.533,1.5049,9.8452,9.867,1.6856
2017-12-29,1.1993,0.88723,135.01,1.1702,1.5346,1.5039,9.8438,9.8403,1.685
2018-01-02,1.2065,0.88953,135.35,1.1718,1.5413,1.5128,9.8283,9.7748,1.6955
2018-01-03,1.2023,0.8864,134.97,1.1736,1.5339,1.5047,9.825,9.744,1.6942
2018-01-04,1.2065,0.89103,135.92,1.1763,1.5398,1.5114,9.822,9.7655,1.6957
2018-01-05,1.2045,0.88883,136.45,1.1757,1.5361,1.5068,9.8318,9.7418,1.6837
2018-01-08,1.1973,0.88413,135.34,1.1709,1.5289,1.488,9.8165,9.6783,1.6702
2018-01-09,1.1932,0.8827,134.31,1.1727,1.5242,1.4826,9.8288,9.6715,1.6601
2018-01-10,1.1992,0.8867,133.62,1.1725,1.5289,1.4931,9.811,9.6448,1.6654
2018-01-11,1.2017,0.89075,134.19,1.1736,1.5281,1.5093,9.8203,9.6735,1.6653
2018-01-12,1.2137,0.88983,134.88,1.1787,1.5417,1.5194,9.835,9.659,1.6726
2018-01-15,1.2277,0.89043,135.81,1.1799,1.5434,1.5263,9.8335,9.6708,1.6828
2018-01-16,1.223,0.8886,135.4,1.1795,1.5379,1.5194,9.8228,9.6308,1.6808
2018-01-17,1.2203,0.88568,135.21,1.1774,1.5314,1.5185,9.8425,9.622,1.68
2018-01-18,1.2235,0.88208,136.07,1.1748,1.5311,1.5229,9.8305,9.6013,1.6759
2018-01-19,1.2255,0.88365,135.54,1.1758,1.5302,1.5246,9.8333,9.6243,1.6831
2018-01-22,1.2239,0.88085,135.66,1.1764,1.5287,1.527,9.834,9.6223,1.6758
2018-01-23,1.2249,0.8783,135.35,1.1779,1.5365,1.5289,9.8443,9.638,1.6722
2018-01-24,1.2352,0.87183,135.13,1.1735,1.531,1.5229,9.8323,9.6275,1.6677
2018-01-25,1.2407,0.87038,135.12,1.168,1.5358,1.5289,9.8188,9.5858,1.6823
2018-01-26,1.2436,0.87335,135.95,1.1632,1.538,1.5325,9.8005,9.5655,1.6943
2018-01-29,1.2379,0.8794,134.75,1.1563,1.5302,1.5269,9.7823,9.5548,1.6881
2018-01-30,1.2421,0.8793,134.98,1.1589,1.5345,1.5304,9.7825,9.5628,1.6937
2018-01-31,1.2457,0.8791,135.6,1.1631,1.5357,1.529,9.7645,9.562,1.6803
2018-02-01,1.2459,0.8752,136.62,1.1603,1.5567,1.5348,9.803,9.5705,1.6944
2018-02-02,1.2492,0.8785,137.22,1.1596,1.563,1.5387,9.8223,9.5663,1.696
2018-02-05,1.244,0.88568,136.67,1.1599,1.5664,1.5468,9.8338,9.6108,1.7025
2018-02-06,1.2329,0.88885,134.97,1.1571,1.5728,1.5488,9.8685,9.7005,1.6955
2018-02-07,1.2338,0.88675,134.84,1.161,1.5684,1.5445,9.8585,9.6618,1.6897
2018-02-08,1.2252,0.87513,134.31,1.1555,1.5694,1.5402,9.8968,9.686,1.6966
2018-02-09,1.2273,0.8874,133.59,1.15,1.5721,1.5475,9.9448,9.7983,1.6952
2018-02-12,1.2263,0.886,133.23,1.1503,1.5645,1.5427,9.9195,9.7475,1.6918
2018-02-13,1.2333,0.88935,132.82,1.1522,1.5715,1.5544,9.9388,9.7418,1.6941
2018-02-14,1.2348,0.8904,132.4,1.1519,1.5707,1.5528,9.9305,9.7148,1.6873
2018-02-15,1.2493,0.8866,133.11,1.1545,1.5757,1.5604,9.918,9.735,1.6909
2018-02-16,1.2464,0.88803,132.34,1.1521,1.5695,1.5587,9.914,9.681,1.6853
2018-02-19,1.241,0.8859,132.24,1.1513,1.5676,1.5592,9.9155,9.6575,1.682
2018-02-20,1.234,0.88168,132.25,1.1537,1.5648,1.5553,9.9688,9.6683,1.6782
2018-02-21,1.2312,0.88463,132.41,1.1551,1.5684,1.5601,9.9648,9.642,1.6754
2018-02-22,1.2276,0.88343,131.47,1.1508,1.5699,1.5589,9.9963,9.6893,1.6761
2018-02-23,1.2299,0.8794,131.28,1.1505,1.572,1.5614,10.0583,9.677,1.6864
2018-02-26,1.232,0.8782,131.6,1.153,1.571,1.5617,10.0435,9.6303,1.6847
2018-02-27,1.2301,0.884,131.77,1.1539,1.5698,1.5647,10.08,9.629,1.6918
2018-02-28,1.2214,0.88415,130.72,1.152,1.5637,1.5608,10.0923,9.6153,1.6905
2018-03-01,1.2171,0.8852,129.98,1.1519,1.5746,1.5654,10.1185,9.66,1.6866
2018-03-02,1.2312,0.8932,129.77,1.1512,1.5885,1.5858,10.1643,9.6178,1.7014
2018-03-05,1.2307,0.8907,130.02,1.1549,1.5887,1.5914,10.1683,9.6335,1.7026
2018-03-06,1.2411,0.89165,131.84,1.1626,1.584,1.5993,10.1835,9.613,1.6985
2018-03-07,1.2417,0.89513,131.41,1.1673,1.5909,1.6056,10.2383,9.6775,1.7063
2018-03-08,1.2421,0.89465,131.83,1.1731,1.5912,1.6044,10.2173,9.7135,1.7102
2018-03-09,1.2291,0.88893,131.31,1.1695,1.5772,1.5848,10.1648,9.5948,1.6931
2018-03-12,1.2302,0.8859,131.04,1.1681,1.5641,1.5782,10.1563,9.5645,1.6854
2018-03-13,1.2378,0.8865,132.31,1.169,1.5683,1.589,10.1568,9.5808,1.6842
2018-03-14,1.2369,0.8863,131.77,1.1704,1.5644,1.5993,10.1255,9.5728,1.6853
2018-03-15,1.2341,0.8848,130.9,1.1689,1.5735,1.6025,10.0943,9.5078,1.6915
2018-03-16,1.2301,0.88253,130.21,1.1702,1.586,1.6087,10.0795,9.491,1.7002
2018-03-19,1.2309,0.87593,130.65,1.1717,1.5994,1.6105,10.0838,9.5205,1.7066
2018-03-20,1.2276,0.87715,130.72,1.1721,1.5934,1.604,10.0563,9.4863,1.7039
2018-03-21,1.2286,0.87403,130.5,1.1709,1.5994,1.5947,10.0883,9.5028,1.7158
2018-03-22,1.2316,0.872,129.75,1.1671,1.5974,1.5889,10.12,9.5308,1.7031
2018-03-23,1.2346,0.87285,129.74,1.1703,1.5978,1.5868,10.1943,9.5715,1.7024
2018-03-26,1.2411,0.87248,130.47,1.1739,1.6048,1.5997,10.1868,9.5613,1.7029
2018-03-27,1.2376,0.8794,131.04,1.1764,1.607,1.5949,10.2156,9.5603,1.7041
2018-03-28,1.2398,0.87605,131.6,1.1801,1.6132,1.5974,10.28,9.6423,1.7075
2018-03-29,1.2321,0.8749,131.15,1.1779,1.6036,1.5895,10.2843,9.677,1.7098
2018-04-03,1.2308,0.87523,130.76,1.1775,1.5994,1.5818,10.2968,9.6338,1.6964
2018-04-04,1.2276,0.87573,130.43,1.1776,1.5978,1.5756,10.3175,9.6345,1.685
2018-04-05,1.226,0.87395,131.26,1.1796,1.594,1.5659,10.314,9.5875,1.6799
2018-04-06,1.2234,0.87295,131.32,1.1798,1.5934,1.565,10.2983,9.586,1.6884
2018-04-09,1.2304,0.87088,131.66,1.179,1.605,1.5726,10.296,9.5883,1.6871
2018-04-10,1.2361,0.87183,132.28,1.1792,1.5976,1.5645,10.2855,9.647,1.6806
2018-04-11,1.2384,0.8736,132.26,1.1855,1.598,1.5625,10.2863,9.6213,1.6812
2018-04-12,1.2323,0.86745,132.04,1.1876,1.5893,1.5517,10.3723,9.5973,1.67
2018-04-13,1.2317,0.864,132.64,1.1854,1.5801,1.5482,10.3798,9.5643,1.6703
2018-04-16,1.237,0.86465,132.77,1.1878,1.5928,1.5596,10.4045,9.595,1.6853
2018-04-17,1.2357,0.8628,132.35,1.1908,1.591,1.5511,10.3913,9.598,1.6837
2018-04-18,1.2388,0.87105,132.82,1.1979,1.5953,1.5572,10.4033,9.6095,1.6912
2018-04-19,1.2382,0.86975,132.88,1.1976,1.5892,1.5606,10.3778,9.5825,1.6938
2018-04-20,1.2309,0.87608,132.41,1.197,1.5983,1.5557,10.3703,9.605,1.7032
2018-04-23,1.2238,0.8764,132.38,1.1941,1.601,1.5649,10.3763,9.6258,1.7052
2018-04-24,1.2213,0.87468,132.92,1.1944,1.6038,1.5662,10.3775,9.629,1.7134
2018-04-25,1.2185,0.8738,133.03,1.1986,1.6118,1.5704,10.422,9.705,1.7232
2018-04-26,1.2168,0.871,132.87,1.1976,1.607,1.5618,10.4478,9.6735,1.7194
2018-04-27,1.207,0.877,131.95,1.196,1.5975,1.5549,10.5178,9.659,1.7116
2018-04-30,1.2079,0.8796,132.12,1.1968,1.6013,1.5542,10.4993,9.662,1.7145
2018-05-02,1.2007,0.8804,131.84,1.1957,1.5987,1.5401,10.6174,9.6958,1.7103
2018-05-03,1.1992,0.8818,131.03,1.1958,1.5926,1.5404,10.6045,9.6465,1.7041
2018-05-04,1.1969,0.88235,130.37,1.195,1.5915,1.541,10.5715,9.644,1.7067
2018-05-07,1.1902,0.8801,130.15,1.1964,1.5882,1.5338,10.5383,9.619,1.7013
2018-05-08,1.187,0.8793,129.45,1.1906,1.5929,1.5398,10.476,9.6233,1.7019
2018-05-09,1.1879,0.87445,130.24,1.1895,1.5923,1.5299,10.3473,9.6045,1.6995
2018-05-10,1.1878,0.8781,130.22,1.1908,1.5865,1.5172,10.315,9.547,1.7144
2018-05-11,1.1934,0.88,130.44,1.1933,1.5801,1.5197,10.2635,9.5425,1.711
2018-05-14,1.1988,0.8824,131.27,1.1965,1.5861,1.5301,10.2958,9.5653,1.7246
2018-05-15,1.1883,0.879,130.77,1.191,1.5857,1.5253,10.2928,9.5673,1.7222
2018-05-16,1.1784,0.87418,129.83,1.1792,1.5741,1.5161,10.2903,9.5715,1.7115
2018-05-17,1.1805,0.8735,130.66,1.1819,1.5681,1.5077,10.295,9.5565,1.7125
2018-05-18,1.1781,0.87325,130.69,1.1773,1.5673,1.5074,10.3073,9.5773,1.7049
2018-05-21,1.1759,0.8764,130.84,1.1753,1.5619,1.5139,10.2555,9.5285,1.703
2018-05-22,1.1794,0.87688,130.7,1.1738,1.5543,1.5066,10.2158,9.49,1.6991
2018-05-23,1.1708,0.87953,128.61,1.1598,1.5544,1.5109,10.2906,9.5063,1.6977
2018-05-24,1.1728,0.87475,128.46,1.1607,1.5519,1.5111,10.2518,9.481,1.6946
2018-05-25,1.1675,0.8754,127.72,1.1593,1.5424,1.5126,10.1922,9.4888,1.6882
2018-05-28,1.1644,0.87465,127.33,1.1577,1.541,1.5114,10.2373,9.5113,1.6756
2018-05-29,1.1558,0.87143,125.88,1.1517,1.5366,1.5058,10.3173,9.5618,1.6711
2018-05-30,1.1632,0.875,126.76,1.1513,1.5409,1.5093,10.2783,9.5463,1.6686
2018-05-31,1.1699,0.8768,127.33,1.1526,1.5414,1.5038,10.2683,9.5375,1.6681
2018-06-01,1.1669,0.8768,127.74,1.1531,1.5494,1.5142,10.2943,9.5323,1.6737
2018-06-04,1.1737,0.87673,128.44,1.1546,1.5311,1.5148,10.2583,9.503,1.6654
2018-06-05,1.1675,0.8739,128.08,1.1515,1.5335,1.5158,10.2498,9.5008,1.6636
2018-06-06,1.1765,0.87683,129.57,1.1629,1.5365,1.515,10.276,9.5238,1.6702
2018-06-07,1.1836,0.88123,130.26,1.1613,1.5457,1.5313,10.2515,9.5013,1.6789
2018-06-08,1.1754,0.87733,128.64,1.1572,1.5496,1.5274,10.287,9.5085,1.6734
2018-06-11,1.179,0.8818,129.62,1.1631,1.5501,1.5348,10.253,9.5013,1.6764
2018-06-12,1.1788,0.88175,130.03,1.1615,1.5506,1.5335,10.155,9.4435,1.6781
2018-06-13,1.1764,0.8821,130.03,1.1616,1.5506,1.5313,10.136,9.4373,1.6713
2018-06-14,1.173,0.87683,129.15,1.1585,1.5514,1.5222,10.16,9.4268,1.6656
2018-06-15,1.1596,0.8732,128.31,1.1575,1.5518,1.5223,10.1713,9.432,1.6676
2018-06-18,1.1613,0.87655,128.27,1.1554,1.561,1.5307,10.2223,9.434,1.6712
2018-06-19,1.1534,0.87693,126.78,1.1501,1.5695,1.5319,10.3227,9.4895,1.6747
2018-06-20,1.1578,0.87878,127.39,1.1537,1.5688,1.5398,10.2755,9.4693,1.6853
2018-06-21,1.1538,0.8737,127.59,1.1496,1.5664,1.5381,10.3248,9.4253,1.6846
2018-06-22,1.1648,0.87663,128.3,1.1534,1.5681,1.5459,10.295,9.4328,1.688
2018-06-25,1.17,0.8804,128.21,1.1549,1.5742,1.5542,10.3623,9.4703,1.6947
2018-06-26,1.1672,0.8816,127.95,1.1543,1.5778,1.5549,10.3383,9.4718,1.6998
2018-06-27,1.1616,0.88173,128.08,1.1536,1.5725,1.5443,10.3503,9.4785,1.7046
2018-06-28,1.1583,0.8852,127.63,1.1556,1.5778,1.5398,10.4191,9.474,1.7135
2018-06-29,1.1658,0.88605,129.04,1.1569,1.5787,1.5442,10.453,9.5115,1.7247
2018-07-02,1.1639,0.8865,128.86,1.1563,1.5825,1.5342,10.449,9.5015,1.7315
2018-07-03,1.1665,0.8835,129.09,1.1573,1.5761,1.5344,10.3123,9.4655,1.7281
2018-07-04,1.1642,0.88108,128.64,1.1557,1.5763,1.5306,10.251,9.4433,1.7217
2018-07-05,1.1709,0.8831,129.53,1.1613,1.5821,1.5374,10.2363,9.441,1.7256
2018-07-06,1.1724,0.88595,129.65,1.1634,1.5809,1.5397,10.291,9.4425,1.7186
2018-07-09,1.1789,0.88345,130.21,1.1646,1.5755,1.5415,10.2548,9.4218,1.7198
2018-07-10,1.1713,0.88338,130.3,1.1649,1.5739,1.5382,10.2438,9.4145,1.7188
2018-07-11,1.1735,0.88482,130.53,1.1653,1.5869,1.5421,10.2745,9.4458,1.7266
2018-07-12,1.1658,0.88263,131.13,1.1642,1.5778,1.5369,10.335,9.4443,1.724
2018-07-13,1.1643,0.88488,131.04,1.1704,1.5764,1.5358,10.376,9.483,1.728
2018-07-16,1.172,0.8827,131.65,1.1696,1.5773,1.5399,10.3333,9.479,1.7262
2018-07-17,1.1707,0.88725,131.81,1.1648,1.581,1.5403,10.3003,9.4875,1.7191
2018-07-18,1.1611,0.89118,130.92,1.1611,1.5794,1.5389,10.312,9.5023,1.7175
2018-07-19,1.1588,0.89298,130.98,1.1622,1.5804,1.5351,10.3565,9.5763,1.7229
2018-07-20,1.167,0.89445,130.94,1.1633,1.5818,1.5443,10.3908,9.5905,1.7251
2018-07-23,1.1716,0.8917,130.18,1.1614,1.5821,1.5387,10.3488,9.5533,1.7204
2018-07-24,1.1706,0.89178,130.06,1.1626,1.5797,1.5393,10.3278,9.5605,1.7192
2018-07-25,1.169,0.88855,129.8,1.1598,1.5766,1.5341,10.2925,9.5485,1.7173
2018-07-26,1.1716,0.8886,129.91,1.1616,1.5792,1.5287,10.2738,9.5455,1.7186
2018-07-27,1.1625,0.88823,129.25,1.1597,1.5765,1.5193,10.301,9.5358,1.7179
2018-07-30,1.1684,0.8907,129.79,1.1598,1.5795,1.5245,10.2503,9.529,1.7165
2018-07-31,1.1736,0.8922,130.84,1.1592,1.5804,1.5298,10.257,9.5338,1.7213
2018-08-01,1.1696,0.8904,130.81,1.1589,1.5767,1.5231,10.2995,9.538,1.7187
2018-08-02,1.1617,0.89145,129.43,1.155,1.5781,1.5144,10.3003,9.546,1.7204
2018-08-03,1.1588,0.8905,129.3,1.1528,1.5689,1.5085,10.3193,9.541,1.717
2018-08-06,1.1543,0.8928,128.68,1.1513,1.5629,1.5032,10.304,9.5325,1.7154
2018-08-07,1.1602,0.89483,128.88,1.153,1.5599,1.5047,10.3245,9.5003,1.7191
2018-08-08,1.1589,0.90085,128.72,1.1544,1.5647,1.5158,10.3878,9.5303,1.7202
2018-08-09,1.1593,0.8994,128.84,1.1512,1.5626,1.5111,10.3875,9.5443,1.7421
2018-08-10,1.1456,0.89675,127.07,1.1391,1.5675,1.5002,10.4258,9.533,1.7365
2018-08-13,1.1403,0.8933,126.11,1.1338,1.567,1.4996,10.4093,9.5295,1.7335
2018-08-14,1.1406,0.893,126.42,1.1298,1.5696,1.4909,10.3718,9.5275,1.7277
2018-08-15,1.1321,0.8913,125.67,1.1289,1.5669,1.4833,10.4033,9.5508,1.7267
2018-08-16,1.137,0.89498,126.02,1.1299,1.5647,1.4942,10.4663,9.613,1.7267
2018-08-17,1.1391,0.89575,125.75,1.1338,1.567,1.4976,10.4935,9.6795,1.7254
2018-08-20,1.142,0.89478,126.25,1.1366,1.5631,1.4927,10.4918,9.672,1.7255
2018-08-21,1.1502,0.8974,127.01,1.1372,1.5657,1.4978,10.5118,9.705,1.7281
2018-08-22,1.1616,0.89928,128.08,1.1401,1.5785,1.5126,10.5075,9.6808,1.7319
2018-08-23,1.1579,0.89878,128.31,1.1383,1.5888,1.5089,10.5183,9.6483,1.7352
2018-08-24,1.1588,0.902,128.97,1.1398,1.5868,1.5143,10.5843,9.6938,1.7384
2018-08-27,1.1633,0.90365,129.16,1.1428,1.5886,1.5182,10.6095,9.6988,1.7415
2018-08-28,1.171,0.9068,130.03,1.1427,1.5924,1.5128,10.6633,9.7243,1.7444
2018-08-29,1.166,0.905,129.73,1.1385,1.5989,1.5093,10.6923,9.7475,1.7413
2018-08-30,1.1692,0.89758,130.32,1.1339,1.6015,1.5117,10.644,9.72,1.7534
2018-08-31,1.1651,0.8974,129.05,1.1281,1.6129,1.5192,10.6205,9.7148,1.7559
2018-09-03,1.1609,0.90158,129.03,1.1268,1.6109,1.5175,10.5806,9.702,1.7565
2018-09-04,1.1562,0.90058,128.6,1.1261,1.6091,1.5234,10.5645,9.717,1.7649
2018-09-05,1.1582,0.90328,129.17,1.1288,1.6144,1.5263,10.5408,9.7485,1.7637
2018-09-06,1.1634,0.89824,129.55,1.1275,1.6164,1.5338,10.5908,9.776,1.7633
2018-09-07,1.1615,0.89275,128.74,1.1217,1.6219,1.5238,10.5163,9.7745,1.7647
2018-09-10,1.1571,0.8934,128.54,1.1267,1.6257,1.5268,10.4683,9.703,1.7706
2018-09-11,1.1574,0.89068,128.82,1.1276,1.631,1.5231,10.485,9.679,1.7773
2018-09-12,1.1585,0.89028,129.13,1.1277,1.6268,1.5137,10.474,9.6328,1.7772
2018-09-13,1.162,0.89,129.68,1.1265,1.6167,1.5112,10.446,9.573,1.7743
2018-09-14,1.1689,0.89228,130.75,1.1274,1.626,1.5206,10.546,9.6245,1.7778
2018-09-17,1.1671,0.88875,130.79,1.1236,1.6258,1.5193,10.4527,9.562,1.7742
2018-09-18,1.1697,0.88963,131.21,1.1245,1.6244,1.5237,10.4179,9.5473,1.7752
2018-09-19,1.1667,0.88813,130.94,1.1304,1.6109,1.5136,10.3878,9.547,1.7684
2018-09-20,1.1769,0.8859,131.98,1.1312,1.6158,1.5174,10.335,9.5885,1.7643
2018-09-21,1.1759,0.894,132.44,1.1228,1.6154,1.5197,10.3315,9.5793,1.7606
2018-09-24,1.1773,0.89458,132.56,1.129,1.6187,1.5231,10.3563,9.5693,1.7651
2018-09-25,1.1777,0.89425,132.78,1.1376,1.6234,1.5262,10.3515,9.5713,1.7696
2018-09-26,1.1737,0.8908,132.61,1.1369,1.6202,1.5214,10.3763,9.5465,1.7668
2018-09-27,1.1707,0.88973,132.15,1.1371,1.62,1.5301,10.3208,9.5015,1.7638
2018-09-28,1.1576,0.8873,131.23,1.1316,1.6048,1.5064,10.309,9.4665,1.7505
2018-10-01,1.1606,0.89078,132.25,1.1414,1.607,1.4867,10.33,9.4465,1.7572
2018-10-02,1.1543,0.89043,131.46,1.1354,1.6081,1.4795,10.3815,9.4393,1.7523
2018-10-03,1.1548,0.88895,131.47,1.1412,1.6146,1.482,10.3795,9.4443,1.7617
2018-10-04,1.1502,0.8858,131.31,1.1409,1.6234,1.48,10.4015,9.4643,1.7706
2018-10-05,1.1506,0.88165,131.03,1.1433,1.627,1.4862,10.4438,9.5133,1.7784
2018-10-08,1.1478,0.8801,130.11,1.1396,1.6242,1.4915,10.4463,9.5083,1.7795
2018-10-09,1.1435,0.8768,129.45,1.1381,1.6203,1.4861,10.4445,9.4915,1.7784
2018-10-10,1.15,0.87448,130.23,1.1412,1.6206,1.4907,10.48,9.4468,1.7792
2018-10-11,1.1575,0.8749,130.0,1.143,1.6314,1.5102,10.412,9.5063,1.7852
2018-10-12,1.1574,0.8764,129.99,1.147,1.6236,1.5054,10.3593,9.4675,1.7768
2018-10-15,1.1581,0.88045,129.53,1.1428,1.6231,1.5085,10.392,9.4598,1.7723
2018-10-16,1.1587,0.87593,129.92,1.1444,1.6243,1.501,10.3165,9.4198,1.7604
2018-10-17,1.153,0.87945,129.43,1.1453,1.619,1.4957,10.3148,9.4293,1.7563
2018-10-18,1.1505,0.87843,129.44,1.1451,1.6119,1.5009,10.333,9.4598,1.7522
2018-10-19,1.147,0.8802,129.05,1.1421,1.6065,1.4947,10.3358,9.4518,1.7379
2018-10-22,1.1494,0.88425,129.63,1.1456,1.6185,1.5044,10.331,9.4688,1.7492
2018-10-23,1.1478,0.88103,128.76,1.1424,1.6243,1.5047,10.3606,9.5053,1.7514
2018-10-24,1.1389,0.88233,128.37,1.1373,1.6067,1.49,10.359,9.4868,1.7408
2018-10-25,1.1416,0.88533,128.27,1.1407,1.6095,1.4893,10.393,9.4898,1.7473
2018-10-26,1.1345,0.8868,127.13,1.1367,1.6142,1.4916,10.4025,9.516,1.7535
2018-10-29,1.1381,0.88788,127.92,1.1384,1.6061,1.4917,10.391,9.513,1.7401
2018-10-30,1.1372,0.89148,128.28,1.1386,1.6025,1.4941,10.42,9.5435,1.7349
2018-10-31,1.1318,0.88873,128.15,1.1399,1.5972,1.4856,10.4015,9.5528,1.7322
2018-11-01,1.1393,0.88173,128.52,1.143,1.5857,1.4904,10.3158,9.515,1.719
2018-11-02,1.1417,0.8787,128.89,1.1422,1.584,1.4956,10.3123,9.5143,1.7154
2018-11-05,1.137,0.87535,128.81,1.1437,1.5803,1.4887,10.3268,9.524,1.7085
2018-11-06,1.1428,0.87313,129.31,1.146,1.5789,1.4996,10.347,9.5448,1.7105
2018-11-07,1.1487,0.87403,130.02,1.1444,1.575,1.5019,10.3313,9.5328,1.6954
2018-11-08,1.1424,0.87163,129.9,1.1456,1.5668,1.4972,10.2528,9.5078,1.6838
2018-11-09,1.1346,0.87053,129.26,1.1414,1.5663,1.4969,10.2648,9.5418,1.6815
2018-11-12,1.1265,0.87563,128.2,1.1368,1.5623,1.4873,10.2705,9.5378,1.6699
2018-11-13,1.1261,0.86945,128.32,1.1368,1.5628,1.4888,10.2284,9.5563,1.6684
2018-11-14,1.1296,0.87048,128.64,1.1395,1.5657,1.4937,10.2685,9.599,1.6651
2018-11-15,1.1305,0.8837,128.16,1.1365,1.5564,1.4949,10.2553,9.6028,1.6601
2018-11-16,1.1346,0.8835,128.37,1.1431,1.5623,1.4955,10.262,9.6118,1.6653
2018-11-19,1.1427,0.89083,128.89,1.1391,1.566,1.5055,10.2815,9.6493,1.674
2018-11-20,1.1421,0.88908,128.34,1.1328,1.5712,1.5071,10.3133,9.7135,1.6683
2018-11-21,1.1409,0.89108,129.04,1.1341,1.5725,1.5144,10.3143,9.729,1.6686
2018-11-22,1.1403,0.88598,128.8,1.1351,1.5721,1.5074,10.3035,9.7398,1.6744
2018-11-23,1.1352,0.8848,128.07,1.1316,1.5708,1.5019,10.3043,9.7365,1.6747
2018-11-26,1.1363,0.8844,128.7,1.1332,1.5664,1.5011,10.293,9.729,1.6709
2018-11-27,1.1328,0.88748,128.66,1.1309,1.5631,1.5018,10.2823,9.7325,1.6647
2018-11-28,1.1284,0.88245,128.47,1.1273,1.5595,1.5036,10.2544,9.7085,1.6613
2018-11-29,1.1387,0.89135,128.99,1.1324,1.5525,1.5117,10.317,9.7318,1.6573
2018-11-30,1.1359,0.89068,128.99,1.134,1.5565,1.5116,10.3195,9.74,1.6556
2018-12-03,1.1332,0.8915,128.7,1.1323,1.5354,1.4931,10.2355,9.6893,1.6376
2018-12-04,1.1409,0.89058,128.68,1.1348,1.5451,1.5031,10.2293,9.6473,1.6406
2018-12-05,1.1354,0.88885,128.31,1.1328,1.5569,1.5076,10.1753,9.648,1.6398
2018-12-06,1.1351,0.8893,128.04,1.1304,1.5745,1.5229,10.2355,9.7028,1.6517
2018-12-07,1.1371,0.89085,128.36,1.1299,1.5766,1.523,10.2665,9.697,1.6558
2018-12-10,1.1425,0.90245,128.79,1.1295,1.5842,1.5218,10.333,9.6885,1.6581
2018-12-11,1.1379,0.90228,128.75,1.1248,1.5778,1.5239,10.297,9.7038,1.6526
2018-12-12,1.1346,0.90135,128.67,1.1286,1.5732,1.517,10.3595,9.7265,1.6573
2018-12-13,1.1371,0.89848,129.06,1.1287,1.5729,1.5193,10.302,9.7388,1.6564
2018-12-14,1.1285,0.89835,128.13,1.1254,1.5753,1.5095,10.261,9.7235,1.6613
2018-12-17,1.1341,0.8989,128.44,1.1254,1.5801,1.5189,10.2725,9.7838,1.6668
2018-12-18,1.1377,0.89715,127.86,1.1281,1.581,1.5249,10.276,9.8835,1.6556
2018-12-19,1.1405,0.90318,128.11,1.1328,1.5879,1.5332,10.3393,9.9375,1.663
2018-12-20,1.1451,0.90335,127.94,1.1331,1.605,1.5424,10.253,9.897,1.6884
2018-12-21,1.1414,0.90215,126.98,1.1312,1.6081,1.5459,10.2733,9.9428,1.6925
2018-12-24,1.1408,0.90038,126.47,1.1312,1.6186,1.5506,10.3428,10.0025,1.6974
2018-12-27,1.1377,0.90073,126.14,1.1279,1.6161,1.55,10.2725,9.9698,1.6964
2018-12-28,1.1454,0.90273,126.4,1.1227,1.6215,1.5602,10.2773,9.9738,1.706
2018-12-31,1.145,0.89453,125.85,1.1269,1.622,1.5605,10.2548,9.9483,1.7056
2019-01-02,1.1397,0.90165,124.28,1.1239,1.6273,1.5547,10.2145,9.9108,1.7049
2019-01-03,1.1348,0.90312,122.21,1.1219,1.6287,1.5392,10.2808,9.9113,1.7085
2019-01-04,1.1403,0.89988,123.2,1.1256,1.6189,1.5328,10.246,9.8648,1.7045
2019-01-07,1.1445,0.8972,123.9,1.1227,1.604,1.5281,10.2235,9.8018,1.6925
2019-01-08,1.144,0.89743,124.46,1.1232,1.6042,1.5208,10.1855,9.775,1.7023
2019-01-09,1.1455,0.89913,124.7,1.123,1.5982,1.5172,10.2268,9.7668,1.6908
2019-01-10,1.1535,0.90423,124.7,1.1276,1.6031,1.5251,10.2303,9.7493,1.6983
2019-01-11,1.1533,0.90015,124.91,1.1327,1.597,1.5247,10.2338,9.7578,1.6873
2019-01-14,1.1467,0.89263,123.93,1.1258,1.5945,1.5226,10.2493,9.7868,1.682
2019-01-15,1.1424,0.89025,124.02,1.1266,1.5884,1.5154,10.2403,9.7615,1.6757
2019-01-16,1.1389,0.8859,123.91,1.1269,1.5874,1.5101,10.2488,9.7358,1.6817
2019-01-17,1.1396,0.8826,123.95,1.1312,1.5895,1.5153,10.2858,9.758,1.6895
2019-01-18,1.1402,0.88125,124.78,1.1331,1.585,1.5134,10.2515,9.7218,1.6841
2019-01-21,1.1362,0.88303,124.6,1.1343,1.5889,1.5117,10.2515,9.7438,1.6895
2019-01-22,1.1354,0.88,124.25,1.1326,1.5923,1.5128,10.2538,9.7628,1.6885
2019-01-23,1.1367,0.87213,124.7,1.1335,1.5934,1.5132,10.245,9.7563,1.6741
2019-01-24,1.1341,0.87085,124.43,1.1283,1.5967,1.516,10.2843,9.7278,1.6731
2019-01-25,1.1346,0.8658,124.72,1.131,1.5939,1.5107,10.298,9.7045,1.672
2019-01-28,1.1418,0.86888,124.94,1.1331,1.5913,1.5115,10.3503,9.732,1.6687
2019-01-29,1.1422,0.86735,125.03,1.1352,1.5954,1.5142,10.3508,9.7035,1.6694
2019-01-30,1.1429,0.87341,125.08,1.1403,1.5885,1.5111,10.3843,9.6938,1.6723
2019-01-31,1.1488,0.87578,124.81,1.1409,1.5787,1.5109,10.373,9.6623,1.6607
2019-02-01,1.1471,0.87888,124.91,1.1396,1.5789,1.5075,10.3878,9.6685,1.6567
2019-02-04,1.1445,0.87678,125.77,1.1421,1.5852,1.5011,10.4113,9.703,1.6634
2019-02-05,1.1423,0.87803,125.59,1.1436,1.5771,1.4996,10.3998,9.6783,1.6556
2019-02-06,1.1394,0.8787,125.05,1.1394,1.5968,1.502,10.4258,9.6918,1.6619
2019-02-07,1.1345,0.8775,124.41,1.1357,1.5954,1.505,10.473,9.7253,1.6779
2019-02-08,1.1346,0.8749,124.57,1.1357,1.6006,1.5098,10.4973,9.7693,1.6809
2019-02-11,1.1309,0.87615,124.63,1.1351,1.5983,1.5005,10.4858,9.819,1.6768
2019-02-12,1.1296,0.87705,124.7,1.1381,1.5926,1.4969,10.4725,9.795,1.6767
2019-02-13,1.1305,0.87553,125.19,1.1371,1.59,1.4972,10.4083,9.761,1.6596
2019-02-14,1.1268,0.87945,125.12,1.137,1.5848,1.4949,10.4775,9.7585,1.6488
2019-02-15,1.126,0.87938,124.45,1.134,1.5836,1.4959,10.4813,9.769,1.6432
2019-02-18,1.1328,0.8762,125.23,1.1361,1.5825,1.4992,10.4685,9.7508,1.6473
2019-02-19,1.1294,0.87185,125.09,1.1351,1.5881,1.4961,10.6,9.746,1.6549
2019-02-20,1.1342,0.86945,125.61,1.1342,1.5844,1.4956,10.5703,9.7335,1.6513
2019-02-21,1.1354,0.86805,125.7,1.1367,1.5969,1.4951,10.6188,9.7808,1.6648
2019-02-22,1.1325,0.87263,125.56,1.1346,1.5923,1.4976,10.5998,9.7643,1.6639
2019-02-25,1.1355,0.86828,125.75,1.1351,1.5831,1.4924,10.5793,9.762,1.647
2019-02-26,1.1361,0.86055,125.93,1.1371,1.5897,1.5024,10.5858,9.7725,1.652
2019-02-27,1.1386,0.85503,125.9,1.1354,1.5909,1.4962,10.5443,9.7123,1.6581
2019-02-28,1.1416,0.85835,126.44,1.1335,1.5988,1.5042,10.4844,9.7268,1.6685
2019-03-01,1.1383,0.85968,127.35,1.1363,1.6,1.4971,10.5003,9.7268,1.6656
2019-03-04,1.1337,0.85775,126.91,1.1352,1.599,1.5092,10.5543,9.7633,1.666
2019-03-05,1.1329,0.86358,126.8,1.1341,1.6017,1.5116,10.5523,9.8023,1.6682
2019-03-06,1.1305,0.8597,126.4,1.136,1.6072,1.5128,10.5375,9.804,1.6679
2019-03-07,1.1271,0.8588,125.97,1.1355,1.6014,1.5131,10.5625,9.786,1.6631
2019-03-08,1.1222,0.85905,124.72,1.1324,1.5964,1.5099,10.6316,9.8733,1.653
2019-03-11,1.1244,0.8624,124.91,1.1349,1.5935,1.5093,10.5802,9.77,1.6492
2019-03-12,1.1275,0.86145,125.27,1.1369,1.5926,1.5111,10.5715,9.7365,1.6436
2019-03-13,1.1303,0.8588,125.89,1.1373,1.6005,1.5087,10.554,9.7245,1.6538
2019-03-14,1.1295,0.85228,126.09,1.1351,1.603,1.5074,10.5373,9.7155,1.6585
2019-03-15,1.1308,0.85415,126.16,1.136,1.5988,1.5118,10.4964,9.688,1.6532
2019-03-18,1.1349,0.8566,126.54,1.136,1.5981,1.5134,10.4643,9.672,1.6537
2019-03-19,1.1358,0.85548,126.59,1.1353,1.5986,1.506,10.4485,9.6745,1.6535
2019-03-20,1.1354,0.8628,126.63,1.1338,1.5999,1.5125,10.431,9.6915,1.6567
2019-03-21,1.1387,0.8665,125.92,1.1309,1.5985,1.5189,10.4288,9.6178,1.652
2019-03-22,1.1302,0.8589,124.6,1.1243,1.5923,1.5155,10.4723,9.6423,1.6433
2019-03-25,1.1325,0.85638,124.65,1.1237,1.5931,1.5204,10.445,9.659,1.6413
2019-03-26,1.1291,0.8533,124.72,1.1222,1.5832,1.5132,10.4263,9.6398,1.6345
2019-03-27,1.1261,0.85118,124.42,1.1196,1.5888,1.5101,10.4298,9.695,1.6568
2019-03-28,1.1218,0.85555,124.16,1.1185,1.585,1.5066,10.476,9.738,1.6509
2019-03-29,1.1235,0.8583,124.45,1.1181,1.5821,1.5,10.398,9.659,1.65
2019-04-01,1.1236,0.85658,124.68,1.118,1.5775,1.5006,10.42,9.638,1.6458
2019-04-02,1.12,0.86,124.73,1.1195,1.5817,1.4919,10.4418,9.6445,1.6544
2019-04-03,1.1243,0.8539,125.3,1.1206,1.5794,1.4964,10.43,9.6218,1.6551
2019-04-04,1.1219,0.85418,125.01,1.1207,1.5781,1.4987,10.4075,9.6308,1.6599
2019-04-05,1.1233,0.85938,125.44,1.1235,1.5787,1.503,10.426,9.661,1.6662
2019-04-08,1.1246,0.86183,125.36,1.1245,1.5823,1.5042,10.4325,9.6305,1.6694
2019-04-09,1.1277,0.86335,125.51,1.127,1.5781,1.4984,10.425,9.619,1.6718
2019-04-10,1.1279,0.86083,125.38,1.128,1.5785,1.5032,10.44,9.5895,1.6697
2019-04-11,1.1264,0.86168,125.3,1.1304,1.576,1.5067,10.437,9.5885,1.6705
2019-04-12,1.1321,0.8629,126.76,1.1326,1.5771,1.5082,10.4788,9.602,1.6748
2019-04-15,1.1313,0.86305,126.66,1.1345,1.5761,1.506,10.4608,9.6018,1.6729
2019-04-16,1.1305,0.8639,126.59,1.1371,1.5767,1.511,10.4638,9.5869,1.6713
2019-04-17,1.1301,0.86593,126.51,1.14,1.5712,1.507,10.4408,9.5778,1.6784
2019-04-18,1.125,0.8647,125.86,1.1383,1.5719,1.5065,10.476,9.5978,1.6819
2019-04-23,1.1245,0.8645,125.82,1.147,1.5814,1.5057,10.507,9.5845,1.6889
2019-04-24,1.1209,0.86545,125.34,1.1416,1.5922,1.5078,10.501,9.607,1.6922
2019-04-25,1.1123,0.86435,124.45,1.1368,1.5906,1.5023,10.6295,9.6638,1.6884
2019-04-26,1.1133,0.8634,124.45,1.1372,1.5824,1.502,10.5738,9.6653,1.6739
2019-04-29,1.115,0.8634,124.64,1.1379,1.5825,1.5028,10.6113,9.6883,1.673
2019-04-30,1.1218,0.86248,124.93,1.1437,1.5911,1.5075,10.635,9.6678,1.6805
2019-05-02,1.1212,0.8593,125.01,1.1419,1.597,1.5064,10.685,9.745,1.6916
2019-05-03,1.1155,0.85785,124.4,1.1383,1.5943,1.5019,10.7043,9.7783,1.6856
2019-05-06,1.1199,0.8547,124.13,1.1403,1.6021,1.5095,10.7258,9.7905,1.6936
2019-05-07,1.1185,0.85645,123.73,1.1415,1.5944,1.5065,10.7145,9.7605,1.6957
2019-05-08,1.1202,0.86095,123.31,1.1407,1.5987,1.5074,10.7494,9.8285,1.6993
2019-05-09,1.1193,0.8612,122.91,1.139,1.6046,1.5093,10.7973,9.8068,1.7015
2019-05-10,1.123,0.8625,123.25,1.1378,1.6059,1.5132,10.8108,9.8193,1.7025
2019-05-13,1.1245,0.8635,123.06,1.1319,1.6142,1.5117,10.8323,9.8148,1.7087
2019-05-14,1.1226,0.86723,123.0,1.1307,1.6162,1.5117,10.779,9.799,1.7056
2019-05-15,1.1183,0.8682,122.24,1.1276,1.6166,1.5075,10.7688,9.8003,1.7067
2019-05-16,1.1203,0.87463,122.81,1.1306,1.6213,1.5039,10.759,9.7513,1.7063
2019-05-17,1.1172,0.87595,122.34,1.1283,1.6239,1.5074,10.766,9.7953,1.7107
2019-05-20,1.1167,0.8762,122.67,1.1263,1.6141,1.5,10.7668,9.7978,1.7071
2019-05-21,1.1161,0.8761,123.27,1.1274,1.6223,1.4966,10.7743,9.7913,1.7142
2019-05-22,1.1171,0.8828,123.27,1.1252,1.6221,1.4952,10.76,9.7598,1.7173
2019-05-23,1.1139,0.881,122.56,1.1224,1.6199,1.5,10.7373,9.7543,1.7155
2019-05-24,1.1187,0.88318,122.61,1.1215,1.6205,1.5053,10.7098,9.7558,1.7109
2019-05-27,1.1198,0.88225,122.56,1.1257,1.6168,1.5061,10.7148,9.7523,1.7107
2019-05-28,1.1192,0.88373,122.45,1.1254,1.6162,1.5071,10.6865,9.7165,1.7088
2019-05-29,1.1156,0.88225,121.91,1.1217,1.6116,1.5065,10.7063,9.773,1.7106
2019-05-30,1.1134,0.88178,122.1,1.1228,1.6098,1.5029,10.6323,9.7638,1.7095
2019-05-31,1.1151,0.88693,121.27,1.1214,1.6136,1.5115,10.639,9.7915,1.7134
2019-06-03,1.1185,0.88618,121.17,1.1162,1.6077,1.5098,10.618,9.7778,1.704
2019-06-04,1.1244,0.88738,121.62,1.1178,1.6116,1.5111,10.626,9.786,1.7062
2019-06-05,1.1257,0.88631,121.96,1.1163,1.6114,1.507,10.6255,9.7738,1.6943
2019-06-06,1.1266,0.88558,121.82,1.1174,1.6132,1.5096,10.6175,9.8083,1.6983
2019-06-07,1.1273,0.88675,122.27,1.1191,1.6173,1.5061,10.6562,9.7963,1.7016
2019-06-10,1.1301,0.89248,122.78,1.12,1.6235,1.5004,10.6455,9.7808,1.7086
2019-06-11,1.132,0.89085,123.09,1.1233,1.6273,1.5002,10.6828,9.77,1.7206
2019-06-12,1.1323,0.88805,122.72,1.1252,1.6292,1.5059,10.68,9.782,1.7206
2019-06-13,1.1289,0.88948,122.44,1.1207,1.6336,1.5021,10.6968,9.772,1.7201
2019-06-14,1.1265,0.89093,121.9,1.1211,1.6324,1.5018,10.639,9.7728,1.7241
2019-06-17,1.1234,0.89208,122.06,1.1214,1.6355,1.5069,10.6495,9.7938,1.7259
2019-06-18,1.1187,0.89403,121.08,1.1175,1.6349,1.5016,10.6413,9.7795,1.7192
2019-06-19,1.1207,0.8902,121.49,1.1176,1.6303,1.499,10.6868,9.7815,1.7173
2019-06-20,1.1307,0.89155,121.71,1.1142,1.6323,1.4886,10.6348,9.6678,1.7158
2019-06-21,1.1316,0.89425,121.64,1.1107,1.6386,1.4928,10.6308,9.686,1.7261
2019-06-24,1.1394,0.89365,122.25,1.1109,1.6385,1.503,10.6078,9.6643,1.7244
2019-06-25,1.1388,0.89485,121.97,1.1108,1.6341,1.5001,10.532,9.6855,1.714
2019-06-26,1.1362,0.89603,122.4,1.1113,1.6277,1.4947,10.5435,9.6733,1.7004
2019-06-27,1.137,0.89428,122.64,1.1121,1.6251,1.4928,10.5488,9.6843,1.6996
2019-06-28,1.138,0.89655,122.6,1.1105,1.6244,1.4893,10.5633,9.6938,1.696
2019-07-01,1.1349,0.89718,122.93,1.1141,1.6226,1.4866,10.545,9.6848,1.6941
2019-07-02,1.1301,0.89443,122.36,1.1169,1.6155,1.4819,10.5565,9.6715,1.6956
2019-07-03,1.1293,0.8975,121.61,1.1116,1.6093,1.4794,10.5155,9.6593,1.6883
2019-07-04,1.1288,0.8973,121.65,1.112,1.6076,1.4749,10.5208,9.6298,1.6888
2019-07-05,1.126,0.89703,121.77,1.1126,1.6057,1.4712,10.5575,9.6325,1.6912
2019-07-08,1.1215,0.89625,121.8,1.1127,1.6058,1.4642,10.5973,9.684,1.6888
2019-07-09,1.1205,0.89975,121.93,1.1137,1.6164,1.4706,10.6338,9.6983,1.6937
2019-07-10,1.122,0.89928,122.2,1.1133,1.621,1.4713,10.6093,9.693,1.6997
2019-07-11,1.1285,0.8979,121.94,1.1114,1.6154,1.4735,10.5808,9.6323,1.6889
2019-07-12,1.1253,0.89788,121.83,1.1087,1.6102,1.4667,10.5515,9.6208,1.6871
2019-07-15,1.1269,0.89873,121.62,1.1071,1.6023,1.4684,10.5563,9.6223,1.6751
2019-07-16,1.1223,0.9026,121.13,1.1075,1.5955,1.4643,10.5405,9.5933,1.6693
2019-07-17,1.1215,0.9034,121.42,1.1095,1.6009,1.4654,10.5168,9.622,1.6679
2019-07-18,1.1216,0.89853,120.89,1.1064,1.5944,1.465,10.504,9.6438,1.664
2019-07-19,1.1226,0.89635,120.93,1.1033,1.5913,1.4655,10.5195,9.6138,1.6582
2019-07-22,1.1215,0.89968,121.03,1.1007,1.5912,1.4665,10.544,9.6275,1.6543
2019-07-23,1.1173,0.8983,120.82,1.0985,1.5898,1.4691,10.5695,9.681,1.6605
2019-07-24,1.114,0.89143,120.41,1.0982,1.596,1.4627,10.5293,9.6355,1.6613
2019-07-25,1.1115,0.88963,120.15,1.0989,1.5943,1.4591,10.4947,9.6058,1.6596
2019-07-26,1.1138,0.89633,121.06,1.1053,1.6082,1.468,10.5585,9.6913,1.6767
2019-07-29,1.1119,0.90443,120.81,1.1037,1.611,1.4645,10.5773,9.6935,1.6796
2019-07-30,1.1154,0.91653,121.0,1.1038,1.6189,1.4691,10.6453,9.7368,1.6855
2019-07-31,1.1151,0.91623,121.04,1.1041,1.6175,1.4662,10.6645,9.7778,1.6883
2019-08-01,1.1037,0.9115,120.18,1.0988,1.6135,1.4602,10.6868,9.812,1.6856
2019-08-02,1.1106,0.91505,118.57,1.0931,1.6365,1.4698,10.7223,9.9105,1.7026
2019-08-05,1.1182,0.9188,118.61,1.0893,1.652,1.4775,10.7603,9.972,1.7138
2019-08-06,1.1187,0.9183,119.1,1.0919,1.6467,1.4785,10.7267,9.9545,1.7073
2019-08-07,1.1202,0.92353,118.48,1.0921,1.6628,1.492,10.7673,9.996,1.7411
2019-08-08,1.1193,0.92115,118.64,1.0923,1.6483,1.4874,10.753,10.018,1.7335
2019-08-09,1.1198,0.9282,118.51,1.0897,1.6452,1.4796,10.6972,9.9588,1.7254
2019-08-12,1.1194,0.92615,117.69,1.0876,1.6589,1.4807,10.7315,10.0003,1.7352
2019-08-13,1.1222,0.9283,118.01,1.0853,1.6589,1.4889,10.7088,10.0078,1.7417
2019-08-14,1.1188,0.92673,118.48,1.0862,1.6579,1.4872,10.7313,10.0035,1.74
2019-08-15,1.115,0.91863,118.37,1.0863,1.6442,1.4841,10.7305,10.0145,1.7311
2019-08-16,1.1076,0.91033,117.77,1.0854,1.632,1.473,10.712,9.9653,1.7208
2019-08-19,1.1103,0.91583,118.34,1.0884,1.6376,1.4729,10.7268,9.9658,1.7296
2019-08-20,1.1076,0.91623,117.79,1.086,1.6347,1.4762,10.7653,9.9638,1.7286
2019-08-21,1.1104,0.91545,118.24,1.0875,1.6337,1.4761,10.6983,9.9263,1.7308
2019-08-22,1.1083,0.9115,118.13,1.0905,1.638,1.4722,10.7188,9.939,1.738
2019-08-23,1.1065,0.90453,117.79,1.0893,1.6396,1.4741,10.7165,9.9593,1.736
2019-08-26,1.1116,0.90808,117.67,1.0885,1.643,1.4788,10.7515,9.9873,1.7431
2019-08-27,1.1104,0.90435,117.43,1.0884,1.6412,1.4689,10.705,9.992,1.7415
2019-08-28,1.1083,0.90823,117.18,1.0872,1.6431,1.4754,10.7545,10.011,1.7458
2019-08-29,1.1072,0.90531,117.68,1.088,1.6402,1.4699,10.779,10.0365,1.7457
2019-08-30,1.1036,0.90565,117.28,1.0909,1.6398,1.4658,10.8395,10.038,1.749
2019-09-02,1.0968,0.9082,116.66,1.0875,1.6338,1.4632,10.747,9.9788,1.7396
2019-09-03,1.0937,0.90885,116.05,1.0829,1.6247,1.4627,10.8128,10.019,1.7385
2019-09-04,1.1018,0.90255,117.03,1.0848,1.6225,1.4679,10.753,9.9838,1.7343
2019-09-05,1.1058,0.8958,117.97,1.0863,1.621,1.4602,10.6825,9.9332,1.7305
2019-09-06,1.1027,0.89635,118.01,1.0928,1.6135,1.4583,10.635,9.923,1.7208
2019-09-09,1.1033,0.89275,118.01,1.0923,1.6066,1.4515,10.6598,9.8663,1.7129
2019-09-10,1.104,0.893,118.52,1.0943,1.6103,1.4536,10.7445,9.9125,1.7194
2019-09-11,1.1003,0.89133,118.51,1.0934,1.6021,1.4468,10.6563,9.8745,1.7147
2019-09-12,1.0963,0.8892,118.14,1.0892,1.5943,1.4468,10.6315,9.8543,1.7032
2019-09-13,1.1096,0.89093,119.83,1.094,1.6126,1.4663,10.6485,9.9213,1.7354
2019-09-16,1.1031,0.8851,118.96,1.0932,1.6054,1.4619,10.6703,9.9043,1.7324
2019-09-17,1.1026,0.88813,119.23,1.0966,1.6122,1.462,10.699,9.8715,1.7426
2019-09-18,1.1053,0.8872,119.54,1.0999,1.6149,1.4645,10.7298,9.8905,1.7428
2019-09-19,1.1067,0.88735,119.46,1.097,1.6291,1.4686,10.7223,9.8905,1.7536
2019-09-20,1.103,0.8823,119.11,1.0942,1.6243,1.4636,10.7113,9.9423,1.7579
2019-09-23,1.0985,0.88343,118.07,1.0891,1.6224,1.4586,10.7143,9.9723,1.7514
2019-09-24,1.1003,0.88153,118.45,1.0878,1.6189,1.4586,10.6763,9.9225,1.7428
2019-09-25,1.0982,0.88668,118.0,1.0841,1.6236,1.458,10.6825,9.931,1.7435
2019-09-26,1.0938,0.88505,117.73,1.0864,1.6162,1.4482,10.6598,9.9235,1.7315
2019-09-27,1.0935,0.88778,118.21,1.086,1.6187,1.4493,10.701,9.9155,1.7388
2019-09-30,1.0889,0.88573,117.59,1.0847,1.6126,1.4426,10.6958,9.8953,1.7375
2019-10-01,1.0898,0.88955,118.0,1.0906,1.6274,1.4466,10.8043,9.9463,1.7528
2019-10-02,1.0925,0.8897,117.47,1.094,1.6351,1.4467,10.8118,9.993,1.7512
2019-10-03,1.0951,0.8879,117.17,1.0957,1.6294,1.4606,10.833,10.0165,1.7421
2019-10-04,1.0979,0.89045,117.23,1.0913,1.6247,1.4612,10.8105,9.9915,1.735
2019-10-07,1.0993,0.89155,117.44,1.0924,1.6316,1.4633,10.891,10.0388,1.7452
2019-10-08,1.0986,0.89795,117.43,1.0898,1.6286,1.4623,10.8703,10.045,1.7373
2019-10-09,1.0981,0.8985,117.91,1.0927,1.6282,1.4607,10.9173,10.0528,1.7381
2019-10-10,1.103,0.90155,118.52,1.0948,1.6307,1.4678,10.8415,10.0535,1.7422
2019-10-11,1.1043,0.87518,119.75,1.1025,1.6246,1.4679,10.8448,10.0375,1.7419
2019-10-14,1.1031,0.87983,119.4,1.0983,1.6325,1.4576,10.8523,10.0463,1.7529
2019-10-15,1.1007,0.87058,119.23,1.0977,1.6293,1.4562,10.8225,10.0653,1.7551
2019-10-16,1.1025,0.8656,119.9,1.0997,1.6394,1.4563,10.8358,10.1465,1.7653
2019-10-17,1.1113,0.8684,120.81,1.0991,1.6294,1.4644,10.8105,10.1925,1.7564
2019-10-18,1.1144,0.86435,120.97,1.0996,1.6278,1.4639,10.7742,10.2198,1.7488
2019-10-21,1.1173,0.8593,121.29,1.1002,1.624,1.4643,10.7311,10.1638,1.7432
2019-10-22,1.113,0.86065,120.87,1.1004,1.6237,1.4581,10.7303,10.1833,1.7358
2019-10-23,1.1123,0.86408,120.63,1.1004,1.6252,1.4558,10.7385,10.1775,1.7361
2019-10-24,1.1128,0.86288,120.86,1.1019,1.6273,1.4545,10.6963,10.1368,1.74
2019-10-25,1.1107,0.86598,120.59,1.1019,1.627,1.4511,10.7445,10.1865,1.7456
2019-10-28,1.1087,0.86328,120.69,1.1047,1.6245,1.4487,10.7503,10.2105,1.7482
2019-10-29,1.1095,0.86328,120.88,1.1041,1.6186,1.4486,10.7923,10.2748,1.7481
2019-10-30,1.1106,0.862,120.99,1.1032,1.6199,1.4534,10.801,10.2488,1.7504
2019-10-31,1.1154,0.86133,120.73,1.1007,1.6137,1.4673,10.7498,10.252,1.7359
2019-11-01,1.1139,0.86008,120.43,1.1013,1.6151,1.4682,10.6993,10.1638,1.7326
2019-11-04,1.1158,0.86368,120.93,1.1021,1.6158,1.468,10.7035,10.1668,1.7358
2019-11-05,1.1109,0.86113,120.93,1.1009,1.6079,1.4584,10.6943,10.1525,1.7339
2019-11-06,1.109,0.86033,120.88,1.101,1.607,1.4599,10.644,10.126,1.7385
2019-11-07,1.1077,0.86442,120.9,1.0998,1.6059,1.4585,10.6253,10.0715,1.7383
2019-11-08,1.1034,0.86158,120.72,1.0991,1.6065,1.4561,10.7025,10.0893,1.7426
2019-11-11,1.1041,0.85743,120.29,1.0972,1.6105,1.4607,10.7085,10.091,1.7348
2019-11-12,1.1015,0.8582,120.24,1.0963,1.6087,1.4588,10.7003,10.0798,1.7382
2019-11-13,1.1006,0.8576,119.79,1.0894,1.6127,1.4592,10.7353,10.139,1.7228
2019-11-14,1.0997,0.85643,119.49,1.0873,1.6213,1.4588,10.694,10.1198,1.7223
2019-11-15,1.1034,0.8566,119.95,1.0924,1.6221,1.4608,10.6518,10.0345,1.7255
2019-11-18,1.1061,0.8533,120.55,1.096,1.6242,1.4622,10.6603,10.086,1.7275
2019-11-19,1.1077,0.85573,120.46,1.0979,1.6234,1.4633,10.6475,10.0853,1.7259
2019-11-20,1.1059,0.85715,119.96,1.0977,1.6227,1.4711,10.6935,10.1455,1.7222
2019-11-21,1.1091,0.85548,120.46,1.0998,1.6282,1.4759,10.6568,10.1018,1.7239
2019-11-22,1.1058,0.8598,120.03,1.0994,1.6287,1.4679,10.6265,10.1083,1.7236
2019-11-25,1.1008,0.85515,119.88,1.0986,1.6232,1.4648,10.6158,10.1065,1.7187
2019-11-26,1.102,0.85715,120.09,1.0993,1.6251,1.4663,10.5808,10.0968,1.7165
2019-11-27,1.1009,0.8545,120.18,1.0986,1.622,1.4605,10.558,10.102,1.7121
2019-11-28,1.1005,0.8518,120.5,1.0991,1.6253,1.4625,10.5463,10.113,1.7136
2019-11-29,1.0982,0.85225,120.43,1.0998,1.6228,1.4614,10.4995,10.1045,1.709
2019-12-02,1.1023,0.85218,120.75,1.0995,1.624,1.4656,10.5385,10.1353,1.7019
2019-12-03,1.1071,0.852,120.39,1.0947,1.6186,1.4747,10.5653,10.1668,1.7
2019-12-04,1.1081,0.8461,120.45,1.0956,1.6203,1.4707,10.5523,10.1723,1.698
2019-12-05,1.1094,0.8447,120.69,1.0964,1.6251,1.461,10.5418,10.1613,1.6997
2019-12-06,1.1094,0.84453,120.44,1.0968,1.619,1.4618,10.5183,10.1235,1.6886
2019-12-09,1.1075,0.84195,120.15,1.0959,1.6228,1.4675,10.5435,10.1238,1.689
2019-12-10,1.1077,0.84073,120.27,1.0922,1.6275,1.4666,10.5565,10.1823,1.6945
2019-12-11,1.1075,0.84245,120.44,1.0916,1.6194,1.4661,10.4595,10.1495,1.6924
2019-12-12,1.1137,0.8456,120.95,1.0939,1.6165,1.4676,10.4495,10.135,1.6906
2019-12-13,1.1174,0.83508,122.43,1.0982,1.6159,1.4712,10.449,10.063,1.6873
2019-12-16,1.1146,0.83415,121.97,1.0953,1.6177,1.4621,10.4213,10.028,1.6859
2019-12-17,1.1162,0.84748,122.31,1.0946,1.6294,1.469,10.4718,10.0648,1.6974
2019-12-18,1.1115,0.85055,121.81,1.0913,1.6227,1.4624,10.4483,10.0353,1.692
2019-12-19,1.1117,0.85073,121.73,1.0899,1.6188,1.4588,10.478,9.9785,1.6898
2019-12-20,1.1097,0.85133,121.31,1.0883,1.6088,1.4579,10.434,9.9463,1.6811
2019-12-23,1.1075,0.85708,121.18,1.087,1.6008,1.4577,10.4473,9.913,1.6732
2019-12-24,1.108,0.85533,121.19,1.0878,1.6019,1.4582,10.4553,9.9118,1.6716
2019-12-27,1.1153,0.8513,122.23,1.089,1.5996,1.4592,10.4363,9.8578,1.6655
2019-12-30,1.1189,0.85208,122.19,1.0871,1.5992,1.4621,10.44,9.846,1.6638
2019-12-31,1.1234,0.8508,121.94,1.0854,1.5995,1.4598,10.4468,9.8638,1.6653
2020-01-02,1.1193,0.84828,121.75,1.0865,1.6006,1.4549,10.4728,9.8408,1.6718
2020-01-03,1.1147,0.85115,120.54,1.084,1.6031,1.4471,10.4858,9.8315,1.6718
2020-01-06,1.1194,0.85215,121.02,1.085,1.6119,1.4525,10.5308,9.8488,1.6788
2020-01-07,1.1172,0.85183,121.15,1.085,1.6251,1.452,10.5423,9.8548,1.6833
2020-01-08,1.1115,0.84868,120.86,1.0792,1.6195,1.447,10.5108,9.8508,1.6739
2020-01-09,1.111,0.85285,121.54,1.0808,1.6193,1.4505,10.533,9.8665,1.6796
2020-01-10,1.1091,0.8481,121.6,1.0822,1.6132,1.4498,10.551,9.8745,1.6769
2020-01-13,1.1126,0.8576,122.25,1.0811,1.6117,1.4514,10.5598,9.8955,1.6769
2020-01-14,1.1115,0.85618,122.32,1.0767,1.611,1.4528,10.5248,9.892,1.6803
2020-01-15,1.1142,0.85683,122.43,1.0751,1.6188,1.4565,10.559,9.882,1.6905
2020-01-16,1.1169,0.8547,122.8,1.0739,1.6115,1.4559,10.5678,9.9058,1.6769
2020-01-17,1.1108,0.85105,122.31,1.0736,1.6122,1.4498,10.545,9.889,1.6782
2020-01-20,1.1085,0.85275,122.14,1.0737,1.6154,1.4487,10.5548,9.8815,1.6796
2020-01-21,1.1115,0.8503,122.31,1.0743,1.6177,1.4512,10.5523,9.936,1.6811
2020-01-22,1.1088,0.84445,121.93,1.0757,1.6184,1.4465,10.5528,9.959,1.6782
2020-01-23,1.1091,0.84498,121.5,1.0734,1.6149,1.4599,10.5473,9.9678,1.6797
2020-01-24,1.1035,0.84313,120.96,1.0712,1.6127,1.4491,10.5363,9.9375,1.6684
2020-01-27,1.1025,0.84358,120.11,1.0689,1.6291,1.4539,10.5795,10.0363,1.6814
2020-01-28,1.1005,0.84603,120.02,1.0703,1.629,1.4516,10.5993,10.0758,1.6844
2020-01-29,1.1001,0.8458,120.06,1.0729,1.6299,1.4496,10.5753,10.0563,1.6868
2020-01-30,1.1029,0.84183,120.03,1.069,1.6412,1.4577,10.6398,10.1738,1.6973
2020-01-31,1.1052,0.84175,120.35,1.0694,1.6494,1.4627,10.6768,10.1893,1.7083
2020-02-03,1.1066,0.84775,120.1,1.0672,1.6521,1.4647,10.6808,10.259,1.7106
2020-02-04,1.1048,0.8488,120.52,1.0702,1.6439,1.4671,10.6278,10.1948,1.7102
2020-02-05,1.1023,0.84444,120.94,1.0717,1.6299,1.4644,10.545,10.1173,1.7006
2020-02-06,1.1003,0.84835,120.87,1.0715,1.6282,1.461,10.555,10.1288,1.6994
2020-02-07,1.0969,0.8472,120.51,1.0705,1.6417,1.4604,10.5455,10.1673,1.7094
2020-02-10,1.0951,0.84628,120.18,1.07,1.6373,1.458,10.5728,10.1188,1.7108
2020-02-11,1.0901,0.84325,119.73,1.0667,1.626,1.4495,10.5373,10.0953,1.7055
2020-02-12,1.0914,0.84058,120.03,1.0645,1.6175,1.4468,10.4965,10.0445,1.6832
2020-02-13,1.0867,0.83375,119.21,1.0633,1.6138,1.4406,10.4823,10.0415,1.6835
2020-02-14,1.0842,0.83208,119.11,1.0641,1.6151,1.4363,10.5085,10.0258,1.6864
2020-02-17,1.0835,0.83238,119.05,1.0641,1.6129,1.4334,10.5323,10.0373,1.6864
2020-02-18,1.0816,0.82985,118.7,1.0619,1.6195,1.4345,10.5498,10.0883,1.6921
2020-02-19,1.08,0.83148,119.35,1.0621,1.6142,1.4281,10.5743,10.0178,1.6883
2020-02-20,1.079,0.8384,120.86,1.0616,1.6294,1.4304,10.5985,10.0455,1.7046
2020-02-21,1.0801,0.8351,120.96,1.061,1.6363,1.432,10.569,10.0873,1.7104
2020-02-24,1.0818,0.83833,120.52,1.06,1.6384,1.4372,10.5833,10.1328,1.7095
2020-02-25,1.084,0.8363,119.92,1.0605,1.6442,1.4403,10.5688,10.16,1.716
2020-02-26,1.0875,0.8415,120.13,1.0606,1.6565,1.4469,10.5813,10.2113,1.7273
2020-02-27,1.0964,0.84995,120.46,1.0627,1.6672,1.4636,10.5753,10.2918,1.7326
2020-02-28,1.0977,0.85315,119.36,1.0614,1.6875,1.4757,10.6738,10.3888,1.7608
2020-03-02,1.1122,0.87113,119.82,1.0655,1.6998,1.4857,10.6063,10.4043,1.7738
2020-03-03,1.1117,0.8701,119.77,1.0646,1.6911,1.4857,10.559,10.3328,1.7728
2020-03-04,1.1125,0.8685,119.58,1.0647,1.6794,1.4862,10.5555,10.3051,1.7667
2020-03-05,1.1187,0.8667,119.63,1.0663,1.6917,1.5021,10.5915,10.371,1.7744
2020-03-06,1.1336,0.87165,119.08,1.0589,1.7103,1.5213,10.6145,10.4983,1.7858
2020-03-09,1.1456,0.87383,117.12,1.0594,1.733,1.5613,10.7203,10.89,1.8021
2020-03-10,1.139,0.87385,118.65,1.0594,1.7377,1.5579,10.8015,10.8433,1.8006
2020-03-11,1.1336,0.8769,118.55,1.0591,1.7389,1.5579,10.7238,10.8558,1.7951
2020-03-12,1.124,0.88623,116.84,1.0549,1.7674,1.5524,10.8945,11.3682,1.8173
2020-03-13,1.1104,0.8907,119.11,1.0608,1.7684,1.5389,10.8453,11.0966,1.812
2020-03-16,1.1157,0.90918,117.76,1.0546,1.8198,1.5539,10.8998,11.4765,1.8499
2020-03-17,1.0982,0.90823,117.5,1.0561,1.8287,1.5512,10.9593,11.5063,1.842
2020-03-18,1.0934,0.9219,117.78,1.0546,1.8568,1.5749,11.0223,11.701,1.8727
2020-03-19,1.0801,0.92985,118.63,1.0535,1.8635,1.5623,11.1523,12.3165,1.8903
2020-03-20,1.0707,0.91028,118.37,1.0546,1.8226,1.5257,11.0598,12.1215,1.8521
2020-03-23,1.0783,0.9297,119.11,1.059,1.8586,1.551,11.0715,12.2568,1.8939
2020-03-24,1.0843,0.921,119.99,1.0572,1.8315,1.5716,11.0888,11.9745,1.8676
2020-03-25,1.0827,0.91503,120.67,1.0602,1.7993,1.5539,10.9638,11.7745,1.8479
2020-03-26,1.0981,0.91348,120.18,1.0634,1.8162,1.5466,11.007,11.5273,1.853
2020-03-27,1.0977,0.89743,119.36,1.0581,1.8209,1.5521,11.0158,11.6558,1.8548
2020-03-30,1.1034,0.889,119.34,1.0571,1.8021,1.5626,11.0375,11.6888,1.8405
2020-03-31,1.0956,0.88643,118.9,1.0585,1.7967,1.5617,11.0613,11.51,1.8417
2020-04-01,1.0936,0.8846,117.55,1.0564,1.8053,1.5601,10.9368,11.2685,1.8547
2020-04-02,1.0906,0.87738,117.06,1.0551,1.797,1.5451,10.9265,11.2345,1.838
2020-04-03,1.0785,0.8785,117.1,1.0547,1.8004,1.5299,10.952,11.2628,1.8423
2020-04-06,1.0791,0.878,117.54,1.056,1.779,1.528,10.9788,11.3875,1.82
2020-04-07,1.0885,0.88093,118.55,1.0582,1.7578,1.5259,10.8788,11.0945,1.816
2020-04-08,1.0871,0.87948,118.36,1.0557,1.7596,1.5233,10.9385,11.194,1.8194
2020-04-09,1.0867,0.87565,118.33,1.0558,1.7444,1.5265,10.9455,11.2143,1.8128
2020-04-14,1.0963,0.87253,117.66,1.0543,1.7139,1.5257,10.9158,11.3118,1.8008
2020-04-15,1.0903,0.87385,117.12,1.0534,1.7299,1.533,10.9323,11.4503,1.8223
2020-04-16,1.0888,0.87163,117.12,1.0516,1.7266,1.5359,10.8895,11.4145,1.821
2020-04-17,1.086,0.86978,116.86,1.0515,1.7088,1.528,10.8548,11.2845,1.8043
2020-04-20,1.086,0.87343,117.11,1.0518,1.7085,1.5325,10.8623,11.2698,1.7962
2020-04-21,1.0837,0.8812,116.39,1.0517,1.7266,1.5393,10.9543,11.4843,1.8181
2020-04-22,1.0867,0.8792,117.01,1.0523,1.7199,1.5375,10.9423,11.6775,1.82
2020-04-23,1.0772,0.872,115.75,1.0511,1.6918,1.5226,10.8883,11.5165,1.7947
2020-04-24,1.08,0.87498,116.22,1.0525,1.6943,1.5173,10.8723,11.4785,1.7991
2020-04-27,1.0852,0.87263,116.22,1.0557,1.6795,1.5255,10.8748,11.4513,1.7893
2020-04-28,1.0877,0.87078,116.06,1.0586,1.6734,1.5179,10.748,11.2783,1.7956
2020-04-29,1.0842,0.87378,115.52,1.0571,1.6655,1.5129,10.7338,11.2728,1.7831
2020-04-30,1.0876,0.86905,115.87,1.0558,1.6598,1.5077,10.6639,11.184,1.7705
2020-05-04,1.0942,0.87898,116.84,1.0548,1.7022,1.539,10.8113,11.328,1.8083
2020-05-05,1.0843,0.8706,115.71,1.0525,1.6825,1.5201,10.698,11.173,1.791
2020-05-06,1.0807,0.87253,114.65,1.053,1.7046,1.5225,10.6278,11.09,1.7839
2020-05-07,1.0783,0.87478,114.91,1.053,1.6704,1.5177,10.62,11.0405,1.782
2020-05-08,1.0843,0.87535,115.34,1.0529,1.6613,1.5118,10.5875,11.0695,1.7668
2020-05-11,1.0824,0.87875,116.16,1.0519,1.6709,1.5136,10.5998,11.046,1.7808
2020-05-12,1.0858,0.87773,116.56,1.052,1.6625,1.5178,10.5968,11.0518,1.7742
2020-05-13,1.0875,0.88245,116.28,1.0528,1.6687,1.5243,10.5843,10.938,1.7983
2020-05-14,1.0792,0.88495,115.48,1.0512,1.6805,1.5224,10.6418,11.0598,1.8068
2020-05-15,1.0798,0.88738,115.53,1.0513,1.6805,1.5231,10.6695,11.0568,1.8145
2020-05-18,1.0832,0.89153,116.31,1.0521,1.6736,1.5202,10.6103,10.9663,1.8096
2020-05-19,1.095,0.89535,118.0,1.0633,1.6751,1.5251,10.5685,10.9153,1.8004
2020-05-20,1.0958,0.89358,117.95,1.0584,1.6653,1.5211,10.5568,10.8765,1.7859
2020-05-21,1.1,0.89943,118.42,1.0628,1.671,1.531,10.53,10.903,1.7949
2020-05-22,1.0904,0.89563,117.26,1.0591,1.6694,1.5273,10.5373,10.9078,1.787
2020-05-25,1.091,0.89515,117.47,1.0597,1.6678,1.5261,10.549,10.9358,1.789
2020-05-26,1.0975,0.88878,117.92,1.06,1.6539,1.5184,10.5563,10.8943,1.7717
2020-05-27,1.0991,0.89595,118.58,1.0675,1.6565,1.5126,10.5608,10.8283,1.7719
2020-05-28,1.1016,0.89728,118.68,1.0683,1.6624,1.5155,10.548,10.8553,1.7776
2020-05-29,1.1136,0.90088,119.29,1.072,1.6681,1.528,10.487,10.788,1.7863
2020-06-01,1.1116,0.89673,119.75,1.0686,1.6488,1.5228,10.4635,10.789,1.7824
2020-06-02,1.1174,0.89083,120.83,1.0741,1.631,1.5106,10.452,10.6798,1.768
2020-06-03,1.1194,0.89065,121.54,1.0793,1.628,1.5173,10.4588,10.6777,1.7532
2020-06-04,1.125,0.89685,122.48,1.0786,1.6276,1.5203,10.4172,10.6048,1.751
2020-06-05,1.133,0.89448,123.77,1.0866,1.6227,1.5237,10.425,10.5403,1.7392
2020-06-08,1.1285,0.89173,123.41,1.0861,1.6156,1.5126,10.3978,10.4603,1.7291
2020-06-09,1.1294,0.8912,122.14,1.077,1.6267,1.5187,10.4188,10.5418,1.7375
2020-06-10,1.1375,0.88963,122.16,1.0762,1.622,1.5228,10.4605,10.5383,1.7357
2020-06-11,1.1348,0.89665,121.52,1.0697,1.6421,1.5321,10.5018,10.72,1.753
2020-06-12,1.1304,0.89653,121.26,1.0697,1.6447,1.5347,10.5103,10.8475,1.7553
2020-06-15,1.1253,0.89648,120.83,1.0679,1.6476,1.5342,10.5393,10.8894,1.7471
2020-06-16,1.1308,0.8937,121.39,1.0717,1.6324,1.532,10.5136,10.7389,1.7474
2020-06-17,1.1232,0.89448,120.65,1.0669,1.6292,1.5204,10.5123,10.705,1.7395
2020-06-18,1.1222,0.90028,120.0,1.0667,1.6356,1.5218,10.5525,10.7083,1.742
2020-06-19,1.121,0.90505,119.77,1.0656,1.6261,1.5209,10.567,10.7135,1.7403
2020-06-22,1.1213,0.90328,119.89,1.0654,1.6292,1.521,10.5525,10.7985,1.735
2020-06-23,1.1318,0.9063,121.05,1.0705,1.6272,1.5269,10.5175,10.7345,1.7391
2020-06-24,1.128,0.90343,120.3,1.0679,1.6342,1.5331,10.5145,10.7958,1.7552
2020-06-25,1.12,0.90133,120.25,1.0637,1.6321,1.5282,10.4865,10.8748,1.7465
2020-06-26,1.1213,0.90575,119.93,1.0631,1.6313,1.5318,10.4773,10.885,1.7428
2020-06-29,1.1284,0.9154,121.07,1.0669,1.6406,1.5409,10.478,10.9013,1.7533
2020-06-30,1.1198,0.91243,120.66,1.0651,1.6344,1.5324,10.4948,10.912,1.748
2020-07-01,1.12,0.9043,120.31,1.062,1.6268,1.5217,10.4965,10.7736,1.7362
2020-07-02,1.1286,0.90225,121.24,1.0648,1.6296,1.5343,10.4635,10.6873,1.7297
2020-07-03,1.1224,0.9012,120.68,1.0623,1.6175,1.5233,10.4715,10.6775,1.7204
2020-07-06,1.1325,0.90505,121.78,1.0642,1.623,1.5333,10.4848,10.6218,1.7293
2020-07-07,1.129,0.9015,121.61,1.0643,1.6261,1.5317,10.4555,10.6428,1.726
2020-07-08,1.1286,0.89923,121.39,1.0624,1.6242,1.5338,10.431,10.6885,1.7237
2020-07-09,1.1342,0.89655,121.67,1.0634,1.6239,1.5314,10.397,10.6173,1.7223
2020-07-10,1.1276,0.8957,120.48,1.0625,1.6247,1.5336,10.398,10.7163,1.7189
2020-07-13,1.1329,0.89938,121.4,1.0685,1.6248,1.5366,10.3833,10.665,1.7226
2020-07-14,1.1375,0.90778,122.17,1.0691,1.6348,1.5488,10.3855,10.711,1.7417
2020-07-15,1.1444,0.9054,122.25,1.0783,1.6293,1.5527,10.3468,10.6275,1.7397
2020-07-16,1.1414,0.90875,122.24,1.0787,1.6338,1.5452,10.35,10.6148,1.7439
2020-07-17,1.1428,0.91078,122.53,1.0753,1.636,1.551,10.333,10.5995,1.7463
2020-07-20,1.1448,0.90575,122.63,1.0736,1.6359,1.5532,10.301,10.606,1.7435
2020-07-21,1.1443,0.90055,122.7,1.074,1.6154,1.5399,10.239,10.4933,1.7305
2020-07-22,1.1578,0.91123,123.94,1.0785,1.6139,1.554,10.2415,10.5343,1.7328
2020-07-23,1.1569,0.91195,123.98,1.0731,1.6246,1.5486,10.264,10.6073,1.7384
2020-07-24,1.1608,0.90985,123.36,1.073,1.6376,1.5578,10.269,10.6953,1.7506
2020-07-27,1.176,0.9134,123.88,1.0838,1.6472,1.5729,10.2678,10.6683,1.7605
2020-07-28,1.1717,0.90968,123.34,1.0758,1.6412,1.5693,10.282,10.694,1.763
2020-07-29,1.1725,0.90385,123.28,1.0766,1.6348,1.5665,10.287,10.6573,1.764
2020-07-30,1.1743,0.90268,123.58,1.0744,1.6446,1.5771,10.3068,10.7213,1.7727
2020-07-31,1.1848,0.90053,124.31,1.0769,1.6488,1.5898,10.2835,10.7323,1.7771
2020-08-03,1.1726,0.90013,124.51,1.0784,1.6508,1.5755,10.2958,10.7188,1.7701
2020-08-04,1.1765,0.90335,124.78,1.0761,1.6495,1.5773,10.3025,10.7568,1.7807
2020-08-05,1.1854,0.90265,125.37,1.077,1.6415,1.5703,10.2865,10.6585,1.7809
2020-08-06,1.1843,0.90033,124.96,1.0759,1.6492,1.5748,10.3165,10.6538,1.7828
2020-08-07,1.1817,0.90373,124.91,1.0804,1.6403,1.577,10.3163,10.6433,1.7786
2020-08-10,1.1763,0.90155,124.74,1.079,1.6445,1.5739,10.2805,10.629,1.784
2020-08-11,1.1783,0.89843,124.97,1.0743,1.6406,1.5656,10.2835,10.5658,1.7833
2020-08-12,1.1771,0.90475,125.92,1.0755,1.6514,1.5644,10.2513,10.5463,1.7997
2020-08-13,1.1833,0.90373,126.58,1.0784,1.6522,1.5637,10.2748,10.5148,1.8042
2020-08-14,1.1813,0.90173,126.01,1.0754,1.6525,1.5649,10.2933,10.5403,1.8071
2020-08-17,1.1853,0.90625,125.99,1.0765,1.6485,1.5684,10.3108,10.512,1.8179
2020-08-18,1.1906,0.90375,125.54,1.0773,1.6447,1.5672,10.32,10.501,1.8119
2020-08-19,1.1933,0.90345,125.74,1.0811,1.6428,1.5688,10.314,10.5455,1.7969
2020-08-20,1.185,0.90173,125.46,1.0786,1.6544,1.5654,10.3555,10.6068,1.8158
2020-08-21,1.1769,0.89755,124.53,1.0744,1.6442,1.5563,10.363,10.5913,1.8045
2020-08-24,1.1847,0.90175,125.26,1.0761,1.6454,1.5574,10.369,10.6188,1.8059
2020-08-25,1.1814,0.89945,125.67,1.0752,1.6472,1.5597,10.3525,10.5688,1.8082
2020-08-26,1.1789,0.8969,125.34,1.0738,1.6371,1.5543,10.3348,10.5603,1.7971
2020-08-27,1.1806,0.89505,125.34,1.075,1.6291,1.5521,10.3138,10.5178,1.7799
2020-08-28,1.1915,0.89468,125.39,1.0758,1.6216,1.5553,10.2603,10.47,1.7723
2020-08-31,1.194,0.89605,126.47,1.0774,1.6214,1.5601,10.2888,10.455,1.7728
2020-09-01,1.1987,0.88975,126.92,1.0865,1.6242,1.56,10.3605,10.4378,1.7727
2020-09-02,1.1861,0.8884,126.0,1.0799,1.6171,1.5495,10.3065,10.406,1.7541
2020-09-03,1.1813,0.89135,125.85,1.0776,1.6219,1.5491,10.3393,10.5315,1.7579
2020-09-04,1.1842,0.89325,125.79,1.0793,1.6291,1.5508,10.3688,10.5768,1.764
2020-09-07,1.1824,0.89835,125.59,1.0809,1.6232,1.5484,10.369,10.5453,1.7642
2020-09-08,1.1785,0.90453,125.2,1.082,1.6286,1.5523,10.3735,10.6713,1.7722
2020-09-09,1.1773,0.91213,125.05,1.0806,1.6264,1.5563,10.362,10.715,1.7714
2020-09-10,1.1849,0.9159,125.76,1.0766,1.6282,1.5586,10.3703,10.687,1.7737
2020-09-11,1.1854,0.92408,125.82,1.0777,1.6244,1.5622,10.3713,10.7028,1.7738
2020-09-14,1.1876,0.9219,125.82,1.0768,1.6327,1.5641,10.4178,10.6933,1.7739
2020-09-15,1.1892,0.92095,125.39,1.0768,1.6219,1.5634,10.404,10.6963,1.7675
2020-09-16,1.1869,0.91423,124.72,1.0753,1.6174,1.5628,10.4118,10.6608,1.7586
2020-09-17,1.1797,0.9153,123.38,1.0742,1.6152,1.5567,10.408,10.7238,1.7533
2020-09-18,1.1833,0.91318,123.49,1.0776,1.6242,1.5601,10.399,10.7538,1.7489
2020-09-21,1.1787,0.91608,122.7,1.0761,1.624,1.5604,10.4055,10.884,1.759
2020-09-22,1.174,0.91743,122.78,1.0748,1.6288,1.5631,10.407,10.9528,1.763
2020-09-23,1.1692,0.91885,122.91,1.0773,1.6439,1.5594,10.4388,10.9938,1.7756
2020-09-24,1.1645,0.91228,122.73,1.0772,1.6539,1.56,10.5793,11.1023,1.7847
2020-09-25,1.1634,0.91343,122.74,1.0798,1.6548,1.556,10.6285,11.1445,1.7756
2020-09-28,1.167,0.90508,123.02,1.0816,1.6513,1.562,10.5863,11.058,1.7791
2020-09-29,1.1702,0.90963,123.61,1.0795,1.6412,1.5655,10.5343,11.0543,1.7749
2020-09-30,1.1708,0.91235,123.76,1.0804,1.6438,1.5676,10.5713,11.1008,1.7799
2020-10-01,1.1752,0.90723,123.98,1.0787,1.6319,1.5616,10.4853,10.9073,1.7667
2020-10-02,1.173,0.90673,123.4,1.079,1.6372,1.5603,10.425,10.904,1.7674
2020-10-05,1.1768,0.9081,124.25,1.0781,1.6379,1.5614,10.4645,10.8855,1.7703
2020-10-06,1.1795,0.91058,124.58,1.0781,1.6472,1.563,10.5138,10.8603,1.7733
2020-10-07,1.177,0.91413,124.73,1.0787,1.65,1.564,10.483,10.9313,1.7862
2020-10-08,1.1765,0.91035,124.69,1.0799,1.6421,1.5583,10.4468,10.9038,1.7856
2020-10-09,1.1795,0.91167,124.95,1.0773,1.6405,1.5542,10.42,10.8623,1.7821
2020-10-12,1.1799,0.90598,124.41,1.0742,1.6357,1.5493,10.3933,10.7925,1.7744
2020-10-13,1.1787,0.90591,124.38,1.0734,1.6403,1.545,10.343,10.7923,1.7715
2020-10-14,1.175,0.90395,123.7,1.0738,1.6378,1.5432,10.3653,10.8218,1.7633
2020-10-15,1.1698,0.90535,123.15,1.0697,1.6554,1.5453,10.378,10.9678,1.7762
2020-10-16,1.1741,0.90915,123.59,1.0721,1.6555,1.5497,10.3593,10.957,1.7746
2020-10-19,1.1785,0.90588,124.11,1.0724,1.6575,1.5523,10.3578,10.947,1.7751
2020-10-20,1.181,0.91329,124.79,1.0724,1.6801,1.5577,10.3805,10.9698,1.8006
2020-10-21,1.1852,0.90754,124.27,1.0715,1.6733,1.5557,10.3645,10.9315,1.7875
2020-10-22,1.1821,0.90273,123.72,1.0726,1.6644,1.5559,10.374,10.9325,1.7739
2020-10-23,1.1856,0.90675,124.17,1.0715,1.6578,1.5563,10.3618,10.9178,1.7703
2020-10-26,1.1819,0.90755,124.14,1.0719,1.6592,1.558,10.3475,10.9465,1.7677
2020-10-27,1.1832,0.90718,123.74,1.0732,1.6585,1.5589,10.306,10.8398,1.7639
2020-10-28,1.1727,0.90662,122.36,1.0693,1.6603,1.5578,10.371,10.9693,1.7647
2020-10-29,1.1704,0.9043,122.09,1.0684,1.6673,1.5658,10.4225,11.1495,1.7677
2020-10-30,1.1698,0.90208,122.36,1.0698,1.6563,1.5556,10.365,11.094,1.7565
2020-11-02,1.1652,0.90053,121.93,1.0695,1.6533,1.5466,10.3625,11.1128,1.7565
2020-11-03,1.1702,0.90042,122.56,1.0709,1.6406,1.5385,10.3835,11.0103,1.7531
2020-11-04,1.1721,0.89954,122.31,1.0675,1.6346,1.5411,10.352,10.9583,1.7541
2020-11-05,1.1855,0.9045,122.86,1.0724,1.6356,1.5478,10.277,10.85,1.754
2020-11-06,1.187,0.9043,122.66,1.0682,1.6359,1.5525,10.2805,10.9203,1.7507
2020-11-09,1.1883,0.90224,124.67,1.0778,1.6234,1.5388,10.197,10.7101,1.7378
2020-11-10,1.1808,0.89183,124.36,1.0817,1.6237,1.5393,10.2,10.6618,1.7304
2020-11-11,1.1766,0.88935,124.07,1.0793,1.6172,1.5364,10.1748,10.6773,1.7112
2020-11-12,1.1791,0.89765,124.25,1.0805,1.6263,1.5443,10.1825,10.7658,1.7196
2020-11-13,1.1815,0.89683,123.88,1.0805,1.63,1.5528,10.2537,10.8123,1.7304
2020-11-16,1.183,0.89819,124.15,1.0819,1.6226,1.5476,10.2538,10.731,1.7227
2020-11-17,1.1882,0.89585,123.78,1.0816,1.6236,1.556,10.2375,10.7683,1.7234
2020-11-18,1.1868,0.89373,123.28,1.0812,1.6226,1.5514,10.2135,10.7115,1.7145
2020-11-19,1.1832,0.89378,123.08,1.0797,1.6272,1.5501,10.206,10.69,1.7155
2020-11-20,1.1863,0.89393,123.18,1.0811,1.6227,1.5484,10.2168,10.6613,1.7086
2020-11-23,1.1901,0.88888,123.47,1.0806,1.6233,1.553,10.2145,10.6903,1.7082
2020-11-24,1.1865,0.89012,124.06,1.0833,1.6175,1.5504,10.204,10.6768,1.7011
2020-11-25,1.189,0.89129,124.19,1.0835,1.619,1.5478,10.1358,10.5488,1.7036
2020-11-26,1.19,0.89129,124.04,1.0813,1.6163,1.5472,10.1568,10.5705,1.7
2020-11-27,1.1922,0.89442,124.23,1.0826,1.6182,1.5497,10.1723,10.563,1.7
2020-11-30,1.198,0.89845,124.79,1.0839,1.6246,1.5516,10.1778,10.561,1.7027
2020-12-01,1.1968,0.89798,124.92,1.0836,1.6274,1.5522,10.2135,10.6028,1.701
2020-12-02,1.2066,0.9049,126.13,1.0819,1.6384,1.5619,10.2813,10.7003,1.7137
2020-12-03,1.2151,0.90358,126.49,1.0831,1.6361,1.5692,10.3025,10.707,1.7175
2020-12-04,1.2159,0.90282,126.44,1.0822,1.6387,1.5633,10.2578,10.6598,1.7254
2020-12-07,1.2128,0.91215,126.3,1.0802,1.6374,1.5537,10.2018,10.6328,1.7252
2020-12-08,1.2114,0.91143,126.18,1.0781,1.6334,1.5508,10.2358,10.6283,1.722
2020-12-09,1.2109,0.9,126.05,1.0764,1.6185,1.5472,10.2745,10.5763,1.7103
2020-12-10,1.2115,0.911,126.53,1.0757,1.6161,1.5456,10.2395,10.7,1.7184
2020-12-11,1.2127,0.92294,126.28,1.0786,1.609,1.5487,10.256,10.6968,1.71
2020-12-14,1.2162,0.907,126.11,1.0776,1.6064,1.5476,10.193,10.5833,1.7101
2020-12-15,1.214,0.90795,126.08,1.077,1.6113,1.5473,10.1928,10.614,1.7174
2020-12-16,1.2189,0.8995,125.97,1.0786,1.6103,1.5551,10.1785,10.5788,1.7168
2020-12-17,1.2246,0.9005,126.19,1.0821,1.6052,1.5546,10.1335,10.5015,1.7093
2020-12-18,1.2259,0.90828,126.69,1.0845,1.6107,1.5638,10.1333,10.5163,1.7201
2020-12-21,1.2173,0.9161,126.04,1.081,1.62,1.5686,10.1313,10.6518,1.7306
2020-12-22,1.2239,0.91148,126.52,1.0837,1.6191,1.5753,10.1143,10.5938,1.7299
2020-12-23,1.2166,0.907,125.99,1.0837,1.6118,1.5671,10.1213,10.6238,1.7208
2020-12-24,1.2193,0.89795,126.38,1.0851,1.6039,1.5656,10.0763,10.5108,1.7168
2020-12-28,1.2219,0.90408,126.54,1.0854,1.6083,1.5677,10.107,10.5713,1.716
2020-12-29,1.2259,0.90863,127.23,1.0862,1.6121,1.5713,10.084,10.55,1.7171
2020-12-30,1.2281,0.90307,126.57,1.0857,1.6025,1.5701,10.0568,10.547,1.7071
2020-12-31,1.2271,0.89903,126.49,1.0802,1.5896,1.5633,10.0343,10.4703,1.6984
2021-01-04,1.2296,0.9016,126.62,1.0811,1.5928,1.5621,10.0895,10.444,1.7065
2021-01-05,1.2271,0.90333,126.25,1.0803,1.5927,1.5651,10.057,10.4713,1.7036
2021-01-06,1.2338,0.90635,127.03,1.0821,1.5824,1.564,10.0653,10.381,1.6916
2021-01-07,1.2276,0.9019,127.13,1.0833,1.5836,1.5601,10.0575,10.3435,1.6907
2021-01-08,1.225,0.90128,127.26,1.0827,1.5758,1.5543,10.051,10.2863,1.6883
2021-01-11,1.2163,0.90235,126.76,1.0838,1.5783,1.5551,10.076,10.368,1.6918
2021-01-12,1.2161,0.8944,126.74,1.0812,1.5742,1.551,10.0878,10.3765,1.694
2021-01-13,1.2166,0.88983,126.44,1.0812,1.5734,1.5487,10.1383,10.339,1.6954
2021-01-14,1.2124,0.88943,126.21,1.0805,1.5642,1.5381,10.1059,10.3108,1.6853
2021-01-15,1.2123,0.88998,125.74,1.077,1.568,1.5413,10.1305,10.3135,1.6896
2021-01-18,1.2064,0.89073,125.18,1.0747,1.5721,1.5413,10.154,10.3858,1.6975
2021-01-19,1.2132,0.891,126.16,1.0769,1.5723,1.5438,10.0953,10.3423,1.702
2021-01-20,1.2101,0.88563,125.62,1.0778,1.5666,1.5379,10.1383,10.323,1.6965
2021-01-21,1.2158,0.88625,125.72,1.0773,1.5635,1.5345,10.0825,10.2513,1.6853
2021-01-22,1.2158,0.89045,126.19,1.0773,1.577,1.5458,10.0815,10.3308,1.6945
2021-01-25,1.2152,0.888,126.06,1.0772,1.5728,1.5459,10.0625,10.3478,1.6854
2021-01-26,1.2143,0.88698,125.93,1.0789,1.5709,1.5444,10.0715,10.3873,1.6793
2021-01-27,1.2114,0.88395,125.87,1.0759,1.5744,1.5453,10.1139,10.4555,1.6844
2021-01-28,1.2091,0.88603,126.2,1.0783,1.5914,1.5564,10.1353,10.5205,1.7008
2021-01-29,1.2136,0.88383,127.05,1.0798,1.5819,1.552,10.111,10.343,1.6863
2021-02-01,1.2084,0.882,126.77,1.0816,1.5831,1.5474,10.1627,10.389,1.6844
2021-02-02,1.2044,0.88075,126.46,1.0808,1.5847,1.5422,10.1593,10.3463,1.6793
2021-02-03,1.2017,0.88145,126.25,1.0804,1.5781,1.5373,10.1303,10.354,1.6695
2021-02-04,1.1996,0.87693,126.24,1.0818,1.5727,1.5358,10.1358,10.338,1.6666
2021-02-05,1.1983,0.87538,126.72,1.0825,1.5761,1.5344,10.1228,10.3068,1.6776
2021-02-08,1.2025,0.87833,126.97,1.0842,1.5693,1.5363,10.1148,10.2725,1.674
2021-02-09,1.2104,0.87828,126.58,1.0817,1.5681,1.5414,10.1058,10.2588,1.6741
2021-02-10,1.2127,0.8765,127.04,1.0805,1.5682,1.5394,10.08,10.228,1.6803
2021-02-11,1.2147,0.87755,127.12,1.0802,1.5638,1.5384,10.0868,10.2595,1.6772
2021-02-12,1.2108,0.87753,127.15,1.0803,1.5666,1.5418,10.0818,10.285,1.684
2021-02-15,1.2129,0.87225,127.72,1.0802,1.5602,1.5346,10.0435,10.1963,1.6785
2021-02-16,1.2143,0.87333,128.16,1.08,1.5613,1.5365,10.0415,10.1938,1.6774
2021-02-17,1.206,0.8696,127.94,1.0806,1.5573,1.5304,10.0413,10.2113,1.6786
2021-02-18,1.2084,0.8654,127.69,1.0829,1.5518,1.5307,10.0328,10.2178,1.6735
2021-02-19,1.2139,0.86508,127.81,1.0851,1.5445,1.5307,10.033,10.2095,1.6642
2021-02-22,1.2133,0.8653,128.0,1.0888,1.5392,1.5328,10.0315,10.3185,1.6583
2021-02-23,1.2143,0.86308,127.98,1.0946,1.5378,1.5319,10.0747,10.319,1.6585
2021-02-24,1.2146,0.8603,128.69,1.1029,1.5347,1.5266,10.0893,10.2483,1.6451
2021-02-25,1.2225,0.86408,129.73,1.1076,1.5317,1.5257,10.0668,10.2275,1.6409
2021-02-26,1.2121,0.87053,128.83,1.0986,1.5605,1.5331,10.1388,10.4012,1.6622
2021-03-01,1.2053,0.86558,128.63,1.1014,1.557,1.5274,10.1833,10.36,1.6629
2021-03-02,1.2028,0.86433,128.58,1.105,1.5422,1.5225,10.14,10.2555,1.6565
2021-03-03,1.2048,0.86351,128.81,1.1064,1.5455,1.5234,10.125,10.2451,1.6581
2021-03-04,1.2034,0.8627,129.23,1.1114,1.5449,1.5213,10.1595,10.2595,1.6599
2021-03-05,1.1938,0.863,129.3,1.1066,1.5565,1.516,10.1863,10.211,1.6737
2021-03-08,1.1866,0.85728,128.9,1.1087,1.5499,1.5035,10.1803,10.1785,1.6673
2021-03-09,1.1894,0.85704,129.5,1.1071,1.544,1.499,10.136,10.0838,1.6607
2021-03-10,1.1892,0.85655,129.12,1.1069,1.543,1.5041,10.1305,10.0813,1.659
2021-03-11,1.1969,0.8567,129.82,1.1066,1.5384,1.5051,10.1295,10.091,1.6546
2021-03-12,1.1933,0.85835,130.14,1.1094,1.5394,1.4975,10.1388,10.0863,1.6633
2021-03-15,1.192,0.8567,130.17,1.1084,1.5419,1.4874,10.185,10.0988,1.6588
2021-03-16,1.1926,0.85945,129.88,1.1033,1.539,1.4867,10.1388,10.1028,1.6578
2021-03-17,1.1907,0.85668,130.02,1.1047,1.5427,1.4852,10.1355,10.1213,1.6618
2021-03-18,1.1912,0.85575,130.08,1.1069,1.5347,1.4824,10.157,10.1058,1.6567
2021-03-19,1.1891,0.85763,129.54,1.1066,1.5365,1.4877,10.1743,10.2018,1.6598
2021-03-22,1.1926,0.86233,129.77,1.1023,1.54,1.4903,10.158,10.1393,1.6617
2021-03-23,1.1883,0.86198,128.99,1.1066,1.5491,1.4938,10.1813,10.1783,1.6918
2021-03-24,1.1825,0.8625,128.6,1.1068,1.5532,1.4884,10.1635,10.1563,1.6963
2021-03-25,1.1802,0.86068,128.75,1.1045,1.5548,1.4849,10.1935,10.1653,1.6948
2021-03-26,1.1782,0.85503,129.34,1.109,1.5459,1.4814,10.1905,10.1258,1.6863
2021-03-29,1.1784,0.8512,129.19,1.1075,1.5398,1.4833,10.2205,10.0738,1.6805
2021-03-30,1.1741,0.85378,129.48,1.1057,1.5419,1.4814,10.2473,10.0613,1.6794
2021-03-31,1.1725,0.85209,129.91,1.107,1.5412,1.4782,10.2383,9.9955,1.6769
2021-04-01,1.1746,0.85195,130.03,1.1099,1.55,1.4787,10.2753,10.0408,1.6806
2021-04-06,1.1812,0.85358,130.27,1.107,1.5482,1.484,10.261,10.0768,1.6814
2021-04-07,1.1884,0.86065,130.56,1.1044,1.5581,1.4982,10.236,10.0535,1.6907
2021-04-08,1.1873,0.8629,129.71,1.1021,1.5539,1.4947,10.2073,10.078,1.6855
2021-04-09,1.1888,0.86658,130.42,1.101,1.5579,1.495,10.1725,10.113,1.686
2021-04-12,1.1904,0.86518,130.2,1.0998,1.5613,1.4931,10.1975,10.094,1.6914
2021-04-13,1.1896,0.86698,130.23,1.1001,1.5652,1.5006,10.211,10.1675,1.6946
2021-04-14,1.1964,0.86918,130.33,1.1033,1.5561,1.5026,10.1433,10.0745,1.6821
2021-04-15,1.197,0.86753,130.14,1.1046,1.5448,1.4955,10.1298,10.0433,1.6716
2021-04-16,1.1986,0.86793,130.37,1.1011,1.5459,1.4986,10.1055,10.018,1.6725
2021-04-19,1.2035,0.86355,130.09,1.0998,1.5491,1.5038,10.0985,9.9733,1.675
2021-04-20,1.2051,0.86295,130.64,1.1029,1.5492,1.5089,10.1288,9.9965,1.6735
2021-04-21,1.2007,0.8625,129.8,1.1026,1.5554,1.5137,10.1513,10.0423,1.6726
2021-04-22,1.2046,0.86855,130.3,1.1035,1.5581,1.5067,10.1237,10.0475,1.6789
2021-04-23,1.2066,0.86905,129.98,1.1038,1.559,1.5062,10.1405,10.043,1.6802
2021-04-26,1.2085,0.86975,130.54,1.1067,1.5518,1.503,10.1308,10.0358,1.6727
2021-04-27,1.2088,0.86895,130.88,1.1038,1.5533,1.4985,10.1403,10.0073,1.6724
2021-04-28,1.207,0.86988,131.47,1.1044,1.5576,1.4955,10.111,9.9795,1.6711
2021-04-29,1.2129,0.8691,132.2,1.102,1.5554,1.4902,10.1123,9.9145,1.6703
2021-04-30,1.2082,0.86863,131.62,1.0998,1.5581,1.4834,10.164,9.9533,1.6738
2021-05-03,1.2044,0.86838,131.9,1.1016,1.5573,1.4807,10.1803,10.016,1.6786
2021-05-04,1.2021,0.8677,131.26,1.098,1.5608,1.4836,10.1673,10.0123,1.6887
2021-05-05,1.2005,0.86274,131.2,1.0965,1.551,1.4731,10.1945,9.9848,1.6683
2021-05-06,1.206,0.86708,131.69,1.0953,1.5547,1.4764,10.194,10.0558,1.6715
2021-05-07,1.2059,0.8681,131.76,1.0963,1.5523,1.4689,10.1263,10.0125,1.673
2021-05-10,1.2169,0.86195,132.31,1.0939,1.5433,1.4743,10.1235,10.0008,1.6673
2021-05-11,1.217,0.86013,132.12,1.0976,1.5509,1.4729,10.113,10.032,1.6718
2021-05-12,1.2118,0.85798,131.82,1.0966,1.5526,1.4643,10.106,10.0263,1.6753
2021-05-13,1.2081,0.86063,132.37,1.096,1.5673,1.4665,10.172,10.127,1.6885
2021-05-14,1.2123,0.86083,132.49,1.0952,1.5634,1.47,10.1265,10.0074,1.6771
2021-05-17,1.2143,0.86215,132.6,1.095,1.5683,1.472,10.1552,10.0665,1.6879
2021-05-18,1.2222,0.85998,133.09,1.0963,1.5652,1.4693,10.1363,10.0125,1.6821
2021-05-19,1.2212,0.86233,133.3,1.1008,1.5765,1.4747,10.1633,10.1058,1.6981
2021-05-20,1.2203,0.864,132.95,1.0991,1.5736,1.4778,10.1813,10.1775,1.6986
2021-05-21,1.2188,0.8587,132.61,1.0951,1.5698,1.468,10.122,10.142,1.6914
2021-05-24,1.2212,0.86408,132.97,1.0957,1.5804,1.4731,10.167,10.209,1.6997
2021-05-25,1.2264,0.86573,133.49,1.0977,1.5785,1.4758,10.1338,10.1965,1.6918
2021-05-26,1.2229,0.8633,133.16,1.0958,1.5732,1.4784,10.1503,10.178,1.6737
2021-05-27,1.2198,0.86068,133.42,1.0967,1.5753,1.4746,10.1298,10.1953,1.672
2021-05-28,1.2142,0.85765,133.65,1.096,1.5796,1.4711,10.125,10.179,1.6811
2021-05-31,1.2201,0.86013,133.79,1.0982,1.5775,1.4727,10.121,10.2183,1.6799
2021-06-01,1.2225,0.86285,134.05,1.0986,1.5793,1.4708,10.0955,10.1113,1.6837
2021-06-02,1.2186,0.86125,133.72,1.0982,1.5756,1.4705,10.0898,10.1393,1.6843
2021-06-03,1.2187,0.85955,133.81,1.0961,1.5792,1.471,10.1145,10.1501,1.6915
2021-06-04,1.2117,0.8569,133.39,1.0951,1.5804,1.468,10.105,10.156,1.6936
2021-06-07,1.2162,0.85825,132.98,1.0934,1.5678,1.4681,10.0552,10.0483,1.6832
2021-06-08,1.2182,0.861,133.28,1.0914,1.5718,1.4706,10.0755,10.048,1.6885
2021-06-09,1.2195,0.86053,133.38,1.0913,1.5731,1.4729,10.0595,10.0518,1.6925
2021-06-10,1.2174,0.86293,133.35,1.0909,1.5731,1.4739,10.0715,10.1118,1.6932
2021-06-11,1.2125,0.8571,132.88,1.0883,1.5687,1.4687,10.0643,10.0828,1.6931
2021-06-14,1.2112,0.85898,132.95,1.0889,1.5696,1.4737,10.0944,10.0828,1.6959
2021-06-15,1.2108,0.8615,133.28,1.0899,1.5742,1.4758,10.0858,10.0823,1.6987
2021-06-16,1.2124,0.8583,133.19,1.0896,1.5719,1.4764,10.1283,10.1208,1.695
2021-06-17,1.1937,0.85525,132.09,1.0925,1.5763,1.4718,10.1905,10.1973,1.7025
2021-06-18,1.1898,0.85785,131.12,1.0941,1.5832,1.4721,10.233,10.2868,1.7069
2021-06-21,1.1891,0.8567,130.91,1.0954,1.5821,1.4758,10.2163,10.2673,1.7057
2021-06-22,1.1894,0.8556,131.5,1.0943,1.5818,1.4726,10.157,10.2198,1.7011
2021-06-23,1.1951,0.85435,132.44,1.0963,1.5762,1.4667,10.1288,10.1725,1.6945
2021-06-24,1.1936,0.85883,132.2,1.0967,1.5756,1.4678,10.1133,10.174,1.6903
2021-06-25,1.195,0.8595,132.27,1.0956,1.5726,1.4696,10.1103,10.136,1.6881
2021-06-28,1.191,0.8571,132.13,1.0969,1.5753,1.4687,10.1268,10.1763,1.6926
2021-06-29,1.1888,0.85948,131.54,1.0965,1.5811,1.4706,10.151,10.1893,1.7
2021-06-30,1.1884,0.85805,131.43,1.098,1.5853,1.4722,10.111,10.1717,1.7026
2021-07-01,1.1884,0.86033,132.42,1.0985,1.5836,1.4698,10.1738,10.2105,1.6965
2021-07-02,1.1823,0.86003,131.74,1.0945,1.5836,1.4677,10.1583,10.2375,1.6988
2021-07-05,1.1866,0.85665,131.58,1.0935,1.576,1.4669,10.1435,10.1778,1.6901
2021-07-06,1.1838,0.8545,130.99,1.093,1.5633,1.464,10.149,10.215,1.6703
2021-07-07,1.1831,0.855,130.86,1.0917,1.5711,1.4708,10.1813,10.2475,1.676
2021-07-08,1.1838,0.86133,129.91,1.0851,1.5957,1.4893,10.1908,10.4138,1.7048
2021-07-09,1.1858,0.85758,130.46,1.0852,1.5868,1.4817,10.1853,10.3355,1.6982
2021-07-12,1.1852,0.8557,130.55,1.0852,1.5888,1.4813,10.2008,10.328,1.7019
2021-07-13,1.1844,0.85518,130.55,1.0857,1.584,1.4782,10.1818,10.3085,1.6981
2021-07-14,1.1812,0.85158,130.3,1.084,1.5817,1.4732,10.205,10.332,1.6819
2021-07-15,1.1809,0.85188,129.93,1.0828,1.5876,1.4808,10.2335,10.3803,1.6888
2021-07-16,1.1802,0.85298,130.03,1.0853,1.5907,1.4856,10.2428,10.3878,1.6836
2021-07-19,1.1766,0.85913,128.96,1.084,1.6043,1.5028,10.2533,10.538,1.6986
2021-07-20,1.1775,0.86545,129.03,1.0838,1.6082,1.5023,10.2535,10.617,1.7049
2021-07-21,1.1772,0.86363,129.63,1.0848,1.6089,1.4932,10.2448,10.5808,1.7004
2021-07-22,1.1775,0.85563,129.83,1.0829,1.5959,1.4779,10.2245,10.3795,1.6906
2021-07-23,1.1767,0.85543,130.11,1.0838,1.5944,1.4788,10.2105,10.4065,1.6846
2021-07-26,1.1787,0.85468,130.05,1.0826,1.601,1.4804,10.205,10.427,1.6889
2021-07-27,1.181,0.85503,129.98,1.0806,1.6029,1.4839,10.165,10.4423,1.6956
2021-07-28,1.1807,0.85095,129.97,1.0802,1.6081,1.484,10.1963,10.4828,1.7013
2021-07-29,1.1873,0.8508,130.41,1.0788,1.6062,1.4808,10.1675,10.3993,1.6986
2021-07-30,1.1891,0.8514,130.39,1.0771,1.6133,1.4791,10.1868,10.4405,1.699
2021-08-02,1.1886,0.85568,130.17,1.0761,1.6141,1.4816,10.191,10.4515,1.7041
2021-08-03,1.1885,0.85355,129.7,1.0735,1.6086,1.4874,10.2045,10.4343,1.6953
2021-08-04,1.1861,0.85153,129.31,1.0729,1.6002,1.488,10.197,10.455,1.6784
2021-08-05,1.185,0.8506,129.79,1.0733,1.599,1.4817,10.1983,10.441,1.6759
2021-08-06,1.1807,0.8484,129.64,1.0724,1.5968,1.4763,10.1683,10.423,1.6737
2021-08-09,1.1761,0.84745,129.5,1.0786,1.6002,1.4747,10.2175,10.4885,1.6763
2021-08-10,1.1722,0.84568,129.48,1.0813,1.5965,1.4729,10.2145,10.468,1.6758
2021-08-11,1.1718,0.84698,129.68,1.0818,1.5958,1.4677,10.2305,10.4548,1.6704
2021-08-12,1.1739,0.84743,129.61,1.0824,1.5963,1.4694,10.1883,10.3755,1.6716
2021-08-13,1.1765,0.85093,129.64,1.0829,1.6006,1.4724,10.1993,10.3753,1.6776
2021-08-16,1.1772,0.84873,128.75,1.0758,1.6059,1.4782,10.2008,10.4048,1.6754
2021-08-17,1.1767,0.85323,128.57,1.0713,1.6138,1.4838,10.1948,10.3983,1.6983
2021-08-18,1.1723,0.85183,128.67,1.0726,1.617,1.4793,10.2233,10.422,1.698
2021-08-19,1.1696,0.85523,128.21,1.0723,1.6319,1.4919,10.2798,10.545,1.7101
2021-08-20,1.1671,0.8575,127.97,1.0711,1.6373,1.5069,10.3263,10.6,1.7108
2021-08-23,1.1718,0.85635,129.02,1.0744,1.6311,1.4911,10.2573,10.487,1.7063
2021-08-24,1.174,0.85578,128.74,1.0711,1.6203,1.4822,10.209,10.4003,1.6893
2021-08-25,1.1736,0.8559,129.0,1.0739,1.6191,1.4827,10.2248,10.3863,1.69
2021-08-26,1.1767,0.85718,129.6,1.0789,1.6206,1.4838,10.2413,10.3615,1.6882
2021-08-27,1.1761,0.85703,129.59,1.0796,1.622,1.4914,10.2345,10.3575,1.6927
2021-08-30,1.1801,0.85748,129.66,1.0798,1.6167,1.4867,10.1813,10.2395,1.6844
2021-08-31,1.1834,0.85875,129.95,1.0799,1.6156,1.4896,10.1625,10.26,1.676
2021-09-01,1.1817,0.85863,130.35,1.0845,1.6088,1.4879,10.1961,10.2633,1.6776
2021-09-02,1.1846,0.85915,130.31,1.0848,1.6038,1.4944,10.1939,10.2938,1.6702
2021-09-03,1.1872,0.8584,130.54,1.0863,1.5961,1.4879,10.1708,10.2738,1.6654
2021-09-06,1.1864,0.8571,130.34,1.0869,1.5952,1.4883,10.1658,10.2728,1.6612
2021-09-07,1.186,0.86115,130.51,1.0853,1.6044,1.4936,10.1515,10.299,1.6667
2021-09-08,1.1827,0.85873,130.31,1.0888,1.6027,1.4982,10.174,10.265,1.6633
2021-09-09,1.1838,0.85555,130.1,1.0861,1.6035,1.5002,10.1863,10.2648,1.6617
2021-09-10,1.1841,0.8526,130.03,1.0854,1.5986,1.4919,10.1843,10.2028,1.6554
2021-09-13,1.178,0.8512,129.62,1.0873,1.6015,1.4931,10.1853,10.1885,1.6575
2021-09-14,1.1814,0.8526,130.08,1.0887,1.6114,1.4951,10.1453,10.1745,1.6625
2021-09-15,1.1824,0.8551,129.11,1.0845,1.6153,1.5004,10.136,10.1418,1.6666
2021-09-16,1.1763,0.85025,128.67,1.0886,1.6077,1.4863,10.1518,10.1293,1.6548
2021-09-17,1.178,0.85363,129.61,1.0931,1.6111,1.4913,10.1553,10.1208,1.6658
2021-09-20,1.1711,0.85705,128.18,1.0883,1.6201,1.5056,10.2173,10.243,1.6694
2021-09-21,1.1738,0.85855,128.34,1.0845,1.62,1.4995,10.1763,10.1828,1.6707
2021-09-22,1.1729,0.86,128.5,1.082,1.6178,1.4997,10.1758,10.1268,1.6696
2021-09-23,1.1715,0.85495,128.88,1.0831,1.611,1.485,10.1398,10.086,1.6622
2021-09-24,1.1719,0.85703,129.49,1.083,1.6165,1.4895,10.138,10.089,1.6687
2021-09-27,1.1698,0.8542,129.74,1.085,1.6129,1.4812,10.1738,10.0655,1.6711
2021-09-28,1.1678,0.8595,130.17,1.084,1.6115,1.4776,10.1933,10.102,1.6781
2021-09-29,1.1654,0.86443,129.89,1.0829,1.6112,1.4793,10.183,10.143,1.6826
2021-09-30,1.1579,0.86053,129.67,1.083,1.6095,1.475,10.1683,10.165,1.6858
2021-10-01,1.16,0.85653,128.97,1.0791,1.5985,1.4698,10.1538,10.0204,1.6751
2021-10-04,1.1636,0.8553,129.21,1.0768,1.5957,1.4668,10.1435,9.977,1.6687
2021-10-05,1.1602,0.85173,128.99,1.0752,1.5937,1.4612,10.131,9.9155,1.665
2021-10-06,1.1542,0.8497,128.52,1.0715,1.5913,1.4575,10.1628,9.923,1.6728
2021-10-07,1.1562,0.85023,128.78,1.0712,1.5839,1.4545,10.1453,9.9388,1.6676
2021-10-08,1.1569,0.8489,129.32,1.0734,1.5837,1.4499,10.1138,9.8855,1.6686
2021-10-11,1.1574,0.84878,130.7,1.0722,1.5751,1.4431,10.1163,9.888,1.668
2021-10-12,1.1555,0.84755,131.06,1.0729,1.566,1.4395,10.1078,9.8608,1.6591
2021-10-13,1.1562,0.84898,131.3,1.0722,1.5722,1.4386,10.1195,9.8555,1.6647
2021-10-14,1.1602,0.84618,131.65,1.0686,1.5644,1.4361,10.0138,9.7928,1.6506
2021-10-15,1.1602,0.84368,132.65,1.0729,1.564,1.4342,10.0288,9.7625,1.6445
2021-10-18,1.1604,0.84438,132.46,1.0712,1.5707,1.4384,10.0375,9.7643,1.6436
2021-10-19,1.1655,0.84275,133.12,1.0716,1.5601,1.4389,10.03,9.734,1.6294
2021-10-20,1.1623,0.84503,132.78,1.0739,1.5528,1.4349,10.015,9.7435,1.6219
2021-10-21,1.1637,0.8429,132.85,1.069,1.5528,1.4359,10.0145,9.7065,1.6214
2021-10-22,1.163,0.8437,132.43,1.0668,1.551,1.4341,9.9748,9.7075,1.6257
2021-10-25,1.1603,0.8438,131.88,1.0666,1.5505,1.4347,10.0,9.7098,1.6235
2021-10-26,1.1618,0.84178,132.47,1.0684,1.5465,1.4361,9.9848,9.6828,1.6172
2021-10-27,1.1617,0.8453,132.0,1.067,1.5458,1.4414,9.9713,9.7368,1.6211
2021-10-28,1.1593,0.84373,131.7,1.0656,1.5411,1.4325,9.969,9.7468,1.6146
2021-10-29,1.1645,0.8449,132.62,1.0611,1.5455,1.4383,9.9368,9.7495,1.6255
2021-11-01,1.1578,0.84575,132.19,1.0562,1.54,1.4325,9.9135,9.7368,1.6097
2021-11-02,1.1603,0.84955,132.03,1.0594,1.5544,1.4389,9.8973,9.792,1.626
2021-11-03,1.1578,0.84823,131.9,1.0568,1.5574,1.4386,9.912,9.861,1.622
2021-11-04,1.1569,0.8535,131.77,1.0554,1.5602,1.4365,9.906,9.859,1.6235
2021-11-05,1.1519,0.85545,130.98,1.0559,1.5594,1.4341,9.9033,9.8878,1.6242
2021-11-08,1.1579,0.85478,131.29,1.0591,1.5621,1.4411,9.9588,9.8745,1.6151
2021-11-09,1.1577,0.8538,130.9,1.0592,1.5642,1.4397,9.8995,9.8555,1.6192
2021-11-10,1.1558,0.85548,130.9,1.0555,1.5697,1.4371,9.9645,9.8848,1.6285
2021-11-11,1.146,0.85538,130.59,1.0561,1.5699,1.4419,9.9648,9.9695,1.6318
2021-11-12,1.1448,0.85505,130.5,1.0568,1.569,1.4416,10.0085,9.9508,1.6293
2021-11-15,1.1444,0.85165,130.32,1.0533,1.5537,1.4334,10.007,9.9173,1.6174
2021-11-16,1.1368,0.84533,129.89,1.0528,1.549,1.4248,10.0293,9.8863,1.6186
2021-11-17,1.1316,0.8409,129.78,1.053,1.5521,1.4206,10.0303,9.8895,1.6162
2021-11-18,1.1345,0.84173,129.58,1.0511,1.558,1.4295,10.0555,9.9523,1.6106
2021-11-19,1.1271,0.83928,128.22,1.0462,1.5581,1.4254,10.096,10.0483,1.6098
2021-11-22,1.1278,0.83923,128.69,1.0454,1.5532,1.4257,10.128,10.0715,1.6095
2021-11-23,1.1259,0.84185,129.36,1.0492,1.5581,1.4324,10.133,10.071,1.6241
2021-11-24,1.1206,0.83935,129.06,1.0484,1.5549,1.4227,10.1905,10.026,1.6257
2021-11-25,1.1223,0.84295,129.41,1.048,1.5627,1.4223,10.176,10.0655,1.6394
2021-11-26,1.1291,0.8462,128.82,1.0446,1.5795,1.4397,10.26,10.1613,1.6538
2021-11-29,1.1276,0.84583,128.21,1.044,1.5782,1.4362,10.2903,10.214,1.6552
2021-11-30,1.1363,0.85173,128.2,1.043,1.5898,1.4518,10.286,10.2795,1.6644
2021-12-01,1.1314,0.85,128.27,1.0427,1.5849,1.4433,10.226,10.2195,1.6548
2021-12-02,1.1339,0.85135,127.94,1.0414,1.5975,1.4526,10.2658,10.2962,1.6662
2021-12-03,1.1291,0.85048,127.97,1.0387,1.5999,1.4471,10.3185,10.2875,1.6634
2021-12-06,1.1287,0.85128,127.78,1.0416,1.6034,1.4437,10.2688,10.2943,1.6703
2021-12-07,1.1256,0.84933,127.83,1.0414,1.5836,1.4258,10.2573,10.19,1.6607
2021-12-08,1.1299,0.85603,128.57,1.0432,1.5841,1.4281,10.2513,10.096,1.6659
2021-12-09,1.1311,0.8574,128.21,1.0446,1.584,1.4363,10.257,10.155,1.6672
2021-12-10,1.1273,0.85355,128.2,1.0424,1.5765,1.434,10.2463,10.1335,1.6635
2021-12-13,1.1278,0.85158,128.19,1.0418,1.5795,1.4388,10.231,10.1598,1.6651
2021-12-14,1.1309,0.85345,128.45,1.0404,1.5866,1.449,10.281,10.2475,1.6723
2021-12-15,1.1262,0.8498,128.25,1.0416,1.5763,1.4496,10.2565,10.2278,1.6689
2021-12-16,1.1336,0.84835,129.37,1.0457,1.5714,1.4484,10.2465,10.1458,1.661
2021-12-17,1.133,0.85208,128.28,1.0409,1.5815,1.4527,10.2753,10.1783,1.6738
2021-12-20,1.1273,0.85205,127.98,1.0408,1.5855,1.4569,10.301,10.1915,1.6778
2021-12-21,1.1295,0.8528,128.44,1.0417,1.584,1.4599,10.3315,10.1488,1.6726
2021-12-22,1.1301,0.849,129.08,1.0432,1.5758,1.4589,10.2906,10.0613,1.6674
2021-12-23,1.131,0.84228,129.39,1.0413,1.5639,1.451,10.3035,10.0113,1.6609
2021-12-24,1.1317,0.84389,129.45,1.0402,1.5645,1.4502,10.33,10.0043,1.6589
2021-12-27,1.1312,0.8433,129.79,1.0396,1.5685,1.4529,10.325,10.0405,1.666
2021-12-28,1.1331,0.84248,130.16,1.0381,1.5603,1.4487,10.2528,9.9728,1.6602
2021-12-29,1.1303,0.84115,129.97,1.038,1.5638,1.4486,10.2608,9.9883,1.6625
2021-12-30,1.1334,0.8393,130.44,1.0363,1.5594,1.4481,10.2438,9.9703,1.6545
2021-12-31,1.1326,0.84028,130.38,1.0331,1.5615,1.4393,10.2503,9.9888,1.6579
2022-01-03,1.1355,0.84135,130.56,1.0372,1.5691,1.442,10.2958,10.0013,1.6651
2022-01-04,1.1279,0.83618,131.17,1.0355,1.5682,1.4382,10.2808,10.0138,1.6668
2022-01-05,1.1319,0.83546,131.03,1.0364,1.56,1.4399,10.2545,9.9672,1.6597
2022-01-06,1.1315,0.83593,131.05,1.0395,1.5778,1.4451,10.3265,10.035,1.6752
2022-01-07,1.1298,0.8343,130.9,1.0422,1.5804,1.4374,10.2839,10.0288,1.6748
2022-01-10,1.1318,0.83398,130.45,1.0446,1.5774,1.4327,10.3038,10.0253,1.6753
2022-01-11,1.1336,0.83475,130.95,1.0502,1.5804,1.4329,10.3075,10.0165,1.6772
2022-01-12,1.137,0.83338,131.19,1.0486,1.5762,1.4261,10.264,9.927,1.6775
2022-01-13,1.1463,0.83545,130.98,1.0453,1.5709,1.4304,10.238,9.9333,1.6676
2022-01-14,1.1447,0.83508,130.17,1.0429,1.5803,1.433,10.2684,9.9863,1.6745
2022-01-17,1.1403,0.83573,130.64,1.0429,1.5811,1.4287,10.305,9.9623,1.6765
2022-01-18,1.1367,0.83673,130.39,1.0414,1.5833,1.4228,10.3185,9.9638,1.6798
2022-01-19,1.1345,0.83168,129.86,1.0383,1.5709,1.4144,10.3428,9.9368,1.6684
2022-01-20,1.1338,0.83265,129.53,1.0382,1.5662,1.4158,10.3708,9.9578,1.6731
2022-01-21,1.1348,0.83633,129.14,1.0353,1.5774,1.4211,10.414,10.0523,1.6884
2022-01-24,1.1304,0.83803,128.62,1.0308,1.5866,1.4269,10.5038,10.1638,1.6901
2022-01-25,1.1268,0.83713,128.49,1.0364,1.5814,1.4247,10.502,10.1385,1.6911
2022-01-26,1.1277,0.83458,128.86,1.0386,1.5727,1.4173,10.4493,10.0115,1.6865
2022-01-27,1.116,0.83368,128.74,1.0391,1.5771,1.4161,10.445,9.9903,1.6872
2022-01-28,1.1138,0.83178,128.68,1.0378,1.5971,1.4239,10.552,10.026,1.7031
2022-01-31,1.1156,0.83153,128.79,1.0404,1.582,1.4233,10.489,10.0085,1.6983
2022-02-01,1.126,0.83498,129.12,1.0374,1.5868,1.4299,10.4438,9.9638,1.7032
2022-02-02,1.1323,0.83395,129.37,1.0399,1.5828,1.433,10.385,9.9228,1.701
2022-02-03,1.1286,0.83208,129.63,1.0407,1.5849,1.4334,10.387,9.9545,1.7001
2022-02-04,1.1464,0.84593,131.72,1.0567,1.6165,1.4583,10.4465,10.0483,1.7287
2022-02-07,1.1447,0.84685,131.59,1.0571,1.6097,1.4546,10.4483,10.0658,1.7278
2022-02-08,1.1408,0.84363,131.68,1.0545,1.6025,1.4505,10.4433,10.0758,1.7196
2022-02-09,1.1435,0.84255,132.04,1.0555,1.5933,1.4514,10.4075,10.0585,1.7107
2022-02-10,1.1439,0.84248,132.42,1.0571,1.5894,1.4498,10.5275,10.0693,1.7076
2022-02-11,1.1417,0.83958,132.24,1.0557,1.5927,1.4498,10.553,10.0732,1.7085
2022-02-14,1.1316,0.8372,130.6,1.0472,1.5902,1.4431,10.6158,10.0693,1.7112
2022-02-15,1.1345,0.83765,131.18,1.0483,1.5888,1.4433,10.5739,10.0893,1.7143
2022-02-16,1.1372,0.8394,131.56,1.0516,1.5859,1.4416,10.5363,10.1095,1.7108
2022-02-17,1.137,0.83493,130.84,1.0466,1.5786,1.4439,10.593,10.1225,1.695
2022-02-18,1.1354,0.83425,130.59,1.0452,1.5754,1.4424,10.5796,10.1465,1.6896
2022-02-21,1.1338,0.83298,130.2,1.0387,1.5751,1.4454,10.6535,10.1738,1.687
2022-02-22,1.1342,0.83685,130.54,1.0422,1.5739,1.4441,10.5996,10.1018,1.6848
2022-02-23,1.1344,0.83463,130.58,1.0431,1.5592,1.4394,10.5658,10.0335,1.6679
2022-02-24,1.1163,0.83463,128.28,1.032,1.5593,1.4316,10.7338,10.0878,1.6692
2022-02-25,1.1216,0.8374,129.64,1.0398,1.5541,1.4325,10.5848,9.9756,1.6651
2022-02-28,1.1199,0.8355,129.31,1.0336,1.5508,1.4264,10.6055,9.9465,1.6628
2022-03-01,1.1162,0.8329,128.15,1.0247,1.5365,1.4158,10.6893,9.8598,1.6484
2022-03-02,1.1106,0.83316,128.08,1.0216,1.5272,1.4088,10.788,9.8826,1.6404
2022-03-03,1.1076,0.82773,128.18,1.0192,1.5139,1.3992,10.7688,9.8418,1.6329
2022-03-04,1.0929,0.82388,126.17,1.0056,1.4872,1.3937,10.7935,9.8358,1.6005
2022-03-07,1.0895,0.82625,125.55,1.0069,1.4751,1.3864,10.8573,9.8325,1.5861
2022-03-08,1.0892,0.83185,126.03,1.0111,1.4971,1.3978,10.8803,9.7925,1.5958
2022-03-09,1.0993,0.8357,127.31,1.0198,1.4991,1.4108,10.734,9.798,1.6055
2022-03-10,1.1084,0.84175,128.54,1.027,1.5109,1.4189,10.7073,9.919,1.6185
2022-03-11,1.099,0.8397,128.46,1.023,1.5017,1.4024,10.646,9.8033,1.6053
2022-03-14,1.096,0.83915,129.3,1.0249,1.5137,1.3978,10.5368,9.8588,1.613
2022-03-15,1.0991,0.84053,129.67,1.0322,1.5234,1.4099,10.526,9.849,1.6216
2022-03-16,1.0994,0.83988,130.05,1.0336,1.5165,1.3967,10.4205,9.7988,1.6168
2022-03-17,1.1051,0.84315,131.27,1.0385,1.5055,1.3998,10.4503,9.78,1.613
2022-03-18,1.1008,0.83925,131.4,1.0314,1.4945,1.3911,10.4303,9.694,1.6026
2022-03-21,1.1038,0.83775,131.57,1.0278,1.4897,1.3898,10.4088,9.6575,1.5997
2022-03-22,1.1024,0.83228,132.96,1.0275,1.4802,1.3867,10.3822,9.6233,1.586
2022-03-23,1.0985,0.8328,132.65,1.0269,1.4728,1.384,10.4005,9.6425,1.5822
2022-03-24,1.0978,0.83288,133.71,1.0225,1.4668,1.3806,10.3555,9.4923,1.5812
2022-03-25,1.1002,0.8338,134.07,1.0207,1.4624,1.3781,10.3505,9.5205,1.5787
2022-03-28,1.0966,0.83643,135.93,1.0257,1.459,1.3702,10.4225,9.5123,1.5838
2022-03-29,1.1085,0.8444,136.66,1.0362,1.4795,1.387,10.329,9.5995,1.6054
2022-03-30,1.1126,0.84563,135.47,1.0309,1.4809,1.3891,10.3498,9.6398,1.5947
2022-03-31,1.1101,0.84595,135.17,1.0267,1.4829,1.3896,10.337,9.711,1.6014
2022-04-01,1.1052,0.84145,135.35,1.0217,1.4696,1.3805,10.332,9.6628,1.5911
2022-04-04,1.1005,0.8389,135.08,1.0203,1.4651,1.3749,10.3849,9.5489,1.586
2022-04-05,1.0969,0.8349,134.76,1.0141,1.4374,1.3647,10.2593,9.5398,1.5657
2022-04-06,1.0923,0.83473,135.3,1.0187,1.4431,1.3647,10.2855,9.5523,1.5718
2022-04-07,1.0916,0.8345,135.32,1.0185,1.4578,1.3704,10.313,9.5595,1.5816
2022-04-08,1.0861,0.83355,134.87,1.0155,1.4552,1.3675,10.2768,9.508,1.5849
2022-04-11,1.09,0.83693,137.01,1.018,1.4654,1.3738,10.3128,9.5478,1.5938
2022-04-12,1.0861,0.83455,136.29,1.0131,1.4599,1.3724,10.332,9.5395,1.5874
2022-04-13,1.0826,0.8328,136.26,1.0116,1.4603,1.37,10.3323,9.5693,1.5991
2022-04-14,1.0878,0.82908,136.32,1.0189,1.4612,1.3663,10.3008,9.5313,1.5957
2022-04-19,1.0803,0.82955,138.4,1.0208,1.4663,1.3631,10.3408,9.5228,1.6016
2022-04-20,1.083,0.82965,138.53,1.0254,1.4581,1.3579,10.23,9.5443,1.595
2022-04-21,1.0887,0.83523,139.61,1.0335,1.4653,1.36,10.2553,9.5788,1.6053
2022-04-22,1.0817,0.83925,138.83,1.0336,1.4816,1.3714,10.278,9.6255,1.6193
2022-04-25,1.0746,0.8433,137.73,1.0267,1.4972,1.3709,10.3476,9.7018,1.624
2022-04-26,1.0674,0.84135,136.15,1.0229,1.4828,1.3613,10.3935,9.7943,1.6102
2022-04-27,1.0583,0.84215,135.57,1.0229,1.4828,1.3572,10.4035,9.7838,1.6118
2022-04-28,1.0485,0.8435,137.13,1.0216,1.4814,1.3498,10.3594,9.899,1.6221
2022-04-29,1.054,0.83908,137.01,1.0229,1.4699,1.3426,10.2958,9.7525,1.6119
2022-05-02,1.0524,0.8381,136.63,1.0253,1.4913,1.356,10.4035,9.9248,1.6362
2022-05-03,1.0556,0.8413,137.06,1.0272,1.4825,1.357,10.3978,9.909,1.6366
2022-05-04,1.0531,0.84194,136.84,1.0324,1.478,1.3498,10.3968,9.9042,1.6333
2022-05-05,1.0568,0.8519,137.18,1.0355,1.4669,1.3483,10.3748,9.8463,1.6273
2022-05-06,1.057,0.85625,137.9,1.0419,1.4888,1.356,10.4686,9.9808,1.644
2022-05-09,1.0559,0.85235,138.1,1.0462,1.5048,1.3656,10.5818,10.0583,1.6584
2022-05-10,1.0554,0.85595,137.38,1.0479,1.5162,1.3707,10.6075,10.2315,1.6707
2022-05-11,1.0553,0.85393,137.07,1.0446,1.5055,1.3685,10.526,10.1793,1.6645
2022-05-12,1.0408,0.85293,133.85,1.0377,1.5163,1.3569,10.5648,10.2898,1.6692
2022-05-13,1.0385,0.85115,133.91,1.0385,1.5067,1.3505,10.4905,10.2043,1.6633
2022-05-16,1.0422,0.85045,135.01,1.0479,1.5057,1.3473,10.4978,10.2188,1.6601
2022-05-17,1.0541,0.844,136.32,1.0457,1.4993,1.3517,10.4393,10.178,1.6561
2022-05-18,1.0523,0.8467,135.76,1.0486,1.498,1.3488,10.4675,10.2125,1.6548
2022-05-19,1.0525,0.84728,134.46,1.0265,1.5036,1.349,10.5098,10.3102,1.6551
2022-05-20,1.0577,0.8482,135.34,1.028,1.498,1.3526,10.4915,10.262,1.6518
2022-05-23,1.0659,0.84783,136.05,1.031,1.4982,1.3626,10.4918,10.252,1.6463
2022-05-24,1.072,0.8575,136.49,1.0334,1.5152,1.3714,10.5013,10.289,1.6656
2022-05-25,1.0656,0.85295,135.34,1.0269,1.5126,1.372,10.5419,10.2704,1.6539
2022-05-26,1.0697,0.85073,135.95,1.0283,1.511,1.3715,10.5983,10.2715,1.6541
2022-05-27,1.0722,0.84875,136.05,1.0258,1.4995,1.3661,10.5293,10.179,1.6426
2022-05-30,1.0764,0.8515,137.25,1.0327,1.4982,1.3647,10.518,10.1256,1.6439
2022-05-31,1.0713,0.85138,137.36,1.0281,1.4933,1.3573,10.5053,10.0983,1.6459
2022-06-01,1.0712,0.85158,138.68,1.0305,1.4861,1.3536,10.4758,10.0438,1.6442
2022-06-02,1.0692,0.85195,138.72,1.0264,1.4829,1.352,10.4705,10.0845,1.6413
2022-06-03,1.073,0.8542,139.59,1.0296,1.4805,1.3484,10.4589,10.103,1.6409
2022-06-06,1.0726,0.85415,140.16,1.032,1.4842,1.3463,10.452,10.0853,1.6428
2022-06-07,1.0662,0.85365,141.66,1.0423,1.4884,1.3437,10.5039,10.1843,1.6582
2022-06-08,1.0739,0.85575,143.92,1.0486,1.4917,1.3467,10.4938,10.1395,1.6644
2022-06-09,1.0743,0.85653,143.93,1.0495,1.4985,1.3506,10.5045,10.1818,1.6673
2022-06-10,1.0578,0.85048,141.69,1.0404,1.4845,1.3484,10.5255,10.1495,1.6482
2022-06-13,1.0455,0.8585,140.51,1.0375,1.4998,1.3435,10.616,10.3222,1.6635
2022-06-14,1.0452,0.86578,140.62,1.0394,1.5174,1.3522,10.622,10.3945,1.6755
2022-06-15,1.0431,0.86328,140.49,1.0435,1.5051,1.3498,10.6278,10.3868,1.6706
2022-06-16,1.04,0.8555,138.24,1.0142,1.4939,1.3446,10.6942,10.4588,1.6608
2022-06-17,1.0486,0.855,141.21,1.0105,1.5039,1.3631,10.6748,10.4525,1.6601
2022-06-20,1.0517,0.85748,141.94,1.0162,1.5061,1.3662,10.6375,10.4085,1.6549
2022-06-21,1.055,0.8601,143.75,1.0214,1.5177,1.366,10.646,10.3283,1.6675
2022-06-22,1.0521,0.85885,143.11,1.0153,1.5254,1.366,10.6688,10.5045,1.6835
2022-06-23,1.0493,0.85818,142.11,1.013,1.5212,1.36,10.705,10.475,1.6713
2022-06-24,1.0524,0.85773,142.19,1.0072,1.5248,1.3657,10.694,10.4345,1.6731
2022-06-27,1.0572,0.862,143.25,1.0143,1.5278,1.3639,10.6713,10.408,1.6801
2022-06-28,1.0561,0.8635,143.67,1.0101,1.521,1.3565,10.6543,10.337,1.6822
2022-06-29,1.0517,0.86461,143.53,1.0005,1.5256,1.3513,10.6848,10.3065,1.6871
2022-06-30,1.0387,0.8582,141.54,0.996,1.5099,1.3425,10.73,10.3485,1.6705
2022-07-01,1.0425,0.86648,141.05,1.0027,1.5382,1.3492,10.7783,10.3651,1.6929
2022-07-04,1.0455,0.8596,141.51,1.0037,1.5205,1.3435,10.7658,10.2958,1.6748
2022-07-05,1.029,0.85845,139.77,0.9932,1.518,1.3364,10.8031,10.285,1.6772
2022-07-06,1.0177,0.85676,137.71,0.9896,1.4961,1.3274,10.745,10.2803,1.6505
2022-07-07,1.018,0.85105,138.11,0.9906,1.4883,1.3227,10.723,10.291,1.6461
2022-07-08,1.0163,0.84585,138.05,0.9913,1.4871,1.3201,10.6665,10.263,1.6464
2022-07-11,1.0098,0.8454,138.77,0.9908,1.491,1.314,10.6943,10.299,1.6466
2022-07-12,1.0042,0.84823,137.31,0.9883,1.49,1.3094,10.629,10.2754,1.6395
2022-07-13,1.0067,0.84371,138.02,0.9829,1.4802,1.3073,10.602,10.2428,1.635
2022-07-14,1.0005,0.8456,139.04,0.9841,1.4893,1.3162,10.6019,10.2536,1.6437
2022-07-15,1.0059,0.84988,139.49,0.9849,1.4886,1.3147,10.5943,10.2763,1.6377
2022-07-18,1.0131,0.84708,140.16,0.9911,1.4839,1.3151,10.5265,10.2553,1.6432
2022-07-19,1.0245,0.85303,141.01,0.9918,1.4869,1.3264,10.4964,10.176,1.6456
2022-07-20,1.0199,0.85178,140.92,0.9896,1.4767,1.3132,10.4606,10.1323,1.6308
2022-07-21,1.0199,0.85545,141.46,0.9924,1.4848,1.3178,10.426,10.175,1.6479
2022-07-22,1.019,0.85141,139.51,0.9832,1.4677,1.3105,10.4328,10.1498,1.6265
2022-07-25,1.0236,0.84813,139.84,0.9869,1.4707,1.3168,10.3973,10.0704,1.6325
2022-07-26,1.0124,0.84558,138.35,0.9765,1.4605,1.3035,10.4445,10.0105,1.6235
2022-07-27,1.0152,0.84138,138.89,0.9768,1.462,1.3049,10.4545,9.9558,1.6306
2022-07-28,1.0122,0.83586,137.26,0.9745,1.4535,1.2986,10.449,9.8983,1.6172
2022-07-29,1.0198,0.8399,136.42,0.9744,1.4646,1.31,10.3875,9.8773,1.6283
2022-08-01,1.0233,0.837,135.38,0.9717,1.4535,1.3076,10.3668,9.8638,1.616
2022-08-02,1.0224,0.83665,133.9,0.9744,1.4745,1.315,10.3995,9.9305,1.6254
2022-08-03,1.0194,0.83629,136.18,0.9773,1.4681,1.3085,10.3913,9.8743,1.6266
2022-08-04,1.0181,0.84231,135.81,0.9765,1.4607,1.307,10.374,9.9065,1.6172
2022-08-05,1.0233,0.84268,136.22,0.9776,1.4713,1.3185,10.3573,9.982,1.6248
2022-08-08,1.0199,0.84165,137.62,0.9763,1.4607,1.3134,10.365,9.9405,1.6202
2022-08-09,1.0234,0.8452,138.26,0.9763,1.4687,1.3163,10.3875,9.9365,1.6304
2022-08-10,1.0252,0.84608,138.16,0.9713,1.4682,1.3207,10.3773,9.9118,1.6211
2022-08-11,1.0338,0.84575,136.57,0.9712,1.4532,1.3202,10.36,9.804,1.6045
2022-08-12,1.0285,0.84715,137.47,0.9689,1.4496,1.3148,10.4515,9.813,1.5985
2022-08-15,1.0195,0.84375,135.61,0.9631,1.4508,1.3167,10.498,9.871,1.6002
2022-08-16,1.0131,0.84218,136.11,0.9625,1.4463,1.3076,10.5365,9.8428,1.6012
2022-08-17,1.0164,0.84208,137.36,0.9686,1.4655,1.3117,10.5617,9.8428,1.6165
2022-08-18,1.0178,0.84391,137.17,0.9683,1.4617,1.3118,10.5903,9.8283,1.6145
2022-08-19,1.0054,0.84938,137.67,0.9616,1.4584,1.3062,10.6095,9.8418,1.6203
2022-08-22,1.0001,0.84658,137.08,0.958,1.4478,1.2989,10.65,9.7719,1.6125
2022-08-23,0.9927,0.84343,136.34,0.9602,1.4437,1.2928,10.6063,9.7438,1.6071
2022-08-24,0.9934,0.84283,135.74,0.9576,1.4389,1.2908,10.586,9.636,1.6065
2022-08-25,0.997,0.84293,136.07,0.9616,1.4306,1.2881,10.5525,9.64,1.6006
2022-08-26,1.0007,0.8459,137.02,0.9642,1.4333,1.2944,10.5703,9.667,1.6112
2022-08-29,0.9986,0.8542,138.49,0.967,1.4529,1.3026,10.628,9.7675,1.6305
2022-08-30,1.0034,0.85645,138.71,0.9741,1.4472,1.3047,10.65,9.7553,1.6245
2022-08-31,1.0,0.86035,138.72,0.9796,1.4591,1.3111,10.6788,9.9388,1.6322
2022-09-01,1.0004,0.86473,139.34,0.9802,1.4651,1.3169,10.7415,10.013,1.6389
2022-09-02,0.9993,0.86478,140.36,0.9839,1.4671,1.3131,10.7498,10.0035,1.6394
2022-09-05,0.992,0.86358,139.47,0.9747,1.4616,1.3043,10.729,9.9188,1.6289
2022-09-06,0.9928,0.85743,140.91,0.9745,1.4651,1.3029,10.6825,9.8945,1.6313
2022-09-07,0.9885,0.8651,143.2,0.975,1.4748,1.3037,10.6888,9.9483,1.6459
2022-09-08,1.0009,0.86656,143.65,0.9739,1.4824,1.3134,10.7075,10.0615,1.6491
2022-09-09,1.0049,0.8686,143.3,0.9657,1.4704,1.307,10.6643,9.9836,1.6463
2022-09-12,1.0155,0.86778,144.49,0.9667,1.4749,1.3194,10.6368,9.9718,1.6499
2022-09-13,1.0175,0.86793,144.5,0.9669,1.4736,1.32,10.6108,9.9988,1.6555
2022-09-14,0.999,0.86498,143.08,0.9612,1.4873,1.3177,10.675,10.1125,1.6675
2022-09-15,0.9992,0.86934,143.43,0.9572,1.4853,1.3172,10.69,10.1203,1.6689
2022-09-16,0.9954,0.874,142.53,0.9579,1.4894,1.3226,10.7541,10.1985,1.6717
2022-09-19,0.999,0.87785,143.42,0.9658,1.495,1.3294,10.7993,10.2826,1.6807
2022-09-20,0.9986,0.87395,143.34,0.9644,1.4893,1.3268,10.8338,10.273,1.6908
2022-09-21,0.9906,0.87335,142.66,0.9549,1.4851,1.3262,10.9214,10.2858,1.6844
2022-09-22,0.9884,0.87256,139.18,0.9684,1.484,1.3278,10.8724,10.235,1.6832
2022-09-23,0.9754,0.88201,139.43,0.9565,1.4828,1.3177,10.9328,10.2335,1.6846
2022-09-26,0.9646,0.89404,139.07,0.9555,1.4858,1.3195,10.9275,10.3585,1.6886
2022-09-27,0.9644,0.89275,139.28,0.9503,1.4859,1.3196,10.8533,10.3473,1.6921
2022-09-28,0.9565,0.90268,138.39,0.9437,1.4924,1.3157,10.9194,10.4576,1.6998
2022-09-29,0.9706,0.89485,140.46,0.9538,1.4982,1.3294,10.958,10.4518,1.704
2022-09-30,0.9748,0.883,141.01,0.9561,1.5076,1.3401,10.8993,10.5838,1.7177
2022-10-03,0.9764,0.8707,141.49,0.9658,1.5128,1.3412,10.8743,10.5655,1.7263
2022-10-04,0.9891,0.87273,143.3,0.9767,1.5318,1.3503,10.8166,10.4915,1.7368
2022-10-05,0.9915,0.8734,143.18,0.9756,1.538,1.3493,10.8376,10.4858,1.7419
2022-10-06,0.986,0.87583,142.68,0.9709,1.5263,1.3475,10.8728,10.4278,1.728
2022-10-07,0.9797,0.87383,141.92,0.97,1.5266,1.3437,10.8555,10.4498,1.7328
2022-10-10,0.9697,0.8773,141.16,0.968,1.536,1.3312,10.9502,10.3378,1.7369
2022-10-11,0.9723,0.87703,141.54,0.9675,1.545,1.3402,11.0015,10.4235,1.7323
2022-10-12,0.9706,0.8784,142.34,0.9664,1.5525,1.3395,11.02,10.4145,1.7372
2022-10-13,0.9739,0.86513,142.94,0.9725,1.5495,1.3443,11.0098,10.3525,1.7314
2022-10-14,0.9717,0.86823,143.63,0.9757,1.5493,1.3426,11.0035,10.3323,1.7302
2022-10-17,0.9739,0.8625,145.0,0.9762,1.5599,1.3452,10.9893,10.342,1.7404
2022-10-18,0.9835,0.86928,146.65,0.9792,1.5557,1.3495,10.906,10.3528,1.7251
2022-10-19,0.9778,0.86993,146.34,0.981,1.5568,1.3479,10.9448,10.3823,1.7264
2022-10-20,0.9811,0.87258,146.99,0.9836,1.5554,1.3461,10.982,10.402,1.7206
2022-10-21,0.973,0.87728,147.59,0.9855,1.5646,1.3465,11.0868,10.4315,1.7347
2022-10-24,0.9851,0.8707,146.76,0.9856,1.5631,1.3502,11.0795,10.392,1.7343
2022-10-25,0.9861,0.87143,146.84,0.9888,1.5599,1.3537,10.9728,10.391,1.7321
2022-10-26,1.0023,0.86603,147.32,0.9917,1.5466,1.3568,10.953,10.3408,1.7249
2022-10-27,1.0037,0.86745,147.37,0.9949,1.561,1.3672,10.9583,10.342,1.7316
2022-10-28,0.9951,0.8612,146.79,0.992,1.5511,1.3542,10.9403,10.2695,1.7151
2022-10-31,0.9914,0.86115,147.4,0.9925,1.5529,1.3553,10.901,10.3028,1.7099
2022-11-01,0.9947,0.86058,146.35,0.9878,1.5409,1.3469,10.874,10.1835,1.6876
2022-11-02,0.9908,0.861,145.75,0.9861,1.5426,1.347,10.9065,10.2388,1.6844
2022-11-03,0.9753,0.87228,144.58,0.9889,1.5517,1.3452,10.932,10.3543,1.6957
2022-11-04,0.9872,0.87478,145.19,0.9863,1.5311,1.3351,10.8538,10.2019,1.6769
2022-11-07,0.9993,0.87135,146.18,0.9874,1.5428,1.3464,10.832,10.2555,1.6834
2022-11-08,0.9996,0.87378,146.25,0.9911,1.5435,1.3489,10.8373,10.2795,1.686
2022-11-09,1.0039,0.87774,146.82,0.988,1.5538,1.3501,10.845,10.322,1.7033
2022-11-10,0.9954,0.87298,145.47,0.9834,1.5525,1.3467,10.8743,10.3615,1.6984
2022-11-11,1.0308,0.87538,143.89,0.9844,1.5459,1.3698,10.7241,10.2635,1.702
2022-11-14,1.0319,0.87513,144.86,0.9751,1.5427,1.3706,10.7713,10.3143,1.6957
2022-11-15,1.0404,0.87455,144.84,0.979,1.5415,1.3816,10.8081,10.357,1.6897
2022-11-16,1.0412,0.87483,145.29,0.9795,1.54,1.3801,10.8754,10.3675,1.6897
2022-11-17,1.0319,0.87475,144.8,0.9818,1.5526,1.382,10.9871,10.498,1.6986
2022-11-18,1.0366,0.87063,145.12,0.9881,1.5433,1.3841,10.9805,10.486,1.6757
2022-11-21,1.0246,0.86793,145.33,0.9817,1.5471,1.377,10.9873,10.4898,1.6766
2022-11-22,1.0274,0.86358,145.2,0.9791,1.5473,1.3765,10.9653,10.4445,1.6707
2022-11-23,1.0325,0.86369,145.75,0.9795,1.5522,1.3856,10.8933,10.3659,1.6718
2022-11-24,1.0413,0.85933,143.9,0.9818,1.5414,1.3894,10.8573,10.3435,1.6598
2022-11-25,1.0375,0.85885,144.62,0.9836,1.5404,1.3864,10.8183,10.2985,1.6651
2022-11-28,1.0463,0.86606,144.9,0.9872,1.5632,1.4062,10.8973,10.364,1.6827
2022-11-29,1.0366,0.86218,143.36,0.9862,1.5414,1.4005,10.901,10.3313,1.6639
2022-11-30,1.0376,0.86488,144.28,0.9854,1.5425,1.4021,10.9345,10.2648,1.6634
2022-12-01,1.0454,0.85715,142.48,0.9868,1.5377,1.4059,10.8984,10.2495,1.6446
2022-12-02,1.0538,0.85855,141.32,0.9834,1.5457,1.416,10.902,10.2615,1.6453
2022-12-05,1.0587,0.86085,143.07,0.9893,1.5542,1.4198,10.8931,10.3366,1.6498
2022-12-06,1.0516,0.8617,143.33,0.9872,1.5625,1.4326,10.889,10.4408,1.6583
2022-12-07,1.0529,0.86408,144.44,0.9893,1.5728,1.4387,10.919,10.5255,1.6573
2022-12-08,1.0519,0.86258,143.75,0.9889,1.559,1.4307,10.906,10.488,1.6547
2022-12-09,1.0559,0.8595,143.3,0.9856,1.5553,1.438,10.9188,10.5345,1.6482
2022-12-12,1.0562,0.86006,144.86,0.9855,1.5625,1.4428,10.9075,10.5548,1.6523
2022-12-13,1.0545,0.85753,144.85,0.9869,1.5553,1.4341,10.8965,10.4679,1.6464
2022-12-14,1.0649,0.86118,143.68,0.9865,1.551,1.4441,10.8638,10.362,1.6508
2022-12-15,1.0621,0.86194,145.07,0.9862,1.5695,1.4443,10.898,10.4013,1.6628
2022-12-16,1.0619,0.87233,145.53,0.9879,1.5866,1.4506,11.0153,10.4833,1.6687
2022-12-19,1.0598,0.87118,144.65,0.9884,1.5794,1.4472,11.0063,10.5025,1.6632
2022-12-20,1.0599,0.8753,140.58,0.9854,1.5972,1.4451,11.0615,10.5098,1.6816
2022-12-21,1.0636,0.87651,140.29,0.9836,1.5859,1.4475,11.0623,10.4309,1.685
2022-12-22,1.0633,0.88243,140.42,0.9852,1.5804,1.4484,11.05,10.4123,1.6918
2022-12-23,1.0622,0.8803,140.86,0.9867,1.5857,1.4433,11.1045,10.4448,1.6887
2022-12-27,1.0624,0.88333,141.68,0.9885,1.577,1.4384,11.1285,10.4895,1.6916
2022-12-28,1.064,0.88058,142.21,0.9863,1.566,1.4361,11.1038,10.4495,1.6772
2022-12-29,1.0649,0.88549,142.24,0.984,1.5859,1.4475,11.158,10.55,1.6887
2022-12-30,1.0666,0.88693,140.66,0.9847,1.5693,1.444,11.1218,10.5138,1.6798
2023-01-02,1.0683,0.8863,139.62,0.9873,1.5699,1.4506,11.1663,10.5135,1.6886
2023-01-03,1.0545,0.88048,137.93,0.9879,1.5708,1.4414,11.143,10.528,1.6932
2023-01-04,1.0599,0.88076,138.74,0.9843,1.5452,1.4363,11.1653,10.738,1.6775
2023-01-05,1.0601,0.88303,140.95,0.9839,1.5515,1.4316,11.1848,10.7248,1.6832
2023-01-06,1.05,0.88475,141.3,0.9864,1.559,1.4331,11.258,10.807,1.6889
2023-01-09,1.0696,0.88048,141.35,0.9865,1.5446,1.4299,11.196,10.6108,1.6741
2023-01-10,1.0723,0.8833,141.92,0.9908,1.5616,1.4382,11.1963,10.6785,1.6879
2023-01-11,1.0747,0.88673,142.61,0.9967,1.5588,1.4429,11.2783,10.738,1.6912
2023-01-12,1.0772,0.8869,140.61,1.0056,1.557,1.4439,11.273,10.7228,1.6937
2023-01-13,1.0814,0.888,139.02,1.0051,1.5586,1.4494,11.2528,10.6945,1.7014
2023-01-16,1.0812,0.88758,138.92,1.0026,1.5537,1.4486,11.2725,10.6945,1.6945
2023-01-17,1.0843,0.88595,139.5,0.9998,1.5611,1.4547,11.285,10.7463,1.6957
2023-01-18,1.0839,0.8753,139.79,0.9906,1.5413,1.4505,11.1735,10.6553,1.6683
2023-01-19,1.0815,0.87648,139.02,0.9921,1.5726,1.4603,11.1533,10.746,1.6978
2023-01-20,1.0826,0.876,140.86,0.9962,1.5619,1.4583,11.1655,10.7135,1.6852
2023-01-23,1.0871,0.8797,141.65,1.0013,1.5529,1.4523,11.1183,10.6835,1.6778
2023-01-24,1.0858,0.88368,141.47,1.0053,1.547,1.4517,11.0995,10.7193,1.6743
2023-01-25,1.0878,0.88248,141.17,1.002,1.536,1.4544,11.1335,10.7896,1.6792
2023-01-26,1.0895,0.87945,141.38,1.0002,1.5308,1.4568,11.1763,10.762,1.6799
2023-01-27,1.0865,0.87885,141.1,1.0017,1.5289,1.4479,11.2108,10.76,1.6759
2023-01-30,1.0903,0.87978,141.79,1.0045,1.539,1.4532,11.262,10.7925,1.6778
2023-01-31,1.0833,0.88073,141.27,1.0032,1.5476,1.457,11.348,10.9083,1.6858
2023-02-01,1.0894,0.88413,141.37,0.998,1.5392,1.4506,11.3455,10.8569,1.6903
2023-02-02,1.0988,0.89289,141.12,0.9992,1.5407,1.4602,11.3587,10.9535,1.6855
2023-02-03,1.0937,0.8925,140.45,0.9989,1.5499,1.4616,11.3323,10.9783,1.6886
2023-02-06,1.0776,0.89278,142.41,0.9964,1.5596,1.4459,11.3652,11.0428,1.7075
2023-02-07,1.07,0.89338,141.3,0.9906,1.547,1.4371,11.3805,11.1253,1.6994
2023-02-08,1.0735,0.888,140.81,0.9881,1.5416,1.4389,11.3423,11.026,1.6971
2023-02-09,1.0771,0.88515,140.8,0.989,1.5409,1.4423,11.139,10.9123,1.6906
2023-02-10,1.069,0.88348,139.88,0.9872,1.5432,1.4364,11.163,10.871,1.6904
2023-02-13,1.0686,0.88281,141.65,0.9849,1.5388,1.4263,11.155,10.8213,1.6846
2023-02-14,1.0759,0.88125,142.14,0.987,1.5411,1.4332,11.101,10.8778,1.6962
2023-02-15,1.07,0.88825,143.05,0.9885,1.5529,1.4356,11.14,10.9193,1.7063
2023-02-16,1.07,0.88883,143.31,0.9873,1.55,1.4334,11.142,10.9513,1.7033
2023-02-17,1.0625,0.88888,143.18,0.9896,1.556,1.4366,11.1983,11.015,1.7123
2023-02-20,1.0674,0.88738,143.09,0.9861,1.5456,1.4367,11.062,10.9683,1.7087
2023-02-21,1.0664,0.87925,143.76,0.9853,1.5517,1.4351,11.0098,10.9468,1.7092
2023-02-22,1.0644,0.87945,143.24,0.987,1.5576,1.4408,11.0163,10.9665,1.7066
2023-02-23,1.0616,0.8814,143.32,0.9892,1.5551,1.4366,11.0579,10.9545,1.7039
2023-02-24,1.057,0.88245,143.55,0.9898,1.5668,1.4374,11.003,10.937,1.7109
2023-02-27,1.0554,0.88073,143.88,0.9929,1.5739,1.4334,11.0595,10.9635,1.7185
2023-02-28,1.0619,0.87701,145.23,0.9947,1.576,1.4411,11.078,10.9713,1.7216
2023-03-01,1.0684,0.88574,144.82,0.9997,1.5776,1.4531,11.1,11.0365,1.7048
2023-03-02,1.0605,0.88785,145.07,0.9988,1.5773,1.4448,11.135,11.085,1.7057
2023-03-03,1.0615,0.8853,144.55,0.9958,1.5728,1.4437,11.143,11.061,1.7069
2023-03-06,1.0646,0.8863,144.64,0.9947,1.5807,1.4493,11.159,11.1109,1.7188
2023-03-07,1.0665,0.88968,145.21,0.9959,1.6002,1.4552,11.2285,11.1935,1.7229
2023-03-08,1.0545,0.89074,144.7,0.9931,1.5978,1.4499,11.2835,11.2205,1.7242
2023-03-09,1.0554,0.88814,143.82,0.9911,1.5965,1.4574,11.3365,11.2715,1.7232
2023-03-10,1.0586,0.88258,144.7,0.9824,1.6064,1.4643,11.3915,11.29,1.7292
2023-03-13,1.0706,0.8837,141.96,0.975,1.6066,1.4745,11.439,11.3893,1.7225
2023-03-14,1.0737,0.88054,144.09,0.9784,1.6052,1.4689,11.288,11.335,1.7198
2023-03-15,1.0549,0.87243,139.51,0.9727,1.5888,1.4504,11.202,11.34,1.7006
2023-03-16,1.0595,0.8782,140.18,0.982,1.5932,1.4565,11.1781,11.4487,1.715
2023-03-17,1.0623,0.87488,140.57,0.9858,1.5874,1.4584,11.1995,11.4218,1.7014
2023-03-20,1.0717,0.8756,140.77,0.9928,1.5978,1.4669,11.1564,11.421,1.7106
2023-03-21,1.0776,0.88033,142.63,0.997,1.6136,1.4726,11.099,11.3125,1.7412
2023-03-22,1.0785,0.87925,143.13,0.996,1.6132,1.4782,11.1535,11.332,1.7362
2023-03-23,1.0879,0.88523,142.87,0.9969,1.6242,1.4875,11.222,11.284,1.7373
2023-03-24,1.0745,0.8794,139.85,0.9874,1.6189,1.4816,11.208,11.3065,1.7329
2023-03-27,1.0773,0.87818,141.64,0.9875,1.6204,1.4769,11.212,11.338,1.7397
2023-03-28,1.0841,0.87938,141.69,0.9947,1.6219,1.4803,11.2195,11.324,1.7382
2023-03-29,1.0847,0.87988,143.58,0.9973,1.6252,1.4739,11.2955,11.3005,1.7405
2023-03-30,1.0886,0.88164,144.42,0.9963,1.6263,1.474,11.3037,11.357,1.7462
2023-03-31,1.0875,0.8792,144.83,0.9968,1.6268,1.4737,11.2805,11.394,1.7392
2023-04-03,1.087,0.8779,144.51,0.9949,1.608,1.4628,11.2835,11.2515,1.7283
2023-04-04,1.0901,0.87333,144.94,0.9954,1.6154,1.4641,11.2525,11.2345,1.7336
2023-04-05,1.094,0.87685,143.74,0.9901,1.6325,1.4719,11.3265,11.399,1.7349
2023-04-06,1.0915,0.87495,143.49,0.9878,1.6312,1.4704,11.3875,11.3855,1.7387
2023-04-11,1.0905,0.87738,145.28,0.9868,1.6387,1.4732,11.4255,11.5435,1.7566
2023-04-12,1.0922,0.88038,146.09,0.9853,1.6377,1.4728,11.348,11.4745,1.7649
2023-04-13,1.1015,0.88058,146.81,0.9804,1.6343,1.4759,11.3886,11.457,1.7624
2023-04-14,1.1057,0.8844,146.6,0.9827,1.6309,1.4725,11.3455,11.402,1.7588
2023-04-17,1.0981,0.88373,146.97,0.9812,1.6356,1.4673,11.3163,11.364,1.7717
2023-04-18,1.0972,0.88143,146.89,0.9831,1.6276,1.4679,11.2955,11.4675,1.7637
2023-04-19,1.0933,0.88108,147.24,0.9828,1.6301,1.4698,11.306,11.5335,1.7668
2023-04-20,1.0944,0.88153,147.46,0.981,1.629,1.4757,11.328,11.604,1.7763
2023-04-21,1.0978,0.8857,146.92,0.9795,1.6394,1.4859,11.3315,11.6505,1.7913
2023-04-24,1.1002,0.88463,148.17,0.98,1.6468,1.4906,11.309,11.647,1.7916
2023-04-25,1.1022,0.88645,147.91,0.9786,1.6564,1.4984,11.3045,11.695,1.7887
2023-04-26,1.1039,0.8856,147.67,0.9824,1.6725,1.5035,11.3855,11.722,1.8032
2023-04-27,1.1042,0.88428,147.16,0.9862,1.6672,1.5041,11.3805,11.714,1.794
2023-04-28,1.0981,0.8805,149.35,0.9839,1.6664,1.4981,11.3515,11.791,1.7864
2023-05-02,1.0965,0.87868,150.7,0.9841,1.6371,1.4885,11.2915,11.762,1.7654
2023-05-03,1.1043,0.88265,149.66,0.9809,1.6564,1.5045,11.3265,11.886,1.7717
2023-05-04,1.1074,0.88015,148.92,0.9802,1.6585,1.5072,11.341,11.8282,1.7668
2023-05-05,1.1014,0.87378,147.8,0.9828,1.6379,1.486,11.2365,11.6895,1.7488
2023-05-08,1.1037,0.87228,149.15,0.9813,1.6244,1.471,11.2012,11.5505,1.7389
2023-05-09,1.0959,0.8699,147.97,0.9788,1.6217,1.4679,11.1885,11.575,1.732
2023-05-10,1.095,0.86813,148.18,0.9771,1.6222,1.4657,11.1938,11.5485,1.7303
2023-05-11,1.093,0.86795,146.54,0.9758,1.6226,1.4672,11.2184,11.518,1.7228
2023-05-12,1.0892,0.8702,147.02,0.9744,1.631,1.4702,11.2425,11.631,1.7503
2023-05-15,1.0876,0.86943,148.15,0.9747,1.6261,1.4684,11.2905,11.583,1.7494
2023-05-16,1.0881,0.86938,147.89,0.9732,1.6307,1.4652,11.2765,11.613,1.7428
2023-05-17,1.0829,0.86895,148.31,0.9746,1.6273,1.4609,11.325,11.7295,1.7313
2023-05-18,1.0813,0.8689,149.08,0.9735,1.6285,1.4568,11.3609,11.737,1.7323
2023-05-19,1.0808,0.8684,149.55,0.9738,1.6231,1.4575,11.3695,11.701,1.7206
2023-05-22,1.0822,0.86846,149.64,0.97,1.6294,1.4618,11.3765,11.7765,1.7232
2023-05-23,1.0779,0.86993,149.2,0.9718,1.6282,1.4571,11.4494,11.792,1.7246
2023-05-24,1.0785,0.86993,149.3,0.9732,1.6402,1.46,11.5103,11.8175,1.7582
2023-05-25,1.0735,0.86793,149.63,0.9708,1.6443,1.4599,11.549,11.7695,1.7655
2023-05-26,1.0751,0.86813,150.24,0.9707,1.6439,1.463,11.528,11.8218,1.7656
2023-05-29,1.0715,0.86805,150.29,0.9683,1.6384,1.4564,11.5956,11.9175,1.7676
2023-05-30,1.0744,0.86365,150.01,0.969,1.6397,1.4586,11.634,11.8745,1.7716
2023-05-31,1.0683,0.86405,149.13,0.9724,1.6497,1.4582,11.6278,12.0045,1.7793
2023-06-01,1.0697,0.85823,149.25,0.9732,1.6407,1.4514,11.6455,11.967,1.7775
2023-06-02,1.0763,0.8593,149.46,0.9758,1.6248,1.4443,11.5505,11.845,1.7652
2023-06-05,1.069,0.86323,149.96,0.9732,1.6219,1.4367,11.642,11.8275,1.7662
2023-06-06,1.0683,0.86103,149.09,0.9698,1.6038,1.4342,11.6215,11.8775,1.7579
2023-06-07,1.0717,0.8597,149.42,0.9704,1.6004,1.4351,11.6255,11.7975,1.764
2023-06-08,1.0737,0.86113,149.98,0.9751,1.6061,1.4342,11.648,11.758,1.7696
2023-06-09,1.078,0.85795,150.24,0.9716,1.6023,1.4362,11.673,11.612,1.7627
2023-06-12,1.0765,0.85678,150.03,0.9751,1.592,1.4357,11.6185,11.634,1.754
2023-06-13,1.0793,0.8585,150.62,0.9784,1.5922,1.4403,11.64,11.6235,1.7564
2023-06-14,1.0809,0.85455,151.21,0.9751,1.5915,1.4378,11.5605,11.476,1.7501
2023-06-15,1.0819,0.85555,152.86,0.9761,1.5924,1.4415,11.6206,11.5025,1.7559
2023-06-16,1.0966,0.85428,154.65,0.977,1.5941,1.45,11.5925,11.517,1.7591
2023-06-19,1.0922,0.85268,154.94,0.9772,1.5964,1.4411,11.6943,11.6335,1.7625
2023-06-20,1.0933,0.85705,154.51,0.9808,1.612,1.4473,11.758,11.7155,1.7714
2023-06-21,1.0923,0.85828,154.89,0.9803,1.6154,1.4435,11.7563,11.747,1.7697
2023-06-22,1.0985,0.86115,156.05,0.9825,1.6194,1.4463,11.7224,11.599,1.7698
2023-06-23,1.0884,0.85479,155.84,0.9773,1.6285,1.438,11.675,11.8565,1.7758
2023-06-26,1.0918,0.85878,156.41,0.9737,1.6346,1.4354,11.6825,11.708,1.769
2023-06-27,1.0951,0.8599,157.14,0.9789,1.6369,1.4408,11.7405,11.7563,1.7739
2023-06-28,1.0938,0.8642,157.82,0.9822,1.6525,1.4491,11.795,11.8395,1.7992
2023-06-29,1.0938,0.864,157.74,0.9783,1.648,1.4503,11.8175,11.7645,1.7937
2023-06-30,1.0866,0.85828,157.16,0.9788,1.6398,1.4415,11.8055,11.704,1.7858
2023-07-03,1.0899,0.8598,157.81,0.98,1.6383,1.4441,11.833,11.6945,1.7755
2023-07-04,1.0895,0.85673,157.34,0.9762,1.6286,1.4403,11.812,11.5958,1.7604
2023-07-05,1.0879,0.85685,157.26,0.9782,1.6329,1.4447,11.8295,11.6455,1.759
2023-07-06,1.0899,0.8531,156.57,0.9757,1.6308,1.4489,11.9045,11.637,1.7532
2023-07-07,1.0888,0.85298,156.01,0.9754,1.6416,1.4557,11.9075,11.7085,1.7644
2023-07-10,1.0956,0.85733,155.73,0.9753,1.6488,1.4552,11.8745,11.5635,1.7707
2023-07-11,1.0989,0.8511,154.27,0.9693,1.6493,1.4588,11.76,11.452,1.7766
2023-07-12,1.1022,0.85378,153.84,0.9683,1.6479,1.4574,11.68,11.331,1.7818
2023-07-13,1.1182,0.85553,154.84,0.9644,1.6299,1.4714,11.51,11.248,1.758
2023-07-14,1.1221,0.8559,155.51,0.9649,1.635,1.4728,11.493,11.2105,1.7589
2023-07-17,1.123,0.85873,155.38,0.9652,1.6487,1.4845,11.4873,11.242,1.7727
2023-07-18,1.1255,0.85838,155.4,0.9647,1.6523,1.4862,11.504,11.3395,1.7908
2023-07-19,1.1222,0.86918,156.76,0.9628,1.6582,1.4795,11.476,11.266,1.7949
2023-07-20,1.1197,0.8692,156.35,0.9635,1.6416,1.4716,11.4795,11.1555,1.7859
2023-07-21,1.1123,0.86706,157.63,0.963,1.651,1.4668,11.5517,11.1775,1.7981
2023-07-24,1.1096,0.8635,156.47,0.9595,1.6469,1.4635,11.5495,11.1925,1.7888
2023-07-25,1.1051,0.86148,156.18,0.9598,1.6328,1.4562,11.495,11.1605,1.7785
2023-07-26,1.1059,0.85695,155.3,0.9549,1.6401,1.462,11.5313,11.2,1.7814
2023-07-27,1.1125,0.85885,155.95,0.9542,1.6383,1.4654,11.4985,11.1275,1.7797
2023-07-28,1.101,0.8556,153.35,0.9554,1.6508,1.4553,11.5545,11.168,1.7855
2023-07-31,1.1023,0.85765,156.73,0.9619,1.6436,1.4566,11.5895,11.1805,1.7773
2023-08-01,1.097,0.85865,156.85,0.961,1.6557,1.4569,11.6496,11.211,1.7834
2023-08-02,1.0985,0.86038,156.88,0.9642,1.6691,1.4621,11.681,11.1615,1.7961
2023-08-03,1.0932,0.86468,156.24,0.9579,1.6748,1.4619,11.7415,11.2765,1.7985
2023-08-04,1.0946,0.86193,156.11,0.9598,1.6694,1.4648,11.7,11.1858,1.8009
2023-08-07,1.0984,0.86163,156.21,0.9625,1.6715,1.4688,11.6625,11.1485,1.8004
2023-08-08,1.0944,0.86158,156.55,0.96,1.6827,1.4755,11.744,11.295,1.8116
2023-08-09,1.0968,0.8618,157.35,0.9627,1.6779,1.474,11.7195,11.2063,1.8103
2023-08-10,1.1019,0.86313,158.43,0.9618,1.6767,1.4764,11.694,11.1785,1.8123
2023-08-11,1.1004,0.86415,158.97,0.9617,1.685,1.4791,11.8075,11.4225,1.8299
2023-08-14,1.093,0.86215,158.68,0.9608,1.6853,1.47,11.8405,11.434,1.8305
2023-08-15,1.0926,0.85955,159.04,0.9586,1.6888,1.4742,11.839,11.4705,1.8305
2023-08-16,1.0916,0.85645,159.07,0.9605,1.6895,1.4726,11.828,11.453,1.8282
2023-08-17,1.09,0.85395,158.88,0.9555,1.6931,1.4718,11.8666,11.4985,1.8298
2023-08-18,1.0867,0.85493,158.11,0.9571,1.6999,1.4733,11.9383,11.58,1.835
2023-08-21,1.0908,0.85475,159.15,0.9588,1.6995,1.4723,11.9095,11.5205,1.8407
2023-08-22,1.0887,0.85288,158.7,0.9565,1.6878,1.4716,11.863,11.5195,1.8264
2023-08-23,1.0805,0.85653,157.28,0.9524,1.684,1.4667,11.9061,11.573,1.8224
2023-08-24,1.084,0.8565,157.96,0.9562,1.6838,1.4686,11.9175,11.5775,1.8266
2023-08-25,1.0808,0.85643,157.75,0.9564,1.6809,1.4672,11.895,11.518,1.8248
2023-08-28,1.0808,0.85815,158.35,0.9559,1.6839,1.4693,11.9,11.5705,1.8283
2023-08-29,1.0803,0.8586,158.93,0.9558,1.6832,1.4722,11.882,11.5645,1.8307
2023-08-30,1.0886,0.8592,159.15,0.9568,1.6814,1.4764,11.841,11.546,1.825
2023-08-31,1.0868,0.85718,158.49,0.9584,1.6785,1.4721,11.843,11.58,1.8259
2023-09-01,1.0844,0.85538,157.47,0.9574,1.6737,1.4656,11.896,11.486,1.8164
2023-09-04,1.0801,0.8555,158.11,0.9548,1.6708,1.4686,11.901,11.5005,1.817
2023-09-05,1.0731,0.85535,158.2,0.9548,1.6859,1.4652,11.9145,11.5435,1.8297
2023-09-06,1.0745,0.85503,158.18,0.9561,1.6801,1.4659,11.9105,11.492,1.8224
2023-09-07,1.071,0.859,157.7,0.9557,1.6767,1.4625,11.9095,11.4805,1.8193
2023-09-08,1.0704,0.85735,157.84,0.9543,1.6743,1.4623,11.904,11.422,1.8127
2023-09-11,1.0724,0.8565,157.16,0.956,1.6655,1.4565,11.8795,11.424,1.81
2023-09-12,1.0713,0.85925,157.42,0.9561,1.6682,1.455,11.8875,11.454,1.815
2023-09-13,1.0733,0.8609,158.28,0.9589,1.6762,1.4556,11.9475,11.4783,1.8188
2023-09-14,1.073,0.85995,158.13,0.9588,1.6648,1.4505,11.95,11.5038,1.8097
2023-09-15,1.0658,0.85878,157.5,0.9554,1.6498,1.4409,11.873,11.422,1.8008
2023-09-18,1.0663,0.86141,157.44,0.9564,1.6575,1.44,11.9872,11.5688,1.8067
2023-09-19,1.0713,0.86263,158.2,0.9595,1.6566,1.4373,11.8845,11.4905,1.8022
2023-09-20,1.0702,0.8653,158.28,0.9601,1.6498,1.4366,11.8803,11.482,1.7946
2023-09-21,1.0635,0.86713,157.34,0.9628,1.6617,1.4368,11.926,11.527,1.8004
2023-09-22,1.0647,0.86795,157.87,0.965,1.6496,1.4303,11.879,11.427,1.7833
2023-09-25,1.0633,0.86965,158.08,0.9676,1.6544,1.4311,11.728,11.43,1.7823
2023-09-26,1.0605,0.8702,157.87,0.9675,1.6539,1.4318,11.654,11.44,1.7782
2023-09-27,1.0536,0.8681,157.2,0.968,1.6541,1.4255,11.6255,11.361,1.7779
2023-09-28,1.0539,0.86333,157.33,0.9678,1.6483,1.4206,11.6065,11.316,1.7698
2023-09-29,1.0594,0.86458,158.1,0.9669,1.6339,1.4227,11.5325,11.2535,1.7575
2023-10-02,1.053,0.86628,157.67,0.9634,1.6472,1.4335,11.5833,11.3225,1.7641
2023-10-03,1.0469,0.86775,157.01,0.966,1.6612,1.4365,11.6375,11.4258,1.775
2023-10-04,1.0497,0.86588,156.48,0.9634,1.6615,1.4391,11.5855,11.5135,1.7792
2023-10-05,1.0526,0.86605,156.71,0.9625,1.658,1.4479,11.5975,11.5703,1.7715
2023-10-06,1.0563,0.8651,157.47,0.9629,1.6612,1.4492,11.6045,11.609,1.7711
2023-10-09,1.0531,0.8652,157.06,0.9581,1.6546,1.438,11.6085,11.4828,1.7612
2023-10-10,1.0582,0.8639,157.71,0.9589,1.6538,1.4387,11.6005,11.4965,1.7612
2023-10-11,1.0604,0.86265,157.87,0.9576,1.6529,1.4429,11.5655,11.4953,1.7614
2023-10-12,1.0619,0.8626,158.35,0.9566,1.6584,1.4435,11.5435,11.5165,1.7704
2023-10-13,1.0524,0.86415,157.44,0.9546,1.6662,1.4397,11.55,11.516,1.7821
2023-10-16,1.0538,0.86545,157.54,0.9505,1.666,1.436,11.5375,11.517,1.7798
2023-10-17,1.0569,0.8682,158.03,0.9517,1.6622,1.4411,11.53,11.576,1.7929
2023-10-18,1.0565,0.8661,158.1,0.9492,1.6586,1.4425,11.5643,11.595,1.7919
2023-10-19,1.0558,0.87098,158.21,0.947,1.6718,1.4485,11.6155,11.6973,1.8119
2023-10-20,1.0591,0.87213,158.8,0.9442,1.6772,1.4492,11.634,11.6808,1.8166
2023-10-23,1.0597,0.87153,158.91,0.9461,1.6805,1.4542,11.7071,11.7985,1.822
2023-10-24,1.0632,0.87025,159.26,0.9501,1.6708,1.4564,11.7456,11.8255,1.8173
2023-10-25,1.0576,0.8724,158.55,0.9474,1.6678,1.4549,11.7715,11.838,1.8166
2023-10-26,1.054,0.8717,158.48,0.9466,1.6719,1.4565,11.8005,11.855,1.818
2023-10-27,1.0541,0.87023,158.08,0.9502,1.6616,1.4572,11.8235,11.8285,1.8102
2023-10-30,1.0605,0.87345,158.8,0.9564,1.6637,1.467,11.806,11.7905,1.8175
2023-10-31,1.0619,0.87366,160.3,0.9607,1.6739,1.4712,11.8275,11.8735,1.8224
2023-11-01,1.0537,0.86945,159.33,0.9572,1.6561,1.461,11.806,11.796,1.8068
2023-11-02,1.0661,0.87305,159.89,0.9622,1.6543,1.4707,11.819,11.8743,1.8041
2023-11-03,1.0702,0.86983,159.87,0.9625,1.6478,1.4653,11.74,11.8535,1.7917
2023-11-06,1.0741,0.8664,160.87,0.9646,1.6524,1.4664,11.6575,11.8235,1.7987
2023-11-07,1.0686,0.86855,160.77,0.9626,1.6636,1.4679,11.6695,11.922,1.8046
2023-11-08,1.0671,0.87015,160.97,0.9599,1.6592,1.4711,11.6555,11.9305,1.8006
2023-11-09,1.0691,0.87205,161.57,0.9637,1.6699,1.4736,11.634,11.9335,1.8035
2023-11-10,1.0683,0.87435,161.77,0.9636,1.6795,1.4753,11.629,11.8725,1.8119
2023-11-13,1.067,0.87155,161.96,0.9656,1.6742,1.4754,11.61,11.877,1.8142
2023-11-14,1.0724,0.8723,162.67,0.9668,1.6819,1.4832,11.6537,11.945,1.827
2023-11-15,1.0868,0.87188,163.39,0.964,1.6648,1.4854,11.451,11.746,1.7985
2023-11-16,1.0849,0.8752,164.05,0.9651,1.6736,1.4891,11.4898,11.7675,1.8141
2023-11-17,1.0872,0.87395,162.29,0.9643,1.6709,1.4908,11.481,11.811,1.8161
2023-11-20,1.0928,0.8763,162.12,0.9665,1.6669,1.4994,11.427,11.72,1.8132
2023-11-21,1.0955,0.87326,161.61,0.9673,1.6653,1.5029,11.404,11.67,1.8026
2023-11-22,1.0911,0.8703,162.25,0.964,1.6618,1.4959,11.39,11.702,1.8065
2023-11-23,1.09,0.8694,162.98,0.9644,1.6633,1.494,11.4385,11.711,1.8052
2023-11-24,1.0916,0.86818,163.3,0.964,1.6621,1.4935,11.439,11.7345,1.7992
2023-11-27,1.0951,0.86671,162.86,0.964,1.6575,1.4929,11.421,11.684,1.7955
2023-11-28,1.0949,0.8682,162.74,0.9645,1.6567,1.4887,11.433,11.7165,1.798
2023-11-29,1.0985,0.86525,162.12,0.9628,1.6586,1.492,11.3655,11.6965,1.7843
2023-11-30,1.0931,0.86368,161.19,0.9562,1.6542,1.487,11.4308,11.72,1.7762
2023-12-01,1.0875,0.86045,161.14,0.953,1.6448,1.4736,11.3715,11.698,1.7638
2023-12-04,1.0868,0.8579,159.47,0.9476,1.6351,1.4716,11.321,11.678,1.7555
2023-12-05,1.0817,0.85723,159.13,0.9456,1.6492,1.47,11.3095,11.7865,1.7637
2023-12-06,1.0778,0.8561,158.7,0.9429,1.6391,1.4616,11.3065,11.796,1.7509
2023-12-07,1.0771,0.8575,156.18,0.9446,1.6407,1.4656,11.2557,11.7535,1.7554
2023-12-08,1.0777,0.8569,155.53,0.9438,1.6327,1.4627,11.238,11.727,1.7532
2023-12-11,1.0757,0.8558,157.54,0.9478,1.642,1.4609,11.297,11.795,1.7608
2023-12-12,1.0804,0.85928,156.84,0.9443,1.6398,1.4656,11.2815,11.778,1.7573
2023-12-13,1.0787,0.8612,157.13,0.9452,1.6452,1.4644,11.277,11.825,1.7691
2023-12-14,1.0919,0.85955,154.8,0.949,1.6288,1.4677,11.18,11.518,1.7603
2023-12-15,1.0946,0.85833,155.15,0.9488,1.6324,1.4653,11.2125,11.4495,1.7612
2023-12-18,1.0918,0.86263,155.95,0.948,1.6225,1.4584,11.145,11.3485,1.7514
2023-12-19,1.0962,0.86095,158.2,0.947,1.6273,1.4673,11.175,11.3655,1.755
2023-12-20,1.0944,0.86555,157.12,0.946,1.6186,1.4609,11.129,11.2895,1.7421
2023-12-21,1.0983,0.86805,156.79,0.9432,1.6243,1.4668,11.099,11.315,1.7536
2023-12-22,1.1023,0.8666,156.66,0.9417,1.6197,1.4639,11.0556,11.2705,1.7505
2023-12-27,1.1065,0.8683,157.81,0.9438,1.617,1.4612,11.066,11.2355,1.7483
2023-12-28,1.1114,0.8706,156.57,0.9302,1.6246,1.4698,11.0382,11.2625,1.7536
2023-12-29,1.105,0.86905,156.33,0.926,1.6263,1.4642,11.096,11.2405,1.7504
2024-01-02,1.0956,0.86645,155.68,0.9305,1.6147,1.4565,11.1545,11.2815,1.7471
2024-01-03,1.0919,0.8647,156.16,0.9322,1.6236,1.4574,11.1915,11.32,1.7515
2024-01-04,1.0953,0.86278,157.91,0.9313,1.628,1.4603,11.1905,11.2845,1.7528
2024-01-05,1.0921,0.8621,158.57,0.932,1.6337,1.46,11.235,11.309,1.7564
2024-01-08,1.0946,0.8615,158.19,0.9308,1.6378,1.4651,11.2095,11.362,1.7607
2024-01-09,1.094,0.85938,157.63,0.9313,1.6339,1.4613,11.2115,11.308,1.7526
2024-01-10,1.0946,0.86023,159.03,0.9336,1.6334,1.4649,11.197,11.2915,1.7567
2024-01-11,1.0987,0.86145,159.71,0.9338,1.6369,1.4677,11.197,11.3283,1.7577
2024-01-12,1.0942,0.8595,159.17,0.935,1.6375,1.4634,11.26,11.2765,1.7552
2024-01-15,1.0945,0.86075,159.67,0.9351,1.6449,1.4695,11.278,11.314,1.7679
2024-01-16,1.0882,0.86078,159.64,0.9361,1.6484,1.4661,11.3215,11.3335,1.7681
2024-01-17,1.0877,0.85818,160.65,0.9406,1.6592,1.4701,11.3925,11.4335,1.7779
2024-01-18,1.0875,0.85773,160.89,0.9432,1.6579,1.4681,11.364,11.446,1.7802
2024-01-19,1.0887,0.85825,161.17,0.9459,1.65,1.4656,11.38,11.41,1.7798
2024-01-22,1.089,0.85575,160.95,0.9458,1.652,1.462,11.3545,11.441,1.78
2024-01-23,1.0872,0.85493,160.88,0.9446,1.6493,1.4648,11.347,11.4298,1.7839
2024-01-24,1.0905,0.85543,160.46,0.9415,1.652,1.4669,11.3585,11.4155,1.7785
2024-01-25,1.0893,0.85538,160.81,0.942,1.6537,1.4714,11.35,11.3905,1.7805
2024-01-26,1.0871,0.85368,160.62,0.9396,1.6483,1.4607,11.3203,11.3325,1.7801
2024-01-29,1.0823,0.8525,160.13,0.9339,1.6398,1.4542,11.3562,11.305,1.7696
2024-01-30,1.0846,0.85628,159.97,0.9365,1.6462,1.4564,11.2971,11.3383,1.7721
2024-01-31,1.0837,0.85435,160.19,0.9348,1.6468,1.4558,11.2682,11.351,1.7705
2024-02-01,1.0814,0.85353,158.96,0.9336,1.6594,1.4544,11.3354,11.3665,1.7757
2024-02-02,1.0883,0.85263,159.58,0.9315,1.6468,1.4556,11.268,11.387,1.7673
2024-02-05,1.0746,0.85595,159.72,0.9347,1.6562,1.4507,11.374,11.465,1.7755
2024-02-06,1.0743,0.8546,159.56,0.9366,1.6515,1.4526,11.3825,11.458,1.7713
2024-02-07,1.0776,0.85305,159.71,0.9393,1.6504,1.4501,11.2725,11.376,1.7622
2024-02-08,1.0758,0.85378,160.55,0.9409,1.6569,1.4505,11.2705,11.412,1.7668
2024-02-09,1.0772,0.8544,161.0,0.9432,1.6543,1.4486,11.2815,11.399,1.7553
2024-02-12,1.0773,0.85391,160.51,0.943,1.6505,1.4504,11.232,11.32,1.7568
2024-02-13,1.0793,0.85098,161.17,0.9481,1.6526,1.4511,11.251,11.302,1.7636
2024-02-14,1.0713,0.85258,161.28,0.9493,1.6521,1.4509,11.3127,11.3375,1.7607
2024-02-15,1.0743,0.85635,161.26,0.9484,1.6525,1.4547,11.2575,11.361,1.7625
2024-02-16,1.0768,0.85605,161.88,0.9491,1.6517,1.4518,11.2655,11.3555,1.7648
2024-02-19,1.0776,0.85448,161.59,0.9492,1.6479,1.4522,11.237,11.3045,1.7536
2024-02-20,1.0802,0.8566,162.18,0.9526,1.6457,1.4562,11.2185,11.3275,1.7493
2024-02-21,1.0809,0.85619,162.12,0.951,1.6486,1.4618,11.2075,11.3345,1.7479
2024-02-22,1.0844,0.85625,163.12,0.9535,1.6515,1.4618,11.174,11.356,1.7497
2024-02-23,1.0834,0.8534,162.91,0.9522,1.6467,1.4587,11.1545,11.389,1.7445
2024-02-26,1.0852,0.85495,163.38,0.9546,1.656,1.4674,11.1675,11.4285,1.756
2024-02-27,1.0856,0.8562,163.04,0.9544,1.6565,1.465,11.1805,11.431,1.7601
2024-02-28,1.0808,0.85548,162.87,0.952,1.6639,1.4689,11.192,11.4675,1.7728
2024-02-29,1.0826,0.85655,162.53,0.9534,1.6684,1.4719,11.215,11.492,1.7807
2024-03-01,1.0813,0.85588,162.82,0.9582,1.6637,1.4679,11.1948,11.443,1.7764
2024-03-04,1.0846,0.85583,163.22,0.9604,1.664,1.4719,11.2424,11.4325,1.7789
2024-03-05,1.0849,0.85543,163.01,0.9609,1.6709,1.4747,11.2803,11.475,1.7847
2024-03-06,1.0874,0.85498,162.67,0.9619,1.6667,1.477,11.2555,11.468,1.7812
2024-03-07,1.0895,0.85445,161.09,0.9577,1.6501,1.4705,11.1944,11.394,1.7688
2024-03-08,1.0932,0.85168,160.99,0.9588,1.6469,1.4701,11.164,11.3395,1.7674
2024-03-11,1.0926,0.85208,160.43,0.9594,1.6546,1.4753,11.1865,11.4405,1.7705
2024-03-12,1.0916,0.85458,161.39,0.9588,1.6533,1.4739,11.173,11.4673,1.7737
2024-03-13,1.0939,0.85451,161.83,0.9599,1.6542,1.4756,11.193,11.4805,1.777
2024-03-14,1.0925,0.8542,161.7,0.9616,1.6529,1.4725,11.2245,11.467,1.7748
2024-03-15,1.0892,0.8541,162.03,0.9613,1.6579,1.4731,11.2674,11.5205,1.786
2024-03-18,1.0892,0.85525,162.51,0.963,1.6583,1.4745,11.3178,11.5565,1.7881
2024-03-19,1.0854,0.85445,163.37,0.963,1.6651,1.4767,11.3465,11.5985,1.7938
2024-03-20,1.0844,0.85438,164.54,0.9658,1.6633,1.4736,11.3595,11.5725,1.7976
2024-03-21,1.0907,0.85678,164.96,0.9766,1.6535,1.4736,11.3645,11.543,1.7963
2024-03-22,1.0823,0.85795,163.74,0.9729,1.6601,1.4688,11.4025,11.617,1.802
2024-03-25,1.0835,0.85698,163.78,0.9724,1.658,1.4722,11.457,11.605,1.8046
2024-03-26,1.0855,0.85846,164.4,0.981,1.6574,1.4718,11.453,11.626,1.8036
2024-03-27,1.0816,0.85768,163.52,0.9811,1.66,1.4712,11.506,11.6825,1.8043
2024-03-28,1.0811,0.8551,163.45,0.9766,1.6607,1.4672,11.525,11.699,1.8092
2024-04-02,1.0749,0.8551,163.01,0.9765,1.6522,1.4577,11.5575,11.708,1.804
2024-04-03,1.0783,0.85713,163.66,0.9792,1.6539,1.4626,11.575,11.658,1.8054
2024-04-04,1.0852,0.85788,164.69,0.9846,1.6446,1.4652,11.5105,11.6125,1.7998
2024-04-05,1.0841,0.85773,164.1,0.9793,1.6461,1.4702,11.526,11.6118,1.8001
2024-04-08,1.0823,0.85795,164.43,0.9807,1.6433,1.4715,11.4675,11.5905,1.7984
2024-04-09,1.0867,0.85663,164.97,0.9819,1.6407,1.4749,11.4555,11.593,1.7938
2024-04-10,1.086,0.85515,164.89,0.981,1.6399,1.4728,11.4345,11.5665,1.7856
2024-04-11,1.0729,0.85525,164.18,0.9787,1.6448,1.4688,11.531,11.618,1.792
2024-04-12,1.0652,0.85424,163.16,0.9716,1.6413,1.4643,11.5699,11.587,1.7872
2024-04-15,1.0656,0.85405,164.05,0.9725,1.6441,1.4645,11.5583,11.626,1.7943
2024-04-16,1.0637,0.8544,164.54,0.9712,1.6578,1.4668,11.635,11.6745,1.8072
2024-04-17,1.0638,0.854,164.54,0.9693,1.6556,1.4691,11.6793,11.696,1.8012
2024-04-18,1.0679,0.85628,164.82,0.9704,1.6567,1.4687,11.637,11.7375,1.8013
2024-04-19,1.0653,0.8562,164.68,0.968,1.6622,1.4666,11.664,11.765,1.8105
2024-04-22,1.0632,0.86328,164.51,0.9693,1.6517,1.4592,11.6015,11.7185,1.8004
2024-04-23,1.0674,0.8605,165.23,0.9724,1.6536,1.4623,11.603,11.731,1.8047
2024-04-24,1.0686,0.85945,165.57,0.9774,1.6421,1.4628,11.6225,11.733,1.801
2024-04-25,1.072,0.85675,166.76,0.9792,1.6415,1.4659,11.639,11.714,1.799
2024-04-26,1.0714,0.85643,168.03,0.9779,1.6392,1.4632,11.7052,11.7995,1.801
2024-04-29,1.072,0.85493,167.53,0.9776,1.6322,1.4635,11.685,11.7835,1.7932
2024-04-30,1.0718,0.85478,168.27,0.9787,1.6423,1.4672,11.753,11.815,1.8035
2024-05-02,1.0698,0.85538,165.63,0.9759,1.6386,1.4678,11.682,11.843,1.8047
2024-05-03,1.0744,0.85573,164.62,0.9744,1.633,1.4682,11.6398,11.708,1.7952
2024-05-06,1.0776,0.8566,165.7,0.9754,1.6248,1.4731,11.625,11.6663,1.7891
2024-05-07,1.0766,0.85805,166.45,0.977,1.6297,1.473,11.681,11.698,1.7918
2024-05-08,1.0743,0.86083,167.15,0.977,1.6374,1.4784,11.733,11.757,1.7948
2024-05-09,1.0732,0.85995,167.32,0.976,1.6299,1.4728,11.7205,11.7215,1.7881
2024-05-10,1.0779,0.86055,167.87,0.9779,1.632,1.4747,11.6865,11.6735,1.7923
2024-05-13,1.0795,0.86023,168.25,0.9784,1.6305,1.4757,11.7,11.68,1.7923
2024-05-14,1.0796,0.85983,168.89,0.9801,1.6329,1.4753,11.7285,11.6815,1.7934
2024-05-15,1.0832,0.8584,168.43,0.98,1.6308,1.4763,11.6751,11.649,1.786
2024-05-16,1.0866,0.8585,168.33,0.9822,1.629,1.481,11.6172,11.642,1.7794
2024-05-17,1.0844,0.85685,168.96,0.9855,1.6281,1.4784,11.655,11.633,1.7751
2024-05-20,1.0861,0.85548,169.25,0.988,1.6259,1.4798,11.6127,11.6115,1.7773
2024-05-21,1.0864,0.8544,169.86,0.9884,1.6278,1.4797,11.581,11.583,1.781
2024-05-22,1.083,0.85165,169.54,0.9905,1.6288,1.481,11.6325,11.585,1.7724
2024-05-23,1.0854,0.85175,169.9,0.9907,1.6333,1.4832,11.5925,11.5165,1.7703
2024-05-24,1.084,0.85241,170.28,0.9924,1.6394,1.4865,11.599,11.4953,1.7747
2024-05-27,1.0843,0.8507,170.07,0.9922,1.632,1.4813,11.54,11.415,1.7665
2024-05-28,1.0882,0.8508,170.54,0.9908,1.6314,1.482,11.466,11.407,1.7648
2024-05-29,1.0857,0.8513,170.74,0.9907,1.637,1.4838,11.5215,11.417,1.7716
2024-05-30,1.0815,0.85105,169.5,0.9808,1.6341,1.4828,11.4995,11.4065,1.7706
2024-05-31,1.0852,0.85365,170.52,0.9818,1.6315,1.4804,11.421,11.383,1.7696
2024-06-03,1.0842,0.85175,170.09,0.9772,1.629,1.4784,11.4035,11.3885,1.7614
2024-06-04,1.0865,0.85143,168.29,0.9703,1.6364,1.486,11.3755,11.489,1.7624
2024-06-05,1.0872,0.85048,169.72,0.9704,1.6353,1.4867,11.3275,11.475,1.7577
2024-06-06,1.0865,0.85088,169.74,0.9687,1.6368,1.4879,11.293,11.5,1.7584
2024-06-07,1.0898,0.8512,169.52,0.9696,1.6345,1.4902,11.3075,11.4865,1.7596
2024-06-10,1.0756,0.84565,168.74,0.9637,1.6304,1.4801,11.333,11.512,1.7595
2024-06-11,1.073,0.84198,168.46,0.9622,1.626,1.4781,11.2467,11.491,1.7513
2024-06-12,1.0765,0.84365,169.35,0.9641,1.628,1.4795,11.2345,11.4675,1.7528
2024-06-13,1.0784,0.84468,169.58,0.9668,1.6232,1.4823,11.221,11.4315,1.7477
2024-06-14,1.0686,0.84205,167.8,0.9534,1.6156,1.4704,11.2731,11.4025,1.7418
2024-06-17,1.0712,0.84573,169.11,0.9561,1.6246,1.4726,11.2933,11.486,1.7526
2024-06-18,1.0715,0.8454,169.41,0.9512,1.6207,1.4731,11.255,11.448,1.7562
2024-06-19,1.0749,0.84455,169.78,0.9506,1.6125,1.4737,11.214,11.354,1.7528
2024-06-20,1.0719,0.84513,169.82,0.9546,1.6076,1.4696,11.198,11.2915,1.7492
2024-06-21,1.0688,0.84531,169.82,0.9537,1.6031,1.4632,11.2445,11.2685,1.7427
2024-06-24,1.073,0.8473,171.17,0.9586,1.6157,1.4682,11.2555,11.349,1.7543
2024-06-25,1.0714,0.84465,170.84,0.9575,1.6109,1.465,11.2255,11.3265,1.7498
2024-06-26,1.0689,0.84453,171.42,0.9585,1.6053,1.4628,11.3038,11.3945,1.7537
2024-06-27,1.0696,0.8459,171.66,0.9604,1.6078,1.4647,11.338,11.398,1.7543
2024-06-28,1.0705,0.84638,171.94,0.9634,1.6079,1.467,11.3595,11.3965,1.7601
2024-07-01,1.0745,0.8479,173.15,0.9689,1.6109,1.4711,11.3675,11.4315,1.7638
2024-07-02,1.0729,0.84755,173.31,0.9697,1.612,1.4727,11.417,11.4795,1.7693
2024-07-03,1.0758,0.8468,174.18,0.9718,1.6123,1.4703,11.371,11.4583,1.7717
2024-07-04,1.08,0.84663,173.84,0.9717,1.6046,1.4705,11.3375,11.4015,1.7641
2024-07-05,1.0824,0.84613,174.06,0.973,1.6073,1.4736,11.3605,11.448,1.7672
2024-07-08,1.0835,0.8441,174.37,0.9711,1.6067,1.4772,11.3805,11.4575,1.7655
2024-07-09,1.0814,0.84491,174.2,0.9712,1.6062,1.4752,11.422,11.489,1.7681
2024-07-10,1.0825,0.84518,174.79,0.9723,1.6056,1.4758,11.4075,11.607,1.7804
2024-07-11,1.0855,0.84305,175.39,0.9749,1.6075,1.4796,11.419,11.6725,1.7836
2024-07-12,1.089,0.84029,172.87,0.9747,1.6076,1.4834,11.4965,11.7025,1.7819
2024-07-15,1.0907,0.84045,172.34,0.9755,1.6088,1.4879,11.5375,11.746,1.7904
2024-07-16,1.0902,0.84058,172.65,0.9761,1.6169,1.4911,11.5545,11.7815,1.796
2024-07-17,1.0934,0.83915,171.21,0.9693,1.6222,1.4949,11.5085,11.7575,1.7975
2024-07-18,1.093,0.84175,171.02,0.9666,1.6237,1.4953,11.5338,11.748,1.801
2024-07-19,1.089,0.8428,171.61,0.9688,1.6276,1.4938,11.61,11.8255,1.8087
2024-07-22,1.0888,0.84215,170.8,0.9671,1.637,1.4971,11.6295,11.9165,1.8171
2024-07-23,1.086,0.84073,169.64,0.9681,1.6396,1.4944,11.6735,11.9635,1.8209
2024-07-24,1.0848,0.83973,167.23,0.9609,1.6428,1.4953,11.6875,11.942,1.8267
2024-07-25,1.0851,0.8428,165.62,0.9534,1.6638,1.502,11.774,12.0825,1.8401
2024-07-26,1.086,0.84378,167.84,0.9594,1.6559,1.5009,11.7325,11.937,1.8427
2024-07-29,1.0817,0.84345,166.44,0.9578,1.6534,1.4976,11.7265,11.9155,1.8418
2024-07-30,1.0824,0.8426,167.61,0.9592,1.656,1.4996,11.686,11.8885,1.8386
2024-07-31,1.0828,0.8438,162.76,0.9533,1.6635,1.4977,11.6125,11.8175,1.8289
2024-08-01,1.0789,0.84328,162.66,0.9467,1.6501,1.4912,11.522,11.7465,1.814
2024-08-02,1.0835,0.85,161.37,0.9433,1.6629,1.5035,11.5843,11.929,1.8196
2024-08-05,1.0966,0.85878,155.98,0.9304,1.7008,1.5188,11.534,12.1108,1.8461
2024-08-06,1.0915,0.85998,158.29,0.9325,1.6837,1.5097,11.559,12.0005,1.8423
2024-08-07,1.0922,0.85808,160.62,0.9409,1.6643,1.501,11.4235,11.781,1.815
2024-08-08,1.093,0.86093,159.74,0.9368,1.6677,1.5021,11.4955,11.8825,1.823
2024-08-09,1.0917,0.85708,160.33,0.9435,1.6609,1.5007,11.4955,11.8295,1.8156
2024-08-12,1.0925,0.85554,161.25,0.9491,1.656,1.4998,11.4935,11.7745,1.811
2024-08-13,1.0931,0.85458,161.17,0.948,1.6572,1.5014,11.506,11.797,1.8089
2024-08-14,1.1019,0.85783,161.98,0.9515,1.6643,1.5115,11.4843,11.7665,1.8324
2024-08-15,1.1011,0.85615,162.14,0.9541,1.6609,1.509,11.5135,11.7455,1.832
2024-08-16,1.0994,0.85128,162.72,0.954,1.6577,1.5095,11.5435,11.8185,1.824
2024-08-19,1.1041,0.85243,161.22,0.9543,1.6486,1.5098,11.4871,11.7345,1.817
2024-08-20,1.1084,0.85194,162.18,0.9527,1.6454,1.5085,11.3825,11.6825,1.8042
2024-08-21,1.1116,0.85303,162.26,0.9503,1.6495,1.5117,11.378,11.683,1.8109
2024-08-22,1.1135,0.84943,162.64,0.949,1.655,1.513,11.392,11.7685,1.8107
2024-08-23,1.1121,0.84733,162.37,0.9476,1.6518,1.5106,11.4355,11.802,1.8061
2024-08-26,1.1163,0.84645,160.94,0.946,1.6496,1.5076,11.403,11.7785,1.8008
2024-08-27,1.1162,0.84438,161.24,0.944,1.6461,1.5041,11.3758,11.723,1.7912
2024-08-28,1.1117,0.84163,160.57,0.9375,1.6407,1.4982,11.335,11.712,1.7823
2024-08-29,1.1088,0.84175,160.36,0.9364,1.6274,1.4927,11.3455,11.641,1.768
2024-08-30,1.1087,0.8412,161.19,0.9416,1.6301,1.4941,11.3355,11.662,1.7709
2024-09-02,1.1061,0.84218,162.56,0.9415,1.6322,1.4932,11.351,11.73,1.7767
2024-09-03,1.1035,0.84085,161.26,0.9409,1.6394,1.4951,11.372,11.766,1.7839
2024-09-04,1.105,0.84248,160.26,0.9396,1.645,1.498,11.411,11.805,1.7861
2024-09-05,1.1097,0.84318,159.2,0.939,1.6498,1.4996,11.3995,11.7895,1.7874
2024-09-06,1.1103,0.84293,158.93,0.9365,1.6503,1.4984,11.3698,11.8015,1.7858
2024-09-09,1.1043,0.84365,158.53,0.9376,1.6596,1.4979,11.455,11.9405,1.8004
2024-09-10,1.1031,0.84265,157.81,0.9349,1.6551,1.4973,11.4355,11.902,1.7921
2024-09-11,1.1043,0.84375,156.6,0.9358,1.656,1.4997,11.435,11.937,1.7966
2024-09-12,1.1016,0.8446,157.02,0.9414,1.6497,1.4964,11.414,11.934,1.796
2024-09-13,1.1081,0.84475,156.17,0.9387,1.6542,1.5061,11.3635,11.8495,1.7973
2024-09-16,1.1126,0.84278,155.66,0.9394,1.6492,1.5109,11.3195,11.78,1.7958
2024-09-17,1.1139,0.84278,156.71,0.9405,1.6472,1.5134,11.3245,11.7885,1.7965
2024-09-18,1.1124,0.84225,157.94,0.9388,1.64,1.5117,11.324,11.7753,1.7877
2024-09-19,1.1156,0.83953,159.53,0.946,1.6352,1.511,11.3175,11.6678,1.7845
2024-09-20,1.1166,0.8391,161.08,0.9486,1.6388,1.5148,11.381,11.733,1.7919
2024-09-23,1.1119,0.83518,159.58,0.9448,1.6274,1.5065,11.362,11.686,1.777
2024-09-24,1.1133,0.8322,160.14,0.9439,1.6237,1.5033,11.2935,11.612,1.7707
2024-09-25,1.1194,0.83653,161.49,0.9495,1.6276,1.5044,11.311,11.684,1.7725
2024-09-26,1.1155,0.83428,160.78,0.9452,1.6217,1.5025,11.3,11.7865,1.7691
2024-09-27,1.1158,0.83338,159.63,0.942,1.618,1.5036,11.273,11.7575,1.7649
2024-09-30,1.1196,0.83543,159.82,0.9439,1.6166,1.5133,11.3,11.7645,1.7616
2024-10-01,1.1086,0.83193,159.37,0.9394,1.604,1.4986,11.3145,11.7305,1.7548
2024-10-02,1.1071,0.83288,160.26,0.9388,1.6048,1.4932,11.3495,11.6735,1.7614
2024-10-03,1.1039,0.84258,161.98,0.9387,1.6124,1.4945,11.361,11.7195,1.7749
2024-10-04,1.1029,0.83735,161.69,0.9394,1.6121,1.4952,11.3375,11.6845,1.7779
2024-10-07,1.0982,0.83918,162.63,0.9388,1.6155,1.4914,11.366,11.656,1.7847
2024-10-08,1.0982,0.83778,162.49,0.941,1.6293,1.4981,11.349,11.687,1.7933
2024-10-09,1.0957,0.8374,162.97,0.9397,1.6283,1.4985,11.362,11.786,1.8038
2024-10-10,1.0932,0.83686,162.85,0.9393,1.6276,1.5031,11.3655,11.792,1.7998
2024-10-11,1.0938,0.83705,162.94,0.9378,1.6233,1.5063,11.354,11.7393,1.7941
2024-10-14,1.0915,0.83665,163.39,0.9409,1.6248,1.5047,11.3735,11.7465,1.7948
2024-10-15,1.0903,0.83355,162.85,0.9401,1.6236,1.5063,11.301,11.766,1.7902
2024-10-16,1.0897,0.83605,162.57,0.9397,1.6291,1.5013,11.346,11.8015,1.7924
2024-10-17,1.0866,0.83455,162.5,0.938,1.6228,1.4975,11.418,11.8735,1.7903
2024-10-18,1.0847,0.83165,162.75,0.9401,1.6165,1.496,11.4205,11.8115,1.7865
2024-10-21,1.0853,0.83315,162.79,0.938,1.623,1.4998,11.4275,11.838,1.792
2024-10-22,1.0821,0.8334,163.22,0.9365,1.6177,1.4964,11.4005,11.823,1.787
2024-10-23,1.0767,0.83148,164.66,0.934,1.6233,1.49,11.412,11.8525,1.7918
2024-10-24,1.0801,0.8321,164.12,0.9349,1.6234,1.4922,11.419,11.8155,1.7914
2024-10-25,1.0825,0.83358,164.45,0.9382,1.6311,1.4989,11.4475,11.8195,1.8025
2024-10-28,1.0818,0.8329,165.18,0.9367,1.6372,1.503,11.471,11.912,1.8059
2024-10-29,1.0774,0.8302,165.66,0.9369,1.6423,1.4981,11.517,11.8415,1.8076
2024-10-30,1.0815,0.83425,165.91,0.9393,1.646,1.5072,11.566,11.8785,1.8099
2024-10-31,1.0882,0.83753,166.3,0.9412,1.6559,1.5134,11.6308,11.9385,1.822
2024-11-01,1.0885,0.83998,165.54,0.9427,1.653,1.5144,11.6115,11.96,1.8164
2024-11-04,1.0904,0.84063,165.47,0.941,1.6516,1.5155,11.6445,11.9465,1.8196
2024-11-05,1.0897,0.8392,165.93,0.9402,1.6452,1.5128,11.6665,11.96,1.8169
2024-11-06,1.0695,0.83223,165.05,0.9368,1.6301,1.4893,11.6515,11.909,1.7997
2024-11-07,1.0785,0.83185,165.71,0.9432,1.6196,1.496,11.599,11.7485,1.7932
2024-11-08,1.0772,0.83188,164.18,0.9393,1.6259,1.4983,11.59,11.7735,1.797
2024-11-11,1.0651,0.8268,163.82,0.9369,1.6186,1.4848,11.592,11.7865,1.7857
2024-11-12,1.0617,0.82835,163.71,0.9354,1.6206,1.4799,11.542,11.7385,1.7848
2024-11-13,1.0629,0.83413,164.71,0.9379,1.6299,1.484,11.5895,11.7645,1.7941
2024-11-14,1.0533,0.83158,164.24,0.9369,1.6285,1.4759,11.603,11.759,1.7958
2024-11-15,1.0583,0.83455,164.36,0.9389,1.6345,1.4861,11.5905,11.699,1.8015
2024-11-18,1.0552,0.8356,163.74,0.9364,1.6352,1.4873,11.6,11.717,1.8062
2024-11-19,1.0578,0.83638,162.71,0.9329,1.6264,1.4833,11.584,11.6595,1.7949
2024-11-20,1.0562,0.8338,164.42,0.9342,1.6225,1.4767,11.605,11.644,1.7947
2024-11-21,1.0526,0.83273,162.53,0.9294,1.6141,1.47,11.607,11.62,1.7924
2024-11-22,1.0412,0.83205,160.84,0.9272,1.6018,1.4561,11.553,11.568,1.7824
2024-11-25,1.0495,0.83465,161.64,0.9324,1.6111,1.4648,11.503,11.5865,1.7926
2024-11-26,1.0522,0.8348,161.13,0.9314,1.6191,1.4833,11.523,11.6815,1.796
2024-11-27,1.0531,0.834,159.65,0.9309,1.6247,1.4807,11.529,11.69,1.7893
2024-11-28,1.0542,0.8323,159.89,0.9314,1.6228,1.477,11.5375,11.664,1.7912
2024-11-29,1.0562,0.83205,158.64,0.9309,1.6245,1.4796,11.518,11.6805,1.7873
2024-12-02,1.0507,0.82898,157.74,0.9316,1.6211,1.4748,11.527,11.659,1.7842
2024-12-03,1.0512,0.83123,157.3,0.9309,1.622,1.4753,11.5755,11.629,1.7873
2024-12-04,1.0492,0.8283,158.59,0.9305,1.6384,1.4755,11.548,11.6205,1.7987
2024-12-05,1.054,0.828,158.52,0.9305,1.6377,1.4809,11.5095,11.66,1.7985
2024-12-06,1.0581,0.82855,159.25,0.9284,1.6506,1.4882,11.523,11.7445,1.8113
2024-12-09,1.0568,0.82805,159.4,0.9295,1.638,1.4919,11.536,11.7435,1.803
2024-12-10,1.0527,0.82555,159.74,0.9267,1.6452,1.4908,11.5335,11.7315,1.8083
2024-12-11,1.0507,0.82458,160.35,0.928,1.6525,1.4905,11.5165,11.712,1.818
2024-12-12,1.0491,0.82428,159.6,0.9319,1.6413,1.4865,11.5,11.654,1.8114
2024-12-13,1.0518,0.83043,161.45,0.9385,1.6488,1.4954,11.515,11.6758,1.8218
2024-12-16,1.0498,0.82945,161.73,0.9372,1.651,1.4959,11.4541,11.716,1.8189
2024-12-17,1.0497,0.82648,161.63,0.9413,1.6547,1.4995,11.472,11.7635,1.8229
2024-12-18,1.0496,0.8252,161.52,0.9382,1.6602,1.5022,11.4895,11.762,1.8303
2024-12-19,1.0395,0.82445,163.07,0.9319,1.6631,1.493,11.4625,11.8143,1.8387
2024-12-20,1.039,0.82965,162.89,0.9297,1.6674,1.4946,11.476,11.8685,1.8445
2024-12-23,1.0393,0.82995,163.36,0.9336,1.6667,1.4978,11.484,11.807,1.8429
2024-12-24,1.0395,0.82805,163.25,0.9358,1.6681,1.4988,11.5335,11.849,1.8429
2024-12-27,1.0435,0.83098,164.65,0.9396,1.6777,1.5002,11.4795,11.8435,1.8508
2024-12-30,1.0444,0.8295,164.57,0.9435,1.6756,1.5035,11.4865,11.8455,1.847
2024-12-31,1.0389,0.82918,163.06,0.9412,1.6772,1.4948,11.459,11.795,1.8532
2025-01-02,1.0321,0.83118,162.04,0.9371,1.6618,1.4885,11.4223,11.7173,1.8402
2025-01-03,1.0299,0.82993,161.77,0.9362,1.6556,1.4842,11.4395,11.713,1.8366
2025-01-06,1.0426,0.83098,163.25,0.9396,1.6555,1.4914,11.4645,11.7095,1.8354
2025-01-07,1.0393,0.82915,163.86,0.9426,1.6557,1.4878,11.475,11.7385,1.8317
2025-01-08,1.0286,0.83403,162.94,0.9379,1.66,1.4803,11.5125,11.738,1.8383
2025-01-09,1.0305,0.83808,162.56,0.9397,1.663,1.4831,11.4945,11.7605,1.8417
2025-01-10,1.0304,0.83693,162.86,0.9416,1.6655,1.4845,11.497,11.757,1.8454
2025-01-13,1.0198,0.8416,160.22,0.9346,1.6578,1.4699,11.5055,11.709,1.8358
2025-01-14,1.0245,0.84288,161.63,0.9395,1.6601,1.4744,11.512,11.7195,1.8324
2025-01-15,1.03,0.84313,161.75,0.9394,1.6616,1.4784,11.5015,11.7035,1.8381
2025-01-16,1.0272,0.84258,160.46,0.9376,1.6574,1.4776,11.485,11.6965,1.8389
2025-01-17,1.0298,0.84453,160.23,0.9394,1.6646,1.4864,11.506,11.759,1.8435
2025-01-20,1.0316,0.84588,161.36,0.9429,1.6627,1.4924,11.4945,11.7665,1.8407
2025-01-21,1.0357,0.84553,161.26,0.9427,1.6639,1.4963,11.475,11.817,1.8406
2025-01-22,1.0443,0.84466,162.72,0.9449,1.6603,1.4972,11.467,11.7525,1.8387
2025-01-23,1.0404,0.84468,162.58,0.9442,1.6594,1.4984,11.4685,11.7305,1.8377
2025-01-24,1.0472,0.84413,163.9,0.9494,1.66,1.5015,11.459,11.7495,1.8364
2025-01-27,1.053,0.84106,162.21,0.9453,1.67,1.5096,11.496,11.8095,1.8464
2025-01-28,1.0421,0.83868,161.86,0.9441,1.6698,1.5019,11.478,11.7785,1.8439
2025-01-29,1.0396,0.83723,161.5,0.943,1.671,1.5011,11.4555,11.7785,1.8426
2025-01-30,1.0403,0.83685,160.32,0.9441,1.6705,1.4997,11.47,11.7615,1.8408
2025-01-31,1.0393,0.83608,160.99,0.9449,1.6702,1.5035,11.474,11.7373,1.8391
2025-02-03,1.0274,0.83136,158.87,0.9393,1.6671,1.5051,11.481,11.7138,1.8424
2025-02-04,1.0335,0.83188,160.52,0.9396,1.6629,1.4894,11.418,11.721,1.8418
2025-02-05,1.0422,0.83085,159.25,0.9395,1.658,1.4876,11.3583,11.6693,1.8321
2025-02-06,1.036,0.83688,157.95,0.9385,1.6547,1.4865,11.321,11.6585,1.8317
2025-02-07,1.0377,0.83353,157.77,0.9418,1.6525,1.4883,11.2865,11.625,1.8287
2025-02-10,1.032,0.83283,156.92,0.9396,1.6448,1.4798,11.2765,11.5745,1.8257
2025-02-11,1.0324,0.83355,157.28,0.9429,1.6442,1.4789,11.2525,11.5755,1.8284
2025-02-12,1.037,0.83338,159.22,0.9457,1.6525,1.483,11.2895,11.662,1.8391
2025-02-13,1.039,0.83313,159.79,0.9421,1.6591,1.4844,11.2815,11.7145,1.8447
2025-02-14,1.0478,0.83215,160.09,0.9442,1.6514,1.4856,11.2445,11.6515,1.8352
2025-02-17,1.0473,0.83133,158.67,0.944,1.6456,1.4861,11.216,11.6415,1.8263
2025-02-18,1.0447,0.83025,158.55,0.9425,1.6466,1.4844,11.2115,11.659,1.8338
2025-02-19,1.0434,0.82838,158.41,0.9435,1.6419,1.4821,11.214,11.629,1.8252
2025-02-20,1.0443,0.82823,156.6,0.9423,1.6382,1.4841,11.166,11.609,1.8227
2025-02-21,1.0465,0.8276,157.46,0.942,1.6394,1.4856,11.1425,11.629,1.8186
2025-02-24,1.0466,0.8283,156.81,0.9415,1.6434,1.4876,11.153,11.6355,1.8213
2025-02-25,1.0497,0.82908,157.19,0.9386,1.6538,1.4969,11.1455,11.6638,1.8337
2025-02-26,1.0487,0.82868,156.7,0.9392,1.6622,1.5054,11.143,11.6895,1.8419
2025-02-27,1.0477,0.82673,156.73,0.9407,1.6638,1.504,11.159,11.7015,1.8434
2025-02-28,1.0411,0.82608,156.96,0.9394,1.6741,1.5019,11.188,11.7245,1.8579
2025-03-03,1.0465,0.8253,158.33,0.9428,1.6811,1.5104,11.15,11.695,1.8669
2025-03-04,1.0557,0.82788,156.5,0.9371,1.6919,1.5224,11.0995,11.808,1.872
2025-03-05,1.0694,0.835,160.09,0.9514,1.703,1.5398,11.0125,11.82,1.8832
2025-03-06,1.0796,0.8379,159.24,0.9565,1.7037,1.5509,10.962,11.716,1.881
2025-03-07,1.0857,0.84088,160.35,0.9557,1.7258,1.5566,10.9715,11.759,1.9012
2025-03-10,1.0845,0.83849,159.39,0.9512,1.7158,1.5642,10.9695,11.6705,1.8917
2025-03-11,1.0912,0.84374,161.52,0.9608,1.7357,1.5731,10.9815,11.634,1.913
2025-03-12,1.0886,0.84078,162.23,0.9619,1.7297,1.5684,10.9765,11.6085,1.9056
2025-03-13,1.083,0.83778,160.64,0.9579,1.7264,1.5591,11.07,11.5975,1.9045
2025-03-14,1.0889,0.84183,161.88,0.9641,1.7237,1.5691,11.0538,11.62,1.8985
2025-03-17,1.0903,0.84026,162.26,0.9616,1.716,1.5625,11.0225,11.5283,1.8813
2025-03-18,1.0918,0.84173,163.5,0.9601,1.7147,1.5599,10.997,11.528,1.8777
2025-03-19,1.0897,0.84078,163.27,0.9583,1.7208,1.5606,11.0025,11.505,1.8832
2025-03-20,1.0833,0.8369,160.85,0.9564,1.7242,1.5592,11.0295,11.5025,1.8896
2025-03-21,1.0827,0.83765,160.99,0.9547,1.724,1.5551,10.933,11.401,1.8821
2025-03-24,1.0824,0.83663,162.15,0.9544,1.7223,1.552,10.957,11.3795,1.8908
2025-03-25,1.0825,0.83565,162.32,0.9539,1.7123,1.5459,10.7975,11.309,1.8834
2025-03-26,1.0788,0.83623,162.2,0.9532,1.7077,1.5387,10.8395,11.3585,1.8749
2025-03-27,1.0785,0.83318,162.55,0.9524,1.7101,1.5425,10.8235,11.3435,1.8778
2025-03-28,1.0797,0.83358,162.64,0.9525,1.712,1.5444,10.82,11.294,1.8845
2025-03-31,1.0815,0.83536,161.6,0.9531,1.7318,1.5533,10.849,11.413,1.9035
2025-04-01,1.0788,0.83665,160.93,0.952,1.7255,1.5529,10.816,11.318,1.9001
2025-04-02,1.0803,0.83455,161.22,0.9543,1.7146,1.5479,10.764,11.2745,1.8821
2025-04-03,1.1097,0.84163,162.17,0.9538,1.7448,1.5636,10.7205,11.4235,1.9047
2025-04-04,1.1057,0.84985,160.56,0.9407,1.8098,1.5696,10.974,11.6815,1.9613
2025-04-07,1.0967,0.85588,160.58,0.9377,1.8174,1.5657,11.078,11.9545,1.9651
2025-04-08,1.095,0.85644,160.65,0.9349,1.8073,1.5512,10.9775,11.9505,1.9534
2025-04-09,1.1045,0.86435,159.61,0.9278,1.8391,1.5671,11.0715,12.1195,1.9878
2025-04-10,1.1082,0.85755,161.28,0.9299,1.7905,1.5607,11.019,11.9815,1.9428
2025-04-11,1.1346,0.86678,162.07,0.9252,1.8201,1.5736,11.1198,12.1005,1.9576
2025-04-14,1.1377,0.86383,162.97,0.9329,1.8034,1.5786,11.0065,12.0205,1.943
2025-04-15,1.1324,0.8557,161.85,0.9242,1.7794,1.5711,11.0611,11.9726,1.9104
2025-04-16,1.1355,0.85618,162.09,0.926,1.7816,1.5807,11.155,12.0725,1.92
2025-04-17,1.136,0.85873,161.98,0.9291,1.7845,1.5773,11.0278,11.9655,1.9118
2025-04-22,1.1476,0.85858,161.05,0.9318,1.7945,1.5891,10.9153,11.8885,1.9141
2025-04-23,1.1415,0.85793,161.68,0.9382,1.7814,1.5789,10.9395,11.891,1.9063
2025-04-24,1.1376,0.855,162.16,0.9392,1.7823,1.5769,10.911,11.8285,1.9026
2025-04-25,1.1357,0.8531,162.8,0.9421,1.7797,1.5754,11.0015,11.8415,1.9063
2025-04-28,1.1358,0.8514,162.8,0.942,1.7759,1.5744,10.997,11.8615,1.9094
2025-04-29,1.1373,0.8498,162.28,0.9392,1.7754,1.5746,10.962,11.8045,1.9106
2025-04-30,1.1373,0.8518,162.68,0.9389,1.7798,1.5728,10.9715,11.809,1.9219
2025-05-02,1.1343,0.8533,163.93,0.9343,1.762,1.5675,10.9375,11.7585,1.9078
2025-05-05,1.1343,0.8515,163.19,0.9336,1.7492,1.566,10.9355,11.7885,1.8948
2025-05-06,1.1325,0.8469,161.64,0.9346,1.7522,1.5629,10.88,11.7015,1.8925
2025-05-07,1.136,0.8511,162.89,0.9359,1.7553,1.5673,10.903,11.6715,1.8979
2025-05-08,1.1297,0.8476,163.45,0.9325,1.7605,1.5694,10.903,11.688,1.9065
2025-05-09,1.1252,0.8477,163.36,0.9353,1.7572,1.5658,10.92,11.6725,1.9095
2025-05-12,1.1106,0.8429,164.46,0.9369,1.7384,1.5531,10.8845,11.596,1.8902
2025-05-13,1.1112,0.8406,164.61,0.9358,1.7341,1.5552,10.8255,11.5733,1.8858
2025-05-14,1.1214,0.8415,164.01,0.939,1.734,1.5632,10.854,11.5715,1.8869
2025-05-15,1.1185,0.8424,163.3,0.9377,1.7457,1.5645,10.8875,11.65,1.9037
2025-05-16,1.1194,0.8427,163.05,0.9381,1.7458,1.564,10.9327,11.635,1.8987
2025-05-19,1.1262,0.8419,163.26,0.9394,1.7471,1.5707,10.9015,11.5955,1.9048
2025-05-20,1.1241,0.8418,162.59,0.9366,1.7538,1.5683,10.8835,11.5955,1.9035
2025-05-21,1.1321,0.8446,162.76,0.9352,1.7569,1.5721,10.8445,11.484,1.9067
2025-05-22,1.1309,0.8427,162.19,0.9343,1.7608,1.568,10.8485,11.5155,1.9147
2025-05-23,1.1301,0.8382,161.13,0.9299,1.7569,1.563,10.8348,11.522,1.9012
2025-05-26,1.1381,0.8392,162.63,0.9356,1.7488,1.5614,10.8335,11.484,1.8926
2025-05-27,1.1356,0.8381,163.72,0.9386,1.7624,1.5642,10.8785,11.506,1.9078
2025-05-28,1.1317,0.8398,163.43,0.9364,1.758,1.5649,10.8735,11.4945,1.8974
2025-05-29,1.1281,0.8377,163.47,0.9339,1.7513,1.5594,10.8695,11.488,1.8901
2025-05-30,1.1339,0.8412,162.96,0.9341,1.7647,1.5656,10.8735,11.5408,1.9017
2025-06-02,1.1419,0.8434,162.98,0.9336,1.7606,1.5643,10.8535,11.51,1.8972
2025-06-03,1.1386,0.8436,163.0,0.9358,1.764,1.5643,10.9245,11.533,1.8997
2025-06-04,1.1384,0.8421,164.15,0.937,1.7552,1.5601,10.9475,11.5185,1.8926
2025-06-05,1.1423,0.8419,163.66,0.9365,1.755,1.5603,10.943,11.5265,1.8889
2025-06-06,1.1411,0.8426,164.62,0.9383,1.7592,1.563,10.959,11.524,1.8936
2025-06-09,1.141,0.8424,164.88,0.9369,1.7514,1.5615,10.97,11.509,1.8874
2025-06-10,1.1429,0.8464,165.23,0.9389,1.7529,1.5647,10.946,11.5073,1.8883
2025-06-11,1.1433,0.8476,166.17,0.9405,1.7578,1.5647,10.9845,11.566,1.8973
2025-06-12,1.1594,0.8538,166.64,0.9427,1.7799,1.5807,10.9355,11.574,1.916
2025-06-13,1.1512,0.8505,165.94,0.9359,1.7777,1.569,10.9635,11.4435,1.9167
2025-06-16,1.1574,0.8523,166.89,0.9393,1.7732,1.5701,10.9615,11.467,1.9113
2025-06-17,1.1568,0.8525,167.35,0.9406,1.7693,1.5688,10.948,11.4175,1.904
2025-06-18,1.1508,0.8552,166.67,0.9403,1.7703,1.5714,11.027,11.4435,1.9096
2025-06-19,1.1478,0.8541,167.2,0.9389,1.7744,1.5735,11.067,11.5315,1.9192
2025-06-20,1.1515,0.8537,167.67,0.9415,1.7754,1.5793,11.125,11.598,1.9229
2025-06-23,1.1472,0.8567,169.27,0.9387,1.7963,1.5818,11.1635,11.6635,1.9454
2025-06-24,1.1607,0.8527,168.27,0.9387,1.7834,1.5915,11.063,11.713,1.9244
2025-06-25,1.1598,0.8526,169.07,0.9361,1.7854,1.5928,11.06,11.782,1.9272
2025-06-26,1.1695,0.8535,168.92,0.9379,1.7906,1.6008,11.091,11.8125,1.9332
2025-06-27,1.1704,0.8529,169.24,0.9359,1.7912,1.5977,11.1183,11.792,1.9318
2025-06-30,1.172,0.8555,169.17,0.9347,1.7948,1.6027,11.1465,11.8345,1.9334
2025-07-01,1.181,0.8588,168.7,0.9324,1.7935,1.6076,11.159,11.8445,1.9324
2025-07-02,1.1755,0.8605,169.45,0.933,1.7934,1.6041,11.2005,11.878,1.9402
2025-07-03,1.1782,0.8629,169.58,0.9351,1.7928,1.601,11.2515,11.875,1.942
2025-07-04,1.1767,0.8625,169.92,0.9346,1.7948,1.5995,11.2505,11.847,1.9413
2025-07-07,1.1728,0.8611,170.71,0.9354,1.8043,1.6016,11.1645,11.8755,1.9552
2025-07-08,1.1718,0.8632,171.7,0.9351,1.7925,1.6006,11.1695,11.8295,1.9499
2025-07-09,1.1698,0.8613,171.63,0.9325,1.7938,1.603,11.1645,11.83,1.9544
2025-07-10,1.1709,0.8627,171.33,0.932,1.7873,1.6028,11.152,11.803,1.9476
2025-07-11,1.1683,0.8657,171.81,0.931,1.7777,1.6007,11.148,11.8305,1.9447
2025-07-14,1.169,0.8667,172.27,0.9307,1.7806,1.5984,11.205,11.803,1.9517
2025-07-15,1.1665,0.8679,172.58,0.9299,1.7785,1.5973,11.27,11.8715,1.9474
2025-07-16,1.1602,0.8659,172.56,0.9326,1.7794,1.5924,11.3195,11.946,1.9527
2025-07-17,1.1579,0.8644,172.28,0.9323,1.7923,1.5937,11.311,11.9675,1.9587
2025-07-18,1.165,0.8656,172.94,0.9324,1.7852,1.5984,11.2505,11.8335,1.9493
2025-07-21,1.1667,0.8656,172.02,0.9325,1.7883,1.599,11.212,11.866,1.9536
2025-07-22,1.1699,0.8675,172.17,0.9326,1.7944,1.5993,11.211,11.8845,1.9629
2025-07-23,1.1726,0.8665,171.53,0.9306,1.7776,1.5928,11.164,11.8415,1.9409
2025-07-24,1.1756,0.8675,172.22,0.9341,1.7771,1.6009,11.185,11.8765,1.9427
2025-07-25,1.1724,0.8715,173.11,0.9343,1.7852,1.6035,11.1665,11.8995,1.9496
2025-07-28,1.1654,0.8679,172.65,0.9334,1.7853,1.5992,11.1545,11.8625,1.9487
2025-07-29,1.1533,0.865,171.58,0.9305,1.7753,1.5887,11.156,11.8165,1.9398
2025-07-30,1.1527,0.8622,170.96,0.9301,1.7775,1.59,11.1435,11.7795,1.9391
2025-07-31,1.1446,0.8649,171.52,0.9297,1.7762,1.5838,11.1575,11.774,1.9375
2025-08-01,1.1404,0.8665,171.61,0.9312,1.7756,1.5822,11.1965,11.8128,1.9456
2025-08-04,1.1565,0.8704,170.45,0.9344,1.7846,1.5934,11.1825,11.8745,1.9544
2025-08-05,1.1546,0.8693,170.42,0.9347,1.786,1.5928,11.173,11.857,1.9584
2025-08-06,1.1604,0.8717,171.22,0.9369,1.7844,1.5967,11.1955,11.8515,1.9567
2025-08-07,1.1643,0.8673,171.6,0.9413,1.7852,1.6001,11.1945,11.8903,1.956
2025-08-08,1.1648,0.8671,172.18,0.941,1.7857,1.6003,11.178,11.954,1.9562
2025-08-11,1.1622,0.8656,171.86,0.943,1.7858,1.602,11.182,11.905,1.9597
2025-08-12,1.1606,0.8621,172.3,0.9418,1.7887,1.6015,11.192,11.8938,1.9605
2025-08-13,1.1711,0.8631,172.47,0.9409,1.7872,1.6114,11.1575,11.944,1.9569
2025-08-14,1.169,0.861,171.3,0.9415,1.7918,1.6113,11.182,11.9215,1.9649
2025-08-15,1.1688,0.8622,171.81,0.9418,1.7947,1.612,11.1775,11.896,1.9717
2025-08-18,1.1673,0.8621,172.27,0.9423,1.7931,1.6098,11.157,11.884,1.9665
2025-08-19,1.1682,0.864,172.67,0.9409,1.7994,1.6133,11.158,11.928,1.9713
2025-08-20,1.1651,0.8645,171.77,0.9403,1.8094,1.6156,11.177,11.9505,1.9983
2025-08-21,1.1639,0.8654,172.09,0.9389,1.8118,1.6164,11.164,11.8505,1.9986
2025-08-22,1.1608,0.8653,172.6,0.9383,1.8068,1.6151,11.1775,11.8325,1.9978
2025-08-25,1.1697,0.8659,172.36,0.9385,1.8005,1.6171,11.1345,11.8085,1.9928
2025-08-26,1.1656,0.8642,171.77,0.9376,1.7956,1.6137,11.1565,11.836,1.9903
2025-08-27,1.1593,0.8626,171.63,0.935,1.7916,1.6056,11.116,11.786,1.9894
2025-08-28,1.1676,0.8637,171.48,0.9353,1.788,1.6062,11.0735,11.748,1.9871
2025-08-29,1.1658,0.8668,171.72,0.9364,1.7865,1.6031,11.055,11.7465,1.9811
2025-09-01,1.1715,0.8662,172.47,0.9383,1.7885,1.6105,11.012,11.7315,1.9863
2025-09-02,1.1646,0.8702,173.1,0.9366,1.7897,1.6056,11.003,11.674,1.9892
2025-09-03,1.1653,0.8687,173.17,0.9374,1.7823,1.6079,11.0015,11.7,1.9857
2025-09-04,1.1647,0.8663,172.76,0.9383,1.787,1.6094,11.0185,11.753,1.9887
2025-09-05,1.1697,0.8678,173.09,0.939,1.787,1.6138,11.001,11.7505,1.9901
2025-09-08,1.1728,0.8669,173.39,0.9328,1.7799,1.619,11.0005,11.7125,1.9761
2025-09-09,1.1744,0.8663,172.36,0.9331,1.7771,1.622,11.0018,11.7105,1.9741
2025-09-10,1.1707,0.865,172.67,0.9338,1.772,1.6224,10.951,11.6195,1.9704
2025-09-11,1.1685,0.8647,172.88,0.9346,1.7697,1.6222,10.9515,11.612,1.9713
2025-09-12,1.1718,0.8653,173.33,0.9347,1.7646,1.6227,10.9485,11.5845,1.9702
2025-09-15,1.1766,0.8641,173.38,0.9353,1.7659,1.6262,10.9115,11.5565,1.9723
2025-09-16,1.1807,0.8656,173.55,0.9336,1.7698,1.6233,10.9305,11.59,1.9759
2025-09-17,1.1837,0.8675,173.28,0.9317,1.7728,1.6281,10.9635,11.626,1.9786
2025-09-18,1.1818,0.868,174.24,0.9331,1.7781,1.6288,10.998,11.587,2.0029
2025-09-19,1.1736,0.8708,173.79,0.9344,1.7802,1.6214,11.0705,11.6705,2.0029
2025-09-22,1.1781,0.8729,174.17,0.9348,1.7865,1.6272,11.0495,11.7025,2.0104
2025-09-23,1.1793,0.8729,174.3,0.9344,1.7854,1.6307,10.9887,11.672,2.0113
2025-09-24,1.1756,0.8731,174.51,0.9335,1.7791,1.6302,11.035,11.688,2.0139
2025-09-25,1.1739,0.8748,174.7,0.9344,1.7832,1.631,11.0485,11.689,2.02
2025-09-26,1.1672,0.874,174.79,0.9332,1.7881,1.628,11.037,11.7105,2.0257
2025-09-29,1.1723,0.8723,174.38,0.9357,1.7859,1.6333,11.03,11.6775,2.027
2025-09-30,1.1741,0.8734,173.76,0.9364,1.776,1.6346,11.0565,11.7265,2.0257
2025-10-01,1.1724,0.8704,172.47,0.9365,1.7741,1.6337,11.0355,11.658,2.0184
2025-10-02,1.1754,0.8721,172.53,0.935,1.7786,1.6387,11.0025,11.675,2.0163
2025-10-03,1.1734,0.8726,172.9,0.9343,1.7771,1.6387,11.003,11.6745,2.0122
2025-10-06,1.1678,0.8695,175.22,0.9314,1.7698,1.6304,10.988,11.621,2.006
2025-10-07,1.1666,0.8703,176.05,0.9314,1.7708,1.628,10.9495,11.6025,2.0091
2025-10-08,1.1627,0.8671,177.53,0.9305,1.7689,1.621,10.9635,11.6125,2.013
2025-10-09,1.1611,0.8683,177.4,0.9309,1.76,1.6198,10.987,11.624,2.0097
2025-10-10,1.1568,0.8709,176.46,0.9324,1.765,1.6218,11.008,11.6775,2.011
2025-10-13,1.1569,0.8677,175.98,0.9304,1.7775,1.6207,11.013,11.679,2.022
2025-10-14,1.1553,0.8712,175.72,0.9296,1.7906,1.6249,11.038,11.7725,2.0309
2025-10-15,1.1622,0.8705,176.13,0.9305,1.7839,1.6323,11.0195,11.7225,2.0309
2025-10-16,1.1649,0.8676,176.23,0.9302,1.7926,1.637,11.013,11.734,2.0309
2025-10-17,1.1681,0.8695,175.7,0.9257,1.7995,1.6393,11.03,11.7293,2.038
2025-10-20,1.1655,0.8691,175.71,0.9239,1.7965,1.6368,10.99,11.7415,2.0349
2025-10-21,1.1607,0.8678,176.45,0.923,1.7885,1.6301,10.9345,11.6693,2.0287
2025-10-22,1.1587,0.8689,175.92,0.9228,1.7864,1.6254,10.916,11.643,2.0185
2025-10-23,1.1593,0.8691,176.94,0.9249,1.7825,1.6221,10.9193,11.5829,2.0184
2025-10-24,1.1612,0.8726,177.55,0.9248,1.7862,1.6286,10.904,11.6185,2.0214
2025-10-27,1.164,0.8721,177.93,0.9264,1.7747,1.6276,10.912,11.632,2.0186
2025-10-28,1.163,0.876,177.11,0.9262,1.7745,1.6284,10.921,11.6335,2.0175
2025-10-29,1.1636,0.8807,177.07,0.9278,1.7631,1.6207,10.896,11.6385,2.0119
2025-10-30,1.155,0.8801,178.37,0.9281,1.7672,1.6179,10.94,11.6648,2.0164
2025-10-31,1.1554,0.8816,178.14,0.9287,1.7672,1.6207,10.925,11.6485,2.0212
2025-11-03,1.1514,0.8765,177.57,0.9298,1.7597,1.617,10.935,11.648,2.0156
2025-11-04,1.1491,0.8795,176.39,0.9295,1.7691,1.6178,10.9865,11.7265,2.0299
2025-11-05,1.1492,0.881,176.67,0.9307,1.7724,1.6238,11.0175,11.749,2.0349
2025-11-06,1.1533,0.8807,177.15,0.9316,1.7697,1.6252,10.99,11.7265,2.0353
2025-11-07,1.1561,0.8811,176.99,0.9312,1.7838,1.6311,11.046,11.78,2.0569
2025-11-10,1.1571,0.8778,178.31,0.9318,1.771,1.6213,10.987,11.6885,2.0511
2025-11-11,1.1575,0.8804,178.46,0.9278,1.7738,1.6234,10.973,11.6605,2.0478
2025-11-12,1.1576,0.8823,179.19,0.925,1.7696,1.6216,10.9395,11.6495,2.0432
2025-11-13,1.1619,0.8819,179.57,0.9244,1.7722,1.6272,10.9405,11.674,2.0507
2025-11-14,1.1648,0.8846,179.22,0.9185,1.7847,1.6331,10.9835,11.7285,2.0489
2025-11-17,1.1593,0.8795,179.57,0.9225,1.7798,1.627,10.9635,11.7005,2.0464
2025-11-18,1.159,0.8821,179.94,0.9233,1.783,1.6257,10.997,11.7333,2.0459
2025-11-19,1.1583,0.8827,180.85,0.9284,1.7853,1.623,10.992,11.748,2.0585
2025-11-20,1.1514,0.8815,181.47,0.9294,1.7773,1.6194,10.9995,11.7405,2.0508
2025-11-21,1.152,0.8803,180.56,0.9289,1.7873,1.6226,11.026,11.794,2.056
2025-11-24,1.1544,0.8804,181.22,0.9324,1.7878,1.6279,11.006,11.7945,2.0531
2025-11-25,1.1551,0.8788,180.42,0.9345,1.7877,1.6301,11.048,11.848,2.0603
2025-11-26,1.1577,0.8776,181.09,0.9341,1.7818,1.6309,11.0345,11.8468,2.0395
2025-11-27,1.1586,0.8754,181.11,0.9337,1.7753,1.6273,10.9945,11.803,2.0277
2025-11-28,1.1566,0.8752,180.57,0.9318,1.7721,1.621,10.9695,11.7645,2.0247
2025-12-01,1.1646,0.8778,180.28,0.9323,1.774,1.6259,10.963,11.771,2.0257
2025-12-02,1.1614,0.8796,181.26,0.9346,1.7723,1.6264,10.9865,11.789,2.0294
2025-12-03,1.1668,0.8766,181.28,0.9336,1.77,1.627,10.955,11.758,2.0292
2025-12-04,1.1666,0.8745,180.55,0.934,1.7657,1.6299,10.967,11.782,2.0236
2025-12-05,1.1645,0.8727,180.76,0.9365,1.7546,1.623,10.959,11.755,2.0158
2025-12-08,1.1655,0.8746,181.29,0.9388,1.7549,1.609,10.9495,11.786,2.013
2025-12-09,1.1637,0.8735,181.96,0.9385,1.7532,1.6114,10.9015,11.7845,2.0111
2025-12-10,1.1634,0.8741,182.32,0.9356,1.7513,1.6108,10.858,11.809,2.0126
2025-12-11,1.1714,0.8751,182.25,0.9333,1.7601,1.6164,10.845,11.825,2.0155
2025-12-12,1.1731,0.8767,182.99,0.9333,1.7594,1.6139,10.8865,11.856,2.0189
2025-12-15,1.1753,0.8779,182.32,0.9355,1.7669,1.6169,10.9155,11.9075,2.029
2025-12-16,1.1776,0.8764,182.07,0.9351,1.7737,1.6206,10.942,11.985,2.0346
2025-12-17,1.1722,0.8785,182.38,0.9332,1.7704,1.6165,10.936,11.9858,2.0294
2025-12-18,1.1719,0.8746,182.55,0.9316,1.7734,1.6161,10.9015,11.9545,2.0324
2025-12-19,1.1712,0.876,184.15,0.9318,1.7739,1.6155,10.904,11.915,2.041
2025-12-22,1.1745,0.8742,184.77,0.9316,1.7667,1.6168,10.856,11.8875,2.0283
2025-12-23,1.1786,0.8729,183.89,0.9287,1.7607,1.6148,10.82,11.849,2.0189
2025-12-24,1.1787,0.8729,183.83,0.9284,1.7587,1.6128,10.8055,11.804,2.0197
2025-12-29,1.1766,0.8726,183.97,0.9293,1.7583,1.6106,10.816,11.827,2.0295
2025-12-30,1.1757,0.8712,183.48,0.9293,1.7543,1.6104,10.818,11.826,2.0278
2025-12-31,1.175,0.8726,184.09,0.9314,1.7581,1.6088,10.8215,11.843,2.038
2026-01-02,1.1721,0.8719,183.94,0.9296,1.7508,1.6097,10.8085,11.7985,2.0317
2026-01-05,1.1664,0.8676,182.93,0.9289,1.7492,1.6087,10.787,11.7795,2.0296
2026-01-06,1.1707,0.8663,183.14,0.9287,1.7422,1.6129,10.765,11.7285,2.0232
2026-01-07,1.1684,0.8664,182.91,0.9304,1.7367,1.6135,10.7365,11.7585,2.02
2026-01-08,1.1675,0.8687,182.97,0.9312,1.7433,1.6183,10.766,11.7935,2.0313
2026-01-09,1.1642,0.8677,183.52,0.9314,1.7441,1.6163,10.748,11.7765,2.0339
2026-01-12,1.1692,0.8674,184.42,0.9313,1.7409,1.6219,10.7008,11.7445,2.027
2026-01-13,1.1654,0.866,185.12,0.9311,1.7394,1.6172,10.7135,11.756,2.0231
2026-01-14,1.1651,0.8668,184.82,0.9333,1.745,1.6169,10.723,11.733,2.0303
2026-01-15,1.1624,0.8674,184.31,0.9314,1.7382,1.6162,10.6985,11.72,2.0246
2026-01-16,1.1617,0.867,183.67,0.9313,1.7344,1.6135,10.719,11.7203,2.0179
2026-01-19,1.1631,0.8671,183.69,0.9282,1.7342,1.6149,10.73,11.7295,2.0098
2026-01-20,1.1728,0.8722,185.18,0.9268,1.742,1.6215,10.708,11.7155,2.0098
2026-01-21,1.1739,0.8744,185.23,0.9268,1.734,1.6192,10.661,11.6365,2.0019
2026-01-22,1.1706,0.8722,185.88,0.9283,1.7197,1.6171,10.594,11.576,1.991
2026-01-23,1.1742,0.8681,185.71,0.9277,1.7104,1.6161,10.5705,11.542,1.9855
2026-01-26,1.1836,0.8675,182.52,0.9223,1.7133,1.623,10.6265,11.6015,1.9877
2026-01-27,1.1929,0.8683,182.92,0.9197,1.7167,1.6316,10.582,11.567,1.9907
2026-01-28,1.1974,0.8685,182.76,0.9188,1.7107,1.6242,10.5885,11.523,1.9859
2026-01-29,1.1968,0.8662,183.48,0.9182,1.6935,1.6186,10.5645,11.418,1.9689
2026-01-30,1.1919,0.8662,183.59,0.9157,1.7001,1.612,10.5205,11.3885,1.966
2026-02-02,1.184,0.8658,183.59,0.9199,1.7042,1.6157,10.5935,11.4655,1.9705
2026-02-03,1.1801,0.8623,183.92,0.9173,1.683,1.6116,10.5485,11.422,1.9532
2026-02-04,1.182,0.8616,185.15,0.9168,1.6814,1.6138,10.577,11.3995,1.9602
2026-02-05,1.1798,0.8691,185.11,0.9161,1.6922,1.6144,10.641,11.474,1.9676
2026-02-06,1.1794,0.8679,185.27,0.9175,1.688,1.6118,10.6735,11.4695,1.9673
2026-02-09,1.1886,0.8701,185.65,0.915,1.6843,1.6174,10.6505,11.429,1.9685
2026-02-10,1.1894,0.8695,184.51,0.9123,1.683,1.6141,10.6135,11.3115,1.9687
2026-02-11,1.19,0.8699,182.79,0.9136,1.6737,1.6138,10.564,11.265,1.9637
2026-02-12,1.1874,0.8711,182.52,0.9142,1.6678,1.6128,10.567,11.2535,1.9588
2026-02-13,1.1862,0.8716,181.83,0.9121,1.6824,1.6161,10.6254,11.326,1.9693
2026-02-16,1.1855,0.869,181.79,0.9129,1.6731,1.6155,10.6205,11.2665,1.9623
2026-02-17,1.1826,0.8733,181.06,0.9116,1.6776,1.6149,10.648,11.2815,1.9623
2026-02-18,1.1845,0.8724,181.99,0.9124,1.6748,1.6164,10.616,11.2285,1.973
2026-02-19,1.1753,0.8738,182.05,0.9119,1.6698,1.6107,10.6915,11.253,1.9728
2026-02-20,1.1767,0.8728,182.63,0.9132,1.6697,1.6112,10.6745,11.254,1.9763
2026-02-23,1.1784,0.8734,182.44,0.9145,1.6669,1.6132,10.6955,11.2585,1.975
2026-02-24,1.1777,0.8731,183.53,0.912,1.6718,1.6148,10.688,11.2575,1.9783
2026-02-25,1.1784,0.8714,184.7,0.913,1.6617,1.6133,10.6765,11.2955,1.9727
2026-02-26,1.1814,0.8719,184.37,0.914,1.6592,1.6155,10.673,11.293,1.9721
2026-02-27,1.1805,0.8763,184.13,0.9104,1.6612,1.6139,10.6643,11.2085,1.9731
2026-03-02,1.1698,0.8739,184.19,0.9117,1.6579,1.5991,10.708,11.191,1.9709
2026-03-03,1.1606,0.8717,182.98,0.9107,1.6534,1.5883,10.7265,11.2485,1.9688
2026-03-04,1.1649,0.8705,183.02,0.9082,1.6503,1.591,10.6785,11.2385,1.9674
2026-03-05,1.1618,0.8695,183.03,0.9064,1.649,1.5828,10.6885,11.214,1.9623
2026-03-06,1.1561,0.86693,182.57,0.9045,1.6501,1.5782,10.693,11.1725,1.9687
2026-03-09,1.1555,0.8653,183.15,0.9008,1.6465,1.568,10.6945,11.1545,1.9563
2026-03-10,1.1641,0.86545,183.67,0.9027,1.6355,1.5777,10.606,11.147,1.9596
2026-03-11,1.1581,0.86363,183.63,0.9031,1.6195,1.5742,10.6543,11.17,1.9571
2026-03-12,1.1547,0.86243,183.43,0.9028,1.619,1.5706,10.7108,11.1575,1.9588
2026-03-13,1.1476,0.86503,182.85,0.9034,1.6293,1.5726,10.7545,11.159,1.9691
2026-03-16,1.1478,0.86408,182.66,0.9041,1.6272,1.5703,10.769,11.149,1.9647
2026-03-17,1.1531,0.8643,183.29,0.9068,1.6227,1.5804,10.7055,11.073,1.9693
2026-03-18,1.15,0.86393,183.49,0.9073,1.6305,1.5774,10.7778,11.0205,1.9763
2026-03-19,1.1489,0.86388,182.46,0.9121,1.6403,1.577,10.8065,10.996,1.98
2026-03-20,1.1555,0.86438,183.46,0.9096,1.6351,1.5849,10.7825,11.029,1.9723
2026-03-23,1.1596,0.8642,183.86,0.9124,1.6519,1.5896,10.8328,11.285,1.9836
2026-03-24,1.1572,0.86541,183.91,0.9145,1.6652,1.591,10.8238,11.2305,1.9895
2026-03-25,1.1592,0.86558,184.27,0.9153,1.6647,1.5977,10.7715,11.2855,1.9921
2026-03-26,1.1539,0.86515,184.19,0.9151,1.6693,1.5964,10.8405,11.1265,1.9958
2026-03-27,1.1517,0.8672,184.16,0.9178,1.6731,1.5974,10.878,11.1885,2.0019
2026-03-30,1.1484,0.86803,183.12,0.9187,1.674,1.5987,10.906,11.198,2.0068
2026-03-31,1.1498,0.86833,183.39,0.9194,1.6693,1.6022,10.943,11.2125,2.0061
2026-04-01,1.1605,0.87113,183.73,0.9191,1.6689,1.6124,10.888,11.208,2.0102
2026-04-02,1.1525,0.87253,183.94,0.9213,1.6771,1.603,10.948,11.2285,2.0191
2026-04-07,1.1557,0.87258,184.73,0.9242,1.6665,1.6078,10.99,11.183,2.0267
2026-04-08,1.1706,0.86893,185.13,0.9223,1.6589,1.6225,10.784,11.1535,2.0055
2026-04-09,1.1685,0.87053,185.7,0.924,1.6593,1.6175,10.8765,11.1265,2.0019
2026-04-10,1.1711,0.87105,186.43,0.9241,1.6561,1.6187,10.836,11.1165,2.0034
2026-04-13,1.1684,0.87058,186.75,0.9242,1.661,1.6177,10.892,11.098,2.0081
2026-04-14,1.1793,0.86913,187.33,0.921,1.6558,1.6225,10.798,11.101,1.9992
2026-04-15,1.178,0.86935,187.41,0.922,1.6507,1.6235,10.85,11.12,1.9978
2026-04-16,1.1782,0.86993,187.31,0.923,1.6425,1.6174,10.804,11.048,1.9986
2026-04-17,1.1797,0.87168,187.72,0.9231,1.6438,1.6129,10.803,11.017,2.0032
2026-04-20,1.176,0.87045,186.88,0.9189,1.6432,1.6105,10.7685,10.9745,2.0003
2026-04-21,1.1767,0.87035,187.14,0.9172,1.6423,1.607,10.7495,10.967,1.9907
2026-04-22,1.1733,0.86903,186.81,0.9175,1.6404,1.6034,10.776,10.912,1.9866
2026-04-23,1.1694,0.86575,186.5,0.9177,1.6347,1.5986,10.7795,10.913,1.9861
2026-04-24,1.1712,0.86803,186.71,0.9199,1.6393,1.6023,10.82,10.9525,1.9939
2026-04-27,1.1749,0.8658,187.06,0.921,1.6337,1.5979,10.7885,10.883,1.9851
2026-04-28,1.168,0.86715,186.58,0.9238,1.6327,1.5974,10.8485,10.8875,1.9905
2026-04-29,1.1706,0.86643,187.05,0.9236,1.6344,1.6007,10.8405,10.862,1.9981
2026-04-30,1.1702,0.86625,183.21,0.919,1.6371,1.5994,10.8555,10.9123,1.9957
2026-05-04,1.17,0.86358,183.83,0.9173,1.6289,1.593,10.835,10.828,1.9874
2026-05-05,1.1686,0.86343,184.42,0.9165,1.6299,1.591,10.84,10.8055,1.9876
2026-05-06,1.1762,0.8637,183.74,0.9165,1.6238,1.5999,10.8335,10.898,1.9713
2026-05-07,1.177,0.8641,184.07,0.9157,1.6219,1.604,10.825,10.8675,1.9686
2026-05-08,1.1761,0.8641,184.37,0.9156,1.6259,1.6063,10.842,10.8215,1.9735
2026-05-11,1.1765,0.86488,184.87,0.9163,1.6249,1.6079,10.8765,10.8275,1.9785
2026-05-12,1.1738,0.86803,184.98,0.9172,1.6252,1.6088,10.8935,10.771,1.9743
2026-05-13,1.1715,0.86713,184.83,0.9155,1.6158,1.6039,10.915,10.7415,1.9749
2026-05-14,1.1702,0.86618,184.83,0.915,1.6162,1.606,10.9145,10.798,1.9734
2026-05-15,1.1628,0.8705,184.36,0.9144,1.6265,1.5995,10.982,10.845,1.9908
2026-05-18,1.1648,0.8702,184.93,0.9144,1.6256,1.6006,10.9465,10.8005,1.9858
2026-05-19,1.162,0.86671,184.89,0.915,1.6327,1.5985,10.909,10.7635,1.988
2026-05-20,1.16,0.86555,184.48,0.9165,1.6271,1.5959,10.8775,10.764,1.9841
2026-05-21,1.1599,0.86433,184.59,0.9145,1.6273,1.5972,10.8615,10.7075,1.9802
2026-05-22,1.1595,0.86418,184.53,0.9119,1.6283,1.6002,10.8695,10.7295,1.9817
2026-05-25,1.1643,0.86255,185.04,0.9099,1.624,1.6082,10.7965,10.766,1.982
2026-05-26,1.1634,0.86375,185.22,0.9136,1.6236,1.6069,10.8245,10.772,1.9913
2026-05-27,1.1637,0.86618,185.52,0.9153,1.6321,1.6099,10.7895,10.797,1.9774
2026-05-28,1.1617,0.86665,185.24,0.9167,1.6318,1.6094,10.8215,10.794,1.9713
2026-05-29,1.1644,0.86723,185.45,0.9111,1.6238,1.6074,10.772,10.7735,1.9491
2026-06-01,1.1646,0.86493,185.74,0.9128,1.6234,1.6106,10.789,10.7885,1.9558
2026-06-02,1.1649,0.86465,186.09,0.9149,1.6221,1.6119,10.825,10.8,1.9618
2026-06-03,1.1614,0.8637,185.66,0.9167,1.6218,1.6094,10.884,10.7935,1.9695
2026-06-04,1.164,0.8649,186.01,0.9168,1.6297,1.6176,10.8803,10.8445,1.9791
2026-06-05,1.164,0.86433,186.08,0.9175,1.6301,1.6159,10.8675,10.8445,1.9806
2026-06-08,1.154,0.8636,184.6,0.9187,1.6311,1.6083,10.876,10.9165,1.9792
2026-06-09,1.1573,0.8634,185.35,0.9206,1.6391,1.6111,10.885,10.9345,1.981
2026-06-10,1.1539,0.86228,185.19,0.9222,1.6475,1.6073,10.9655,10.952,1.9879
2026-06-11,1.1537,0.8633,185.21,0.9221,1.6487,1.6127,10.9935,10.9895,1.994
2026-06-12,1.1567,0.86305,185.3,0.9217,1.6442,1.618,10.928,11.0255,1.986
2026-06-15,1.1607,0.86483,185.93,0.9212,1.6424,1.6228,10.8975,11.0555,1.9882
2026-06-16,1.1594,0.86471,185.94,0.9224,1.6411,1.6248,10.897,11.0465,1.9906
2026-06-17,1.1591,0.86463,185.82,0.9193,1.6418,1.6241,10.891,11.008,1.9952
2026-06-18,1.1461,0.86638,184.44,0.9218,1.6362,1.6189,10.9845,11.105,1.9889
2026-06-19,1.1467,0.86653,184.88,0.9248,1.6348,1.6228,10.974,11.1045,1.9967
2026-06-22,1.1456,0.86468,185.33,0.9257,1.6346,1.6223,10.998,11.074,1.9991
2026-06-23,1.1392,0.862,184.02,0.9225,1.6423,1.6162,11.0585,11.143,2.0065
2026-06-24,1.134,0.86165,183.35,0.9216,1.6436,1.614,11.085,11.157,2.0096
2026-06-25,1.1342,0.86183,183.57,0.9223,1.6454,1.6151,11.069,11.2175,2.0115
2026-06-26,1.1401,0.86253,184.3,0.9218,1.6518,1.6169,11.0775,11.3035,2.0181
2026-06-29,1.1406,0.86215,184.62,0.9222,1.6531,1.6201,11.0865,11.3295,2.0175
2026-06-30,1.1394,0.86178,185.08,0.9224,1.6544,1.622,11.0935,11.3105,2.0136
2026-07-01,1.1383,0.85973,185.21,0.9234,1.6518,1.6191,11.0955,11.3125,2.0069
2026-07-02,1.1399,0.85665,184.19,0.92,1.6546,1.6203,11.0775,11.2885,2.0101
2026-07-03,1.1448,0.8572,184.48,0.919,1.65,1.6258,11.0315,11.269,2.0049
2026-07-06,1.1415,0.85538,185.31,0.9201,1.6462,1.6236,11.015,11.234,2.0079
2026-07-07,1.1433,0.85411,185.09,0.9218,1.6455,1.6255,11.0443,11.214,2.0088
2026-07-08,1.1404,0.85435,185.3,0.9222,1.6471,1.6176,11.0565,11.136,2.0019
2026-07-09,1.1435,0.85363,185.72,0.9227,1.6478,1.6202,11.062,11.1305,1.9916
2026-07-10,1.143,0.85155,185.02,0.9223,1.6447,1.6177,11.0145,11.1485,1.9808
2026-07-13,1.1424,0.8533,185.23,0.9253,1.6454,1.6148,11.027,11.1595,1.977
2026-07-14,1.1405,0.85215,185.01,0.9257,1.6428,1.6095,11.036,11.077,1.9662
2026-07-15,1.1406,0.85093,185.22,0.9256,1.6335,1.6053,11.0473,11.096,1.9608
2026-07-16,1.1467,0.84873,185.99,0.925,1.6362,1.6082,11.0285,11.064,1.9583
2026-07-17,1.1435,0.85098,185.65,0.9228,1.6394,1.6035,11.0405,11.039,1.9609
2026-07-20,1.1426,0.84888,185.54,0.9236,1.6307,1.6032,11.045,11.042,1.952
2026-07-21,1.1418,0.85205,185.82,0.9259,1.6276,1.6069,11.0485,10.987,1.9533
2026-07-22,1.1408,0.8534,186.03,0.9268,1.6312,1.6071,11.0775,10.947,1.9608
2026-07-23,1.1392,0.85318,186.23,0.9295,1.6291,1.6034,11.0955,10.9525,1.9689
2026-07-24,1.1377,0.85388,186.38,0.9302,1.6281,1.6026,11.055,10.888,1.9656
2026-07-27,1.1389,0.85524,186.37,0.9284,1.6271,1.6064,11.0445,10.9845,1.9663
2026-07-28,1.1367,0.8555,186.32,0.9319,1.6312,1.6036,11.0625,11.0055,1.9693
2026-07-29,1.138,0.85635,186.27,0.9332,1.6397,1.6051,11.053,10.998,1.9709
2026-07-30,1.1476,0.85715,186.99,0.9324,1.6439,1.6119,11.0098,10.9758,1.9646
2026-07-31,1.1485,0.85573,184.03,0.9304,1.6365,1.6126,10.9855,10.942,1.9589
2026-08-03,1.1535,0.85633,180.73,0.932,1.6463,1.6181,10.9845,10.9965,1.9636
2026-08-04,1.1515,0.85639,181.26,0.9319,1.6377,1.6191,10.9925,10.9925,1.9568
2026-08-05,1.1554,0.8572,182.08,0.9345,1.6385,1.623,10.9635,10.9835,1.968
2026-08-06,1.1542,0.85705,182.17,0.9346,1.639,1.6156,10.924,11.0003,1.9619
2026-08-07,1.1535,0.85765,182.64,0.9347,1.6384,1.616,10.9455,10.975,1.9646
2026-08-10,1.1555,0.85565,183.31,0.934,1.6359,1.6108,10.9655,10.986,1.9613
2026-08-11,1.154,0.85483,183.72,0.9351,1.6336,1.6084,10.9635,10.9705,1.9626
2026-08-12,1.1545,0.85358,183.67,0.9366,1.6327,1.6077,10.9965,10.936,1.9675
2026-08-13,1.1534,0.8549,183.77,0.9373,1.6356,1.6089,11.0285,10.986,1.9735
2026-08-14,1.1567,0.8545,183.93,0.939,1.6333,1.6049,10.999,10.9325,1.9642
2026-08-17,1.1593,0.855,184.59,0.9389,1.6271,1.6067,11.001,10.9235,1.9593
2026-08-18,1.1576,0.85585,184.87,0.9406,1.6278,1.606,11.026,10.9025,1.9672
2026-08-19,1.1605,0.85608,184.62,0.9402,1.6401,1.6098,11.0385,10.9105,1.9738
2026-08-20,1.1681,0.85725,185.45,0.9333,1.6438,1.6085,11.0875,10.9025,1.9657
2026-08-21,1.1699,0.8567,185.66,0.9353,1.6321,1.6074,11.0625,10.8675,1.9541
2026-08-24,1.1664,0.8555,185.6,0.9362,1.6287,1.6154,11.0805,10.8645,1.9567
2026-08-25,1.1662,0.8555,185.7,0.9361,1.6303,1.6163,11.0668,10.892,1.9547
2026-08-26,1.1669,0.85613,185.62,0.938,1.6241,1.6176,11.0785,10.8845,1.9582
2026-08-27,1.1645,0.8574,185.61,0.9376,1.6196,1.6151,11.0835,10.877,1.9566
2026-08-28,1.1643,0.8572,185.92,0.9364,1.6183,1.613,11.0885,10.8595,1.9585
2026-08-31,1.1596,0.85648,185.22,0.9376,1.6191,1.6102,11.11,10.832,1.9599
2026-09-01,1.159,0.85655,185.63,0.9394,1.623,1.6096,11.1145,10.8185,1.9674
2026-09-02,1.1578,0.8587,184.78,0.9424,1.6199,1.6122,11.1575,10.809,1.9868
2026-09-03,1.1615,0.86055,181.21,0.939,1.6147,1.6019,11.1245,10.8063,1.978
2026-09-04,1.1622,0.85898,181.59,0.9405,1.6134,1.6038,11.1005,10.8035,1.9755
2026-09-07,1.1622,0.85894,179.85,0.9405,1.6109,1.6062,11.162,10.774,1.978
2026-09-08,1.1614,0.8574,179.2,0.9425,1.6098,1.6033,11.152,10.745,1.9877
2026-09-09,1.1652,0.85898,178.59,0.9404,1.6128,1.6043,11.1495,10.6975,1.9903
2026-09-10,1.1616,0.85915,179.09,0.9432,1.6167,1.6049,11.1995,10.7635,1.994
2026-09-11,1.1592,0.85815,178.56,0.9451,1.6161,1.6064,11.2373,10.7805,1.9914
2026-09-14,1.1551,0.85598,178.52,0.9431,1.6202,1.6041,11.281,10.767,2.0012
2026-09-15,1.1539,0.8558,178.86,0.9441,1.6194,1.6062,11.274,10.785,2.0042
2026-09-16,1.1537,0.8574,178.88,0.9449,1.6176,1.6082,11.2875,10.7885,2.0021
2026-09-17,1.1481,0.8583,178.75,0.9466,1.6139,1.6068,11.2715,10.825,1.9993
2026-09-18,1.146,0.8588,180.94,0.9462,1.6095,1.6056,11.2915,10.8095,2.0068
2026-09-21,1.149,0.8578,180.7,0.9438,1.6098,1.6091,11.275,10.813,2.0035
2026-09-22,1.1463,0.8578,180.17,0.9393,1.6122,1.6099,11.2463,10.801,2.0003
2026-09-23,1.1411,0.8595,180.2,0.939,1.6146,1.6077,11.272,10.799,2.0049
2026-09-24,1.1367,0.85986,180.57,0.9409,1.6177,1.6047,11.2645,10.7895,2.0049
2026-09-25,1.1403,0.86045,179.7,0.9445,1.622,1.6127,11.29,10.84,2.0108
2026-09-28,1.1378,0.85785,178.5,0.9464,1.6199,1.6118,11.3205,10.817,2.0071
2026-09-29,1.1355,0.85718,178.41,0.9461,1.6211,1.6101,11.321,10.8735,2.0076
2026-09-30,1.1355,0.85463,178.27,0.9478,1.6297,1.6105,11.331,10.9015,2.0115
